{"type":"FeatureCollection","features":[{"type":"Feature","id":"manzana:UV-101-001","properties":{"id":"manzana:UV-101-001","codigo":"UV-101-001","nombre":"","tipo":"manzana","version_capa":"samples-sinteticas","fuente":"sintético","distrito_id":"distrito_municipal:D01","unidad_vecinal_id":"unidad_vecinal:UV-101"},"geometry":{"type":"Polygon","coordinates":[[[-63.2034663,-17.7866697],[-63.202523,-17.7866697],[-63.202523,-17.7857654],[-63.2034663,-17.7857654],[-63.2034663,-17.7866697]]]}},{"type":"Feature","id":"manzana:UV-101-002","properties":{"id":"manzana:UV-101-002","codigo":"UV-101-002","nombre":"","tipo":"manzana","version_capa":"samples-sinteticas","fuente":"sintético","distrito_id":"distrito_municipal:D01","unidad_vecinal_id":"unidad_vecinal:UV-101"},"geometry":{"type":"Polygon","coordinates":[[[-63.2034663,-17.7855393],[-63.202523,-17.7855393],[-63.202523,-17.7846349],[-63.2034663,-17.7846349],[-63.2034663,-17.7855393]]]}},{"type":"Feature","id":"manzana:UV-101-003","properties":{"id":"manzana:UV-101-003","codigo":"UV-101-003","nombre":"","tipo":"manzana","version_capa":"samples-sinteticas","fuente":"sintético","distrito_id":"distrito_municipal:D01","unidad_vecinal_id":"unidad_vecinal:UV-101"},"geometry":{"type":"Polygon","coordinates":[[[-63.2034663,-17.7844088],[-63.202523,-17.7844088],[-63.202523,-17.7835044],[-63.2034663,-17.7835044],[-63.2034663,-17.7844088]]]}},{"type":"Feature","id":"manzana:UV-101-004","properties":{"id":"manzana:UV-101-004","codigo":"UV-101-004","nombre":"","tipo":"manzana","version_capa":"samples-sinteticas","fuente":"sintético","distrito_id":"distrito_municipal:D01","unidad_vecinal_id":"unidad_vecinal:UV-101"},"geometry":{"type":"Polygon","coordinates":[[[-63.2034663,-17.7832783],[-63.202523,-17.7832783],[-63.202523,-17.782374],[-63.2034663,-17.782374],[-63.2034663,-17.7832783]]]}},{"type":"Feature","id":"manzana:UV-101-005","properties":{"id":"manzana:UV-101-005","codigo":"UV-101-005","nombre":"","tipo":"manzana","version_capa":"samples-sinteticas","fuente":"sintético","distrito_id":"distrito_municipal:D01","unidad_vecinal_id":"unidad_vecinal:UV-101"},"geometry":{"type":"Polygon","coordinates":[[[-63.2034663,-17.7821479],[-63.202523,-17.7821479],[-63.202523,-17.7812435],[-63.2034663,-17.7812435],[-63.2034663,-17.7821479]]]}},{"type":"Feature","id":"manzana:UV-101-006","properties":{"id":"manzana:UV-101-006","codigo":"UV-101-006","nombre":"","tipo":"manzana","version_capa":"samples-sinteticas","fuente":"sintético","distrito_id":"distrito_municipal:D01","unidad_vecinal_id":"unidad_vecinal:UV-101"},"geometry":{"type":"Polygon","coordinates":[[[-63.2034663,-17.7810174],[-63.202523,-17.7810174],[-63.202523,-17.780113],[-63.2034663,-17.780113],[-63.2034663,-17.7810174]]]}},{"type":"Feature","id":"manzana:UV-101-007","properties":{"id":"manzana:UV-101-007","codigo":"UV-101-007","nombre":"","tipo":"manzana","version_capa":"samples-sinteticas","fuente":"sintético","distrito_id":"distrito_municipal:D01","unidad_vecinal_id":"unidad_vecinal:UV-101"},"geometry":{"type":"Polygon","coordinates":[[[-63.2034663,-17.779887],[-63.202523,-17.779887],[-63.202523,-17.7789826],[-63.2034663,-17.7789826],[-63.2034663,-17.779887]]]}},{"type":"Feature","id":"manzana:UV-101-008","properties":{"id":"manzana:UV-101-008","codigo":"UV-101-008","nombre":"","tipo":"manzana","version_capa":"samples-sinteticas","fuente":"sintético","distrito_id":"distrito_municipal:D01","unidad_vecinal_id":"unidad_vecinal:UV-101"},"geometry":{"type":"Polygon","coordinates":[[[-63.2034663,-17.7787565],[-63.202523,-17.7787565],[-63.202523,-17.7778521],[-63.2034663,-17.7778521],[-63.2034663,-17.7787565]]]}},{"type":"Feature","id":"manzana:UV-101-009","properties":{"id":"manzana:UV-101-009","codigo":"UV-101-009","nombre":"","tipo":"manzana","version_capa":"samples-sinteticas","fuente":"sintético","distrito_id":"distrito_municipal:D01","unidad_vecinal_id":"unidad_vecinal:UV-101"},"geometry":{"type":"Polygon","coordinates":[[[-63.2034663,-17.777626],[-63.202523,-17.777626],[-63.202523,-17.7767217],[-63.2034663,-17.7767217],[-63.2034663,-17.777626]]]}},{"type":"Feature","id":"manzana:UV-101-010","properties":{"id":"manzana:UV-101-010","codigo":"UV-101-010","nombre":"","tipo":"manzana","version_capa":"samples-sinteticas","fuente":"sintético","distrito_id":"distrito_municipal:D01","unidad_vecinal_id":"unidad_vecinal:UV-101"},"geometry":{"type":"Polygon","coordinates":[[[-63.2034663,-17.7764956],[-63.202523,-17.7764956],[-63.202523,-17.7755912],[-63.2034663,-17.7755912],[-63.2034663,-17.7764956]]]}},{"type":"Feature","id":"manzana:UV-101-011","properties":{"id":"manzana:UV-101-011","codigo":"UV-101-011","nombre":"","tipo":"manzana","version_capa":"samples-sinteticas","fuente":"sintético","distrito_id":"distrito_municipal:D01","unidad_vecinal_id":"unidad_vecinal:UV-101"},"geometry":{"type":"Polygon","coordinates":[[[-63.2034663,-17.7753651],[-63.202523,-17.7753651],[-63.202523,-17.7744607],[-63.2034663,-17.7744607],[-63.2034663,-17.7753651]]]}},{"type":"Feature","id":"manzana:UV-101-012","properties":{"id":"manzana:UV-101-012","codigo":"UV-101-012","nombre":"","tipo":"manzana","version_capa":"samples-sinteticas","fuente":"sintético","distrito_id":"distrito_municipal:D01","unidad_vecinal_id":"unidad_vecinal:UV-101"},"geometry":{"type":"Polygon","coordinates":[[[-63.2034663,-17.7742346],[-63.202523,-17.7742346],[-63.202523,-17.7733303],[-63.2034663,-17.7733303],[-63.2034663,-17.7742346]]]}},{"type":"Feature","id":"manzana:UV-101-013","properties":{"id":"manzana:UV-101-013","codigo":"UV-101-013","nombre":"","tipo":"manzana","version_capa":"samples-sinteticas","fuente":"sintético","distrito_id":"distrito_municipal:D01","unidad_vecinal_id":"unidad_vecinal:UV-101"},"geometry":{"type":"Polygon","coordinates":[[[-63.2022871,-17.7866697],[-63.2013438,-17.7866697],[-63.2013438,-17.7857654],[-63.2022871,-17.7857654],[-63.2022871,-17.7866697]]]}},{"type":"Feature","id":"manzana:UV-101-014","properties":{"id":"manzana:UV-101-014","codigo":"UV-101-014","nombre":"","tipo":"manzana","version_capa":"samples-sinteticas","fuente":"sintético","distrito_id":"distrito_municipal:D01","unidad_vecinal_id":"unidad_vecinal:UV-101"},"geometry":{"type":"Polygon","coordinates":[[[-63.2022871,-17.7855393],[-63.2013438,-17.7855393],[-63.2013438,-17.7846349],[-63.2022871,-17.7846349],[-63.2022871,-17.7855393]]]}},{"type":"Feature","id":"manzana:UV-101-015","properties":{"id":"manzana:UV-101-015","codigo":"UV-101-015","nombre":"","tipo":"manzana","version_capa":"samples-sinteticas","fuente":"sintético","distrito_id":"distrito_municipal:D01","unidad_vecinal_id":"unidad_vecinal:UV-101"},"geometry":{"type":"Polygon","coordinates":[[[-63.2022871,-17.7844088],[-63.2013438,-17.7844088],[-63.2013438,-17.7835044],[-63.2022871,-17.7835044],[-63.2022871,-17.7844088]]]}},{"type":"Feature","id":"manzana:UV-101-016","properties":{"id":"manzana:UV-101-016","codigo":"UV-101-016","nombre":"","tipo":"manzana","version_capa":"samples-sinteticas","fuente":"sintético","distrito_id":"distrito_municipal:D01","unidad_vecinal_id":"unidad_vecinal:UV-101"},"geometry":{"type":"Polygon","coordinates":[[[-63.2022871,-17.7832783],[-63.2013438,-17.7832783],[-63.2013438,-17.782374],[-63.2022871,-17.782374],[-63.2022871,-17.7832783]]]}},{"type":"Feature","id":"manzana:UV-101-017","properties":{"id":"manzana:UV-101-017","codigo":"UV-101-017","nombre":"","tipo":"manzana","version_capa":"samples-sinteticas","fuente":"sintético","distrito_id":"distrito_municipal:D01","unidad_vecinal_id":"unidad_vecinal:UV-101"},"geometry":{"type":"Polygon","coordinates":[[[-63.2022871,-17.7821479],[-63.2013438,-17.7821479],[-63.2013438,-17.7812435],[-63.2022871,-17.7812435],[-63.2022871,-17.7821479]]]}},{"type":"Feature","id":"manzana:UV-101-018","properties":{"id":"manzana:UV-101-018","codigo":"UV-101-018","nombre":"","tipo":"manzana","version_capa":"samples-sinteticas","fuente":"sintético","distrito_id":"distrito_municipal:D01","unidad_vecinal_id":"unidad_vecinal:UV-101"},"geometry":{"type":"Polygon","coordinates":[[[-63.2022871,-17.7810174],[-63.2013438,-17.7810174],[-63.2013438,-17.780113],[-63.2022871,-17.780113],[-63.2022871,-17.7810174]]]}},{"type":"Feature","id":"manzana:UV-101-019","properties":{"id":"manzana:UV-101-019","codigo":"UV-101-019","nombre":"","tipo":"manzana","version_capa":"samples-sinteticas","fuente":"sintético","distrito_id":"distrito_municipal:D01","unidad_vecinal_id":"unidad_vecinal:UV-101"},"geometry":{"type":"Polygon","coordinates":[[[-63.2022871,-17.779887],[-63.2013438,-17.779887],[-63.2013438,-17.7789826],[-63.2022871,-17.7789826],[-63.2022871,-17.779887]]]}},{"type":"Feature","id":"manzana:UV-101-020","properties":{"id":"manzana:UV-101-020","codigo":"UV-101-020","nombre":"","tipo":"manzana","version_capa":"samples-sinteticas","fuente":"sintético","distrito_id":"distrito_municipal:D01","unidad_vecinal_id":"unidad_vecinal:UV-101"},"geometry":{"type":"Polygon","coordinates":[[[-63.2022871,-17.7787565],[-63.2013438,-17.7787565],[-63.2013438,-17.7778521],[-63.2022871,-17.7778521],[-63.2022871,-17.7787565]]]}},{"type":"Feature","id":"manzana:UV-101-021","properties":{"id":"manzana:UV-101-021","codigo":"UV-101-021","nombre":"","tipo":"manzana","version_capa":"samples-sinteticas","fuente":"sintético","distrito_id":"distrito_municipal:D01","unidad_vecinal_id":"unidad_vecinal:UV-101"},"geometry":{"type":"Polygon","coordinates":[[[-63.2022871,-17.777626],[-63.2013438,-17.777626],[-63.2013438,-17.7767217],[-63.2022871,-17.7767217],[-63.2022871,-17.777626]]]}},{"type":"Feature","id":"manzana:UV-101-022","properties":{"id":"manzana:UV-101-022","codigo":"UV-101-022","nombre":"","tipo":"manzana","version_capa":"samples-sinteticas","fuente":"sintético","distrito_id":"distrito_municipal:D01","unidad_vecinal_id":"unidad_vecinal:UV-101"},"geometry":{"type":"Polygon","coordinates":[[[-63.2022871,-17.7764956],[-63.2013438,-17.7764956],[-63.2013438,-17.7755912],[-63.2022871,-17.7755912],[-63.2022871,-17.7764956]]]}},{"type":"Feature","id":"manzana:UV-101-023","properties":{"id":"manzana:UV-101-023","codigo":"UV-101-023","nombre":"","tipo":"manzana","version_capa":"samples-sinteticas","fuente":"sintético","distrito_id":"distrito_municipal:D01","unidad_vecinal_id":"unidad_vecinal:UV-101"},"geometry":{"type":"Polygon","coordinates":[[[-63.2022871,-17.7753651],[-63.2013438,-17.7753651],[-63.2013438,-17.7744607],[-63.2022871,-17.7744607],[-63.2022871,-17.7753651]]]}},{"type":"Feature","id":"manzana:UV-101-024","properties":{"id":"manzana:UV-101-024","codigo":"UV-101-024","nombre":"","tipo":"manzana","version_capa":"samples-sinteticas","fuente":"sintético","distrito_id":"distrito_municipal:D01","unidad_vecinal_id":"unidad_vecinal:UV-101"},"geometry":{"type":"Polygon","coordinates":[[[-63.2022871,-17.7742346],[-63.2013438,-17.7742346],[-63.2013438,-17.7733303],[-63.2022871,-17.7733303],[-63.2022871,-17.7742346]]]}},{"type":"Feature","id":"manzana:UV-101-025","properties":{"id":"manzana:UV-101-025","codigo":"UV-101-025","nombre":"","tipo":"manzana","version_capa":"samples-sinteticas","fuente":"sintético","distrito_id":"distrito_municipal:D01","unidad_vecinal_id":"unidad_vecinal:UV-101"},"geometry":{"type":"Polygon","coordinates":[[[-63.2011079,-17.7866697],[-63.2001645,-17.7866697],[-63.2001645,-17.7857654],[-63.2011079,-17.7857654],[-63.2011079,-17.7866697]]]}},{"type":"Feature","id":"manzana:UV-101-026","properties":{"id":"manzana:UV-101-026","codigo":"UV-101-026","nombre":"","tipo":"manzana","version_capa":"samples-sinteticas","fuente":"sintético","distrito_id":"distrito_municipal:D01","unidad_vecinal_id":"unidad_vecinal:UV-101"},"geometry":{"type":"Polygon","coordinates":[[[-63.2011079,-17.7855393],[-63.2001645,-17.7855393],[-63.2001645,-17.7846349],[-63.2011079,-17.7846349],[-63.2011079,-17.7855393]]]}},{"type":"Feature","id":"manzana:UV-101-027","properties":{"id":"manzana:UV-101-027","codigo":"UV-101-027","nombre":"","tipo":"manzana","version_capa":"samples-sinteticas","fuente":"sintético","distrito_id":"distrito_municipal:D01","unidad_vecinal_id":"unidad_vecinal:UV-101"},"geometry":{"type":"Polygon","coordinates":[[[-63.2011079,-17.7844088],[-63.2001645,-17.7844088],[-63.2001645,-17.7835044],[-63.2011079,-17.7835044],[-63.2011079,-17.7844088]]]}},{"type":"Feature","id":"manzana:UV-101-028","properties":{"id":"manzana:UV-101-028","codigo":"UV-101-028","nombre":"","tipo":"manzana","version_capa":"samples-sinteticas","fuente":"sintético","distrito_id":"distrito_municipal:D01","unidad_vecinal_id":"unidad_vecinal:UV-101"},"geometry":{"type":"Polygon","coordinates":[[[-63.2011079,-17.7832783],[-63.2001645,-17.7832783],[-63.2001645,-17.782374],[-63.2011079,-17.782374],[-63.2011079,-17.7832783]]]}},{"type":"Feature","id":"manzana:UV-101-029","properties":{"id":"manzana:UV-101-029","codigo":"UV-101-029","nombre":"","tipo":"manzana","version_capa":"samples-sinteticas","fuente":"sintético","distrito_id":"distrito_municipal:D01","unidad_vecinal_id":"unidad_vecinal:UV-101"},"geometry":{"type":"Polygon","coordinates":[[[-63.2011079,-17.7821479],[-63.2001645,-17.7821479],[-63.2001645,-17.7812435],[-63.2011079,-17.7812435],[-63.2011079,-17.7821479]]]}},{"type":"Feature","id":"manzana:UV-101-030","properties":{"id":"manzana:UV-101-030","codigo":"UV-101-030","nombre":"","tipo":"manzana","version_capa":"samples-sinteticas","fuente":"sintético","distrito_id":"distrito_municipal:D01","unidad_vecinal_id":"unidad_vecinal:UV-101"},"geometry":{"type":"Polygon","coordinates":[[[-63.2011079,-17.7810174],[-63.2001645,-17.7810174],[-63.2001645,-17.780113],[-63.2011079,-17.780113],[-63.2011079,-17.7810174]]]}},{"type":"Feature","id":"manzana:UV-101-031","properties":{"id":"manzana:UV-101-031","codigo":"UV-101-031","nombre":"","tipo":"manzana","version_capa":"samples-sinteticas","fuente":"sintético","distrito_id":"distrito_municipal:D01","unidad_vecinal_id":"unidad_vecinal:UV-101"},"geometry":{"type":"Polygon","coordinates":[[[-63.2011079,-17.779887],[-63.2001645,-17.779887],[-63.2001645,-17.7789826],[-63.2011079,-17.7789826],[-63.2011079,-17.779887]]]}},{"type":"Feature","id":"manzana:UV-101-032","properties":{"id":"manzana:UV-101-032","codigo":"UV-101-032","nombre":"","tipo":"manzana","version_capa":"samples-sinteticas","fuente":"sintético","distrito_id":"distrito_municipal:D01","unidad_vecinal_id":"unidad_vecinal:UV-101"},"geometry":{"type":"Polygon","coordinates":[[[-63.2011079,-17.7787565],[-63.2001645,-17.7787565],[-63.2001645,-17.7778521],[-63.2011079,-17.7778521],[-63.2011079,-17.7787565]]]}},{"type":"Feature","id":"manzana:UV-101-033","properties":{"id":"manzana:UV-101-033","codigo":"UV-101-033","nombre":"","tipo":"manzana","version_capa":"samples-sinteticas","fuente":"sintético","distrito_id":"distrito_municipal:D01","unidad_vecinal_id":"unidad_vecinal:UV-101"},"geometry":{"type":"Polygon","coordinates":[[[-63.2011079,-17.777626],[-63.2001645,-17.777626],[-63.2001645,-17.7767217],[-63.2011079,-17.7767217],[-63.2011079,-17.777626]]]}},{"type":"Feature","id":"manzana:UV-101-034","properties":{"id":"manzana:UV-101-034","codigo":"UV-101-034","nombre":"","tipo":"manzana","version_capa":"samples-sinteticas","fuente":"sintético","distrito_id":"distrito_municipal:D01","unidad_vecinal_id":"unidad_vecinal:UV-101"},"geometry":{"type":"Polygon","coordinates":[[[-63.2011079,-17.7764956],[-63.2001645,-17.7764956],[-63.2001645,-17.7755912],[-63.2011079,-17.7755912],[-63.2011079,-17.7764956]]]}},{"type":"Feature","id":"manzana:UV-101-035","properties":{"id":"manzana:UV-101-035","codigo":"UV-101-035","nombre":"","tipo":"manzana","version_capa":"samples-sinteticas","fuente":"sintético","distrito_id":"distrito_municipal:D01","unidad_vecinal_id":"unidad_vecinal:UV-101"},"geometry":{"type":"Polygon","coordinates":[[[-63.2011079,-17.7753651],[-63.2001645,-17.7753651],[-63.2001645,-17.7744607],[-63.2011079,-17.7744607],[-63.2011079,-17.7753651]]]}},{"type":"Feature","id":"manzana:UV-101-036","properties":{"id":"manzana:UV-101-036","codigo":"UV-101-036","nombre":"","tipo":"manzana","version_capa":"samples-sinteticas","fuente":"sintético","distrito_id":"distrito_municipal:D01","unidad_vecinal_id":"unidad_vecinal:UV-101"},"geometry":{"type":"Polygon","coordinates":[[[-63.2011079,-17.7742346],[-63.2001645,-17.7742346],[-63.2001645,-17.7733303],[-63.2011079,-17.7733303],[-63.2011079,-17.7742346]]]}},{"type":"Feature","id":"manzana:UV-101-037","properties":{"id":"manzana:UV-101-037","codigo":"UV-101-037","nombre":"","tipo":"manzana","version_capa":"samples-sinteticas","fuente":"sintético","distrito_id":"distrito_municipal:D01","unidad_vecinal_id":"unidad_vecinal:UV-101"},"geometry":{"type":"Polygon","coordinates":[[[-63.1999287,-17.7866697],[-63.1989853,-17.7866697],[-63.1989853,-17.7857654],[-63.1999287,-17.7857654],[-63.1999287,-17.7866697]]]}},{"type":"Feature","id":"manzana:UV-101-038","properties":{"id":"manzana:UV-101-038","codigo":"UV-101-038","nombre":"","tipo":"manzana","version_capa":"samples-sinteticas","fuente":"sintético","distrito_id":"distrito_municipal:D01","unidad_vecinal_id":"unidad_vecinal:UV-101"},"geometry":{"type":"Polygon","coordinates":[[[-63.1999287,-17.7855393],[-63.1989853,-17.7855393],[-63.1989853,-17.7846349],[-63.1999287,-17.7846349],[-63.1999287,-17.7855393]]]}},{"type":"Feature","id":"manzana:UV-101-039","properties":{"id":"manzana:UV-101-039","codigo":"UV-101-039","nombre":"","tipo":"manzana","version_capa":"samples-sinteticas","fuente":"sintético","distrito_id":"distrito_municipal:D01","unidad_vecinal_id":"unidad_vecinal:UV-101"},"geometry":{"type":"Polygon","coordinates":[[[-63.1999287,-17.7844088],[-63.1989853,-17.7844088],[-63.1989853,-17.7835044],[-63.1999287,-17.7835044],[-63.1999287,-17.7844088]]]}},{"type":"Feature","id":"manzana:UV-101-040","properties":{"id":"manzana:UV-101-040","codigo":"UV-101-040","nombre":"","tipo":"manzana","version_capa":"samples-sinteticas","fuente":"sintético","distrito_id":"distrito_municipal:D01","unidad_vecinal_id":"unidad_vecinal:UV-101"},"geometry":{"type":"Polygon","coordinates":[[[-63.1999287,-17.7832783],[-63.1989853,-17.7832783],[-63.1989853,-17.782374],[-63.1999287,-17.782374],[-63.1999287,-17.7832783]]]}},{"type":"Feature","id":"manzana:UV-101-041","properties":{"id":"manzana:UV-101-041","codigo":"UV-101-041","nombre":"","tipo":"manzana","version_capa":"samples-sinteticas","fuente":"sintético","distrito_id":"distrito_municipal:D01","unidad_vecinal_id":"unidad_vecinal:UV-101"},"geometry":{"type":"Polygon","coordinates":[[[-63.1999287,-17.7821479],[-63.1989853,-17.7821479],[-63.1989853,-17.7812435],[-63.1999287,-17.7812435],[-63.1999287,-17.7821479]]]}},{"type":"Feature","id":"manzana:UV-101-042","properties":{"id":"manzana:UV-101-042","codigo":"UV-101-042","nombre":"","tipo":"manzana","version_capa":"samples-sinteticas","fuente":"sintético","distrito_id":"distrito_municipal:D01","unidad_vecinal_id":"unidad_vecinal:UV-101"},"geometry":{"type":"Polygon","coordinates":[[[-63.1999287,-17.7810174],[-63.1989853,-17.7810174],[-63.1989853,-17.780113],[-63.1999287,-17.780113],[-63.1999287,-17.7810174]]]}},{"type":"Feature","id":"manzana:UV-101-043","properties":{"id":"manzana:UV-101-043","codigo":"UV-101-043","nombre":"","tipo":"manzana","version_capa":"samples-sinteticas","fuente":"sintético","distrito_id":"distrito_municipal:D01","unidad_vecinal_id":"unidad_vecinal:UV-101"},"geometry":{"type":"Polygon","coordinates":[[[-63.1999287,-17.779887],[-63.1989853,-17.779887],[-63.1989853,-17.7789826],[-63.1999287,-17.7789826],[-63.1999287,-17.779887]]]}},{"type":"Feature","id":"manzana:UV-101-044","properties":{"id":"manzana:UV-101-044","codigo":"UV-101-044","nombre":"","tipo":"manzana","version_capa":"samples-sinteticas","fuente":"sintético","distrito_id":"distrito_municipal:D01","unidad_vecinal_id":"unidad_vecinal:UV-101"},"geometry":{"type":"Polygon","coordinates":[[[-63.1999287,-17.7787565],[-63.1989853,-17.7787565],[-63.1989853,-17.7778521],[-63.1999287,-17.7778521],[-63.1999287,-17.7787565]]]}},{"type":"Feature","id":"manzana:UV-101-045","properties":{"id":"manzana:UV-101-045","codigo":"UV-101-045","nombre":"","tipo":"manzana","version_capa":"samples-sinteticas","fuente":"sintético","distrito_id":"distrito_municipal:D01","unidad_vecinal_id":"unidad_vecinal:UV-101"},"geometry":{"type":"Polygon","coordinates":[[[-63.1999287,-17.777626],[-63.1989853,-17.777626],[-63.1989853,-17.7767217],[-63.1999287,-17.7767217],[-63.1999287,-17.777626]]]}},{"type":"Feature","id":"manzana:UV-101-046","properties":{"id":"manzana:UV-101-046","codigo":"UV-101-046","nombre":"","tipo":"manzana","version_capa":"samples-sinteticas","fuente":"sintético","distrito_id":"distrito_municipal:D01","unidad_vecinal_id":"unidad_vecinal:UV-101"},"geometry":{"type":"Polygon","coordinates":[[[-63.1999287,-17.7764956],[-63.1989853,-17.7764956],[-63.1989853,-17.7755912],[-63.1999287,-17.7755912],[-63.1999287,-17.7764956]]]}},{"type":"Feature","id":"manzana:UV-101-047","properties":{"id":"manzana:UV-101-047","codigo":"UV-101-047","nombre":"","tipo":"manzana","version_capa":"samples-sinteticas","fuente":"sintético","distrito_id":"distrito_municipal:D01","unidad_vecinal_id":"unidad_vecinal:UV-101"},"geometry":{"type":"Polygon","coordinates":[[[-63.1999287,-17.7753651],[-63.1989853,-17.7753651],[-63.1989853,-17.7744607],[-63.1999287,-17.7744607],[-63.1999287,-17.7753651]]]}},{"type":"Feature","id":"manzana:UV-101-048","properties":{"id":"manzana:UV-101-048","codigo":"UV-101-048","nombre":"","tipo":"manzana","version_capa":"samples-sinteticas","fuente":"sintético","distrito_id":"distrito_municipal:D01","unidad_vecinal_id":"unidad_vecinal:UV-101"},"geometry":{"type":"Polygon","coordinates":[[[-63.1999287,-17.7742346],[-63.1989853,-17.7742346],[-63.1989853,-17.7733303],[-63.1999287,-17.7733303],[-63.1999287,-17.7742346]]]}},{"type":"Feature","id":"manzana:UV-101-049","properties":{"id":"manzana:UV-101-049","codigo":"UV-101-049","nombre":"","tipo":"manzana","version_capa":"samples-sinteticas","fuente":"sintético","distrito_id":"distrito_municipal:D01","unidad_vecinal_id":"unidad_vecinal:UV-101"},"geometry":{"type":"Polygon","coordinates":[[[-63.1987495,-17.7866697],[-63.1978061,-17.7866697],[-63.1978061,-17.7857654],[-63.1987495,-17.7857654],[-63.1987495,-17.7866697]]]}},{"type":"Feature","id":"manzana:UV-101-050","properties":{"id":"manzana:UV-101-050","codigo":"UV-101-050","nombre":"","tipo":"manzana","version_capa":"samples-sinteticas","fuente":"sintético","distrito_id":"distrito_municipal:D01","unidad_vecinal_id":"unidad_vecinal:UV-101"},"geometry":{"type":"Polygon","coordinates":[[[-63.1987495,-17.7855393],[-63.1978061,-17.7855393],[-63.1978061,-17.7846349],[-63.1987495,-17.7846349],[-63.1987495,-17.7855393]]]}},{"type":"Feature","id":"manzana:UV-101-051","properties":{"id":"manzana:UV-101-051","codigo":"UV-101-051","nombre":"","tipo":"manzana","version_capa":"samples-sinteticas","fuente":"sintético","distrito_id":"distrito_municipal:D01","unidad_vecinal_id":"unidad_vecinal:UV-101"},"geometry":{"type":"Polygon","coordinates":[[[-63.1987495,-17.7844088],[-63.1978061,-17.7844088],[-63.1978061,-17.7835044],[-63.1987495,-17.7835044],[-63.1987495,-17.7844088]]]}},{"type":"Feature","id":"manzana:UV-101-052","properties":{"id":"manzana:UV-101-052","codigo":"UV-101-052","nombre":"","tipo":"manzana","version_capa":"samples-sinteticas","fuente":"sintético","distrito_id":"distrito_municipal:D01","unidad_vecinal_id":"unidad_vecinal:UV-101"},"geometry":{"type":"Polygon","coordinates":[[[-63.1987495,-17.7832783],[-63.1978061,-17.7832783],[-63.1978061,-17.782374],[-63.1987495,-17.782374],[-63.1987495,-17.7832783]]]}},{"type":"Feature","id":"manzana:UV-101-053","properties":{"id":"manzana:UV-101-053","codigo":"UV-101-053","nombre":"","tipo":"manzana","version_capa":"samples-sinteticas","fuente":"sintético","distrito_id":"distrito_municipal:D01","unidad_vecinal_id":"unidad_vecinal:UV-101"},"geometry":{"type":"Polygon","coordinates":[[[-63.1987495,-17.7821479],[-63.1978061,-17.7821479],[-63.1978061,-17.7812435],[-63.1987495,-17.7812435],[-63.1987495,-17.7821479]]]}},{"type":"Feature","id":"manzana:UV-101-054","properties":{"id":"manzana:UV-101-054","codigo":"UV-101-054","nombre":"","tipo":"manzana","version_capa":"samples-sinteticas","fuente":"sintético","distrito_id":"distrito_municipal:D01","unidad_vecinal_id":"unidad_vecinal:UV-101"},"geometry":{"type":"Polygon","coordinates":[[[-63.1987495,-17.7810174],[-63.1978061,-17.7810174],[-63.1978061,-17.780113],[-63.1987495,-17.780113],[-63.1987495,-17.7810174]]]}},{"type":"Feature","id":"manzana:UV-101-055","properties":{"id":"manzana:UV-101-055","codigo":"UV-101-055","nombre":"","tipo":"manzana","version_capa":"samples-sinteticas","fuente":"sintético","distrito_id":"distrito_municipal:D01","unidad_vecinal_id":"unidad_vecinal:UV-101"},"geometry":{"type":"Polygon","coordinates":[[[-63.1987495,-17.779887],[-63.1978061,-17.779887],[-63.1978061,-17.7789826],[-63.1987495,-17.7789826],[-63.1987495,-17.779887]]]}},{"type":"Feature","id":"manzana:UV-101-056","properties":{"id":"manzana:UV-101-056","codigo":"UV-101-056","nombre":"","tipo":"manzana","version_capa":"samples-sinteticas","fuente":"sintético","distrito_id":"distrito_municipal:D01","unidad_vecinal_id":"unidad_vecinal:UV-101"},"geometry":{"type":"Polygon","coordinates":[[[-63.1987495,-17.7787565],[-63.1978061,-17.7787565],[-63.1978061,-17.7778521],[-63.1987495,-17.7778521],[-63.1987495,-17.7787565]]]}},{"type":"Feature","id":"manzana:UV-101-057","properties":{"id":"manzana:UV-101-057","codigo":"UV-101-057","nombre":"","tipo":"manzana","version_capa":"samples-sinteticas","fuente":"sintético","distrito_id":"distrito_municipal:D01","unidad_vecinal_id":"unidad_vecinal:UV-101"},"geometry":{"type":"Polygon","coordinates":[[[-63.1987495,-17.777626],[-63.1978061,-17.777626],[-63.1978061,-17.7767217],[-63.1987495,-17.7767217],[-63.1987495,-17.777626]]]}},{"type":"Feature","id":"manzana:UV-101-058","properties":{"id":"manzana:UV-101-058","codigo":"UV-101-058","nombre":"","tipo":"manzana","version_capa":"samples-sinteticas","fuente":"sintético","distrito_id":"distrito_municipal:D01","unidad_vecinal_id":"unidad_vecinal:UV-101"},"geometry":{"type":"Polygon","coordinates":[[[-63.1987495,-17.7764956],[-63.1978061,-17.7764956],[-63.1978061,-17.7755912],[-63.1987495,-17.7755912],[-63.1987495,-17.7764956]]]}},{"type":"Feature","id":"manzana:UV-101-059","properties":{"id":"manzana:UV-101-059","codigo":"UV-101-059","nombre":"","tipo":"manzana","version_capa":"samples-sinteticas","fuente":"sintético","distrito_id":"distrito_municipal:D01","unidad_vecinal_id":"unidad_vecinal:UV-101"},"geometry":{"type":"Polygon","coordinates":[[[-63.1987495,-17.7753651],[-63.1978061,-17.7753651],[-63.1978061,-17.7744607],[-63.1987495,-17.7744607],[-63.1987495,-17.7753651]]]}},{"type":"Feature","id":"manzana:UV-101-060","properties":{"id":"manzana:UV-101-060","codigo":"UV-101-060","nombre":"","tipo":"manzana","version_capa":"samples-sinteticas","fuente":"sintético","distrito_id":"distrito_municipal:D01","unidad_vecinal_id":"unidad_vecinal:UV-101"},"geometry":{"type":"Polygon","coordinates":[[[-63.1987495,-17.7742346],[-63.1978061,-17.7742346],[-63.1978061,-17.7733303],[-63.1987495,-17.7733303],[-63.1987495,-17.7742346]]]}},{"type":"Feature","id":"manzana:UV-101-061","properties":{"id":"manzana:UV-101-061","codigo":"UV-101-061","nombre":"","tipo":"manzana","version_capa":"samples-sinteticas","fuente":"sintético","distrito_id":"distrito_municipal:D01","unidad_vecinal_id":"unidad_vecinal:UV-101"},"geometry":{"type":"Polygon","coordinates":[[[-63.1975703,-17.7866697],[-63.1966269,-17.7866697],[-63.1966269,-17.7857654],[-63.1975703,-17.7857654],[-63.1975703,-17.7866697]]]}},{"type":"Feature","id":"manzana:UV-101-062","properties":{"id":"manzana:UV-101-062","codigo":"UV-101-062","nombre":"","tipo":"manzana","version_capa":"samples-sinteticas","fuente":"sintético","distrito_id":"distrito_municipal:D01","unidad_vecinal_id":"unidad_vecinal:UV-101"},"geometry":{"type":"Polygon","coordinates":[[[-63.1975703,-17.7855393],[-63.1966269,-17.7855393],[-63.1966269,-17.7846349],[-63.1975703,-17.7846349],[-63.1975703,-17.7855393]]]}},{"type":"Feature","id":"manzana:UV-101-063","properties":{"id":"manzana:UV-101-063","codigo":"UV-101-063","nombre":"","tipo":"manzana","version_capa":"samples-sinteticas","fuente":"sintético","distrito_id":"distrito_municipal:D01","unidad_vecinal_id":"unidad_vecinal:UV-101"},"geometry":{"type":"Polygon","coordinates":[[[-63.1975703,-17.7844088],[-63.1966269,-17.7844088],[-63.1966269,-17.7835044],[-63.1975703,-17.7835044],[-63.1975703,-17.7844088]]]}},{"type":"Feature","id":"manzana:UV-101-064","properties":{"id":"manzana:UV-101-064","codigo":"UV-101-064","nombre":"","tipo":"manzana","version_capa":"samples-sinteticas","fuente":"sintético","distrito_id":"distrito_municipal:D01","unidad_vecinal_id":"unidad_vecinal:UV-101"},"geometry":{"type":"Polygon","coordinates":[[[-63.1975703,-17.7832783],[-63.1966269,-17.7832783],[-63.1966269,-17.782374],[-63.1975703,-17.782374],[-63.1975703,-17.7832783]]]}},{"type":"Feature","id":"manzana:UV-101-065","properties":{"id":"manzana:UV-101-065","codigo":"UV-101-065","nombre":"","tipo":"manzana","version_capa":"samples-sinteticas","fuente":"sintético","distrito_id":"distrito_municipal:D01","unidad_vecinal_id":"unidad_vecinal:UV-101"},"geometry":{"type":"Polygon","coordinates":[[[-63.1975703,-17.7821479],[-63.1966269,-17.7821479],[-63.1966269,-17.7812435],[-63.1975703,-17.7812435],[-63.1975703,-17.7821479]]]}},{"type":"Feature","id":"manzana:UV-101-066","properties":{"id":"manzana:UV-101-066","codigo":"UV-101-066","nombre":"","tipo":"manzana","version_capa":"samples-sinteticas","fuente":"sintético","distrito_id":"distrito_municipal:D01","unidad_vecinal_id":"unidad_vecinal:UV-101"},"geometry":{"type":"Polygon","coordinates":[[[-63.1975703,-17.7810174],[-63.1966269,-17.7810174],[-63.1966269,-17.780113],[-63.1975703,-17.780113],[-63.1975703,-17.7810174]]]}},{"type":"Feature","id":"manzana:UV-101-067","properties":{"id":"manzana:UV-101-067","codigo":"UV-101-067","nombre":"","tipo":"manzana","version_capa":"samples-sinteticas","fuente":"sintético","distrito_id":"distrito_municipal:D01","unidad_vecinal_id":"unidad_vecinal:UV-101"},"geometry":{"type":"Polygon","coordinates":[[[-63.1975703,-17.779887],[-63.1966269,-17.779887],[-63.1966269,-17.7789826],[-63.1975703,-17.7789826],[-63.1975703,-17.779887]]]}},{"type":"Feature","id":"manzana:UV-101-068","properties":{"id":"manzana:UV-101-068","codigo":"UV-101-068","nombre":"","tipo":"manzana","version_capa":"samples-sinteticas","fuente":"sintético","distrito_id":"distrito_municipal:D01","unidad_vecinal_id":"unidad_vecinal:UV-101"},"geometry":{"type":"Polygon","coordinates":[[[-63.1975703,-17.7787565],[-63.1966269,-17.7787565],[-63.1966269,-17.7778521],[-63.1975703,-17.7778521],[-63.1975703,-17.7787565]]]}},{"type":"Feature","id":"manzana:UV-101-069","properties":{"id":"manzana:UV-101-069","codigo":"UV-101-069","nombre":"","tipo":"manzana","version_capa":"samples-sinteticas","fuente":"sintético","distrito_id":"distrito_municipal:D01","unidad_vecinal_id":"unidad_vecinal:UV-101"},"geometry":{"type":"Polygon","coordinates":[[[-63.1975703,-17.777626],[-63.1966269,-17.777626],[-63.1966269,-17.7767217],[-63.1975703,-17.7767217],[-63.1975703,-17.777626]]]}},{"type":"Feature","id":"manzana:UV-101-070","properties":{"id":"manzana:UV-101-070","codigo":"UV-101-070","nombre":"","tipo":"manzana","version_capa":"samples-sinteticas","fuente":"sintético","distrito_id":"distrito_municipal:D01","unidad_vecinal_id":"unidad_vecinal:UV-101"},"geometry":{"type":"Polygon","coordinates":[[[-63.1975703,-17.7764956],[-63.1966269,-17.7764956],[-63.1966269,-17.7755912],[-63.1975703,-17.7755912],[-63.1975703,-17.7764956]]]}},{"type":"Feature","id":"manzana:UV-101-071","properties":{"id":"manzana:UV-101-071","codigo":"UV-101-071","nombre":"","tipo":"manzana","version_capa":"samples-sinteticas","fuente":"sintético","distrito_id":"distrito_municipal:D01","unidad_vecinal_id":"unidad_vecinal:UV-101"},"geometry":{"type":"Polygon","coordinates":[[[-63.1975703,-17.7753651],[-63.1966269,-17.7753651],[-63.1966269,-17.7744607],[-63.1975703,-17.7744607],[-63.1975703,-17.7753651]]]}},{"type":"Feature","id":"manzana:UV-101-072","properties":{"id":"manzana:UV-101-072","codigo":"UV-101-072","nombre":"","tipo":"manzana","version_capa":"samples-sinteticas","fuente":"sintético","distrito_id":"distrito_municipal:D01","unidad_vecinal_id":"unidad_vecinal:UV-101"},"geometry":{"type":"Polygon","coordinates":[[[-63.1975703,-17.7742346],[-63.1966269,-17.7742346],[-63.1966269,-17.7733303],[-63.1975703,-17.7733303],[-63.1975703,-17.7742346]]]}},{"type":"Feature","id":"manzana:UV-101-073","properties":{"id":"manzana:UV-101-073","codigo":"UV-101-073","nombre":"","tipo":"manzana","version_capa":"samples-sinteticas","fuente":"sintético","distrito_id":"distrito_municipal:D01","unidad_vecinal_id":"unidad_vecinal:UV-101"},"geometry":{"type":"Polygon","coordinates":[[[-63.1963911,-17.7866697],[-63.1954477,-17.7866697],[-63.1954477,-17.7857654],[-63.1963911,-17.7857654],[-63.1963911,-17.7866697]]]}},{"type":"Feature","id":"manzana:UV-101-074","properties":{"id":"manzana:UV-101-074","codigo":"UV-101-074","nombre":"","tipo":"manzana","version_capa":"samples-sinteticas","fuente":"sintético","distrito_id":"distrito_municipal:D01","unidad_vecinal_id":"unidad_vecinal:UV-101"},"geometry":{"type":"Polygon","coordinates":[[[-63.1963911,-17.7855393],[-63.1954477,-17.7855393],[-63.1954477,-17.7846349],[-63.1963911,-17.7846349],[-63.1963911,-17.7855393]]]}},{"type":"Feature","id":"manzana:UV-101-075","properties":{"id":"manzana:UV-101-075","codigo":"UV-101-075","nombre":"","tipo":"manzana","version_capa":"samples-sinteticas","fuente":"sintético","distrito_id":"distrito_municipal:D01","unidad_vecinal_id":"unidad_vecinal:UV-101"},"geometry":{"type":"Polygon","coordinates":[[[-63.1963911,-17.7844088],[-63.1954477,-17.7844088],[-63.1954477,-17.7835044],[-63.1963911,-17.7835044],[-63.1963911,-17.7844088]]]}},{"type":"Feature","id":"manzana:UV-101-076","properties":{"id":"manzana:UV-101-076","codigo":"UV-101-076","nombre":"","tipo":"manzana","version_capa":"samples-sinteticas","fuente":"sintético","distrito_id":"distrito_municipal:D01","unidad_vecinal_id":"unidad_vecinal:UV-101"},"geometry":{"type":"Polygon","coordinates":[[[-63.1963911,-17.7832783],[-63.1954477,-17.7832783],[-63.1954477,-17.782374],[-63.1963911,-17.782374],[-63.1963911,-17.7832783]]]}},{"type":"Feature","id":"manzana:UV-101-077","properties":{"id":"manzana:UV-101-077","codigo":"UV-101-077","nombre":"","tipo":"manzana","version_capa":"samples-sinteticas","fuente":"sintético","distrito_id":"distrito_municipal:D01","unidad_vecinal_id":"unidad_vecinal:UV-101"},"geometry":{"type":"Polygon","coordinates":[[[-63.1963911,-17.7821479],[-63.1954477,-17.7821479],[-63.1954477,-17.7812435],[-63.1963911,-17.7812435],[-63.1963911,-17.7821479]]]}},{"type":"Feature","id":"manzana:UV-101-078","properties":{"id":"manzana:UV-101-078","codigo":"UV-101-078","nombre":"","tipo":"manzana","version_capa":"samples-sinteticas","fuente":"sintético","distrito_id":"distrito_municipal:D01","unidad_vecinal_id":"unidad_vecinal:UV-101"},"geometry":{"type":"Polygon","coordinates":[[[-63.1963911,-17.7810174],[-63.1954477,-17.7810174],[-63.1954477,-17.780113],[-63.1963911,-17.780113],[-63.1963911,-17.7810174]]]}},{"type":"Feature","id":"manzana:UV-101-079","properties":{"id":"manzana:UV-101-079","codigo":"UV-101-079","nombre":"","tipo":"manzana","version_capa":"samples-sinteticas","fuente":"sintético","distrito_id":"distrito_municipal:D01","unidad_vecinal_id":"unidad_vecinal:UV-101"},"geometry":{"type":"Polygon","coordinates":[[[-63.1963911,-17.779887],[-63.1954477,-17.779887],[-63.1954477,-17.7789826],[-63.1963911,-17.7789826],[-63.1963911,-17.779887]]]}},{"type":"Feature","id":"manzana:UV-101-080","properties":{"id":"manzana:UV-101-080","codigo":"UV-101-080","nombre":"","tipo":"manzana","version_capa":"samples-sinteticas","fuente":"sintético","distrito_id":"distrito_municipal:D01","unidad_vecinal_id":"unidad_vecinal:UV-101"},"geometry":{"type":"Polygon","coordinates":[[[-63.1963911,-17.7787565],[-63.1954477,-17.7787565],[-63.1954477,-17.7778521],[-63.1963911,-17.7778521],[-63.1963911,-17.7787565]]]}},{"type":"Feature","id":"manzana:UV-101-081","properties":{"id":"manzana:UV-101-081","codigo":"UV-101-081","nombre":"","tipo":"manzana","version_capa":"samples-sinteticas","fuente":"sintético","distrito_id":"distrito_municipal:D01","unidad_vecinal_id":"unidad_vecinal:UV-101"},"geometry":{"type":"Polygon","coordinates":[[[-63.1963911,-17.777626],[-63.1954477,-17.777626],[-63.1954477,-17.7767217],[-63.1963911,-17.7767217],[-63.1963911,-17.777626]]]}},{"type":"Feature","id":"manzana:UV-101-082","properties":{"id":"manzana:UV-101-082","codigo":"UV-101-082","nombre":"","tipo":"manzana","version_capa":"samples-sinteticas","fuente":"sintético","distrito_id":"distrito_municipal:D01","unidad_vecinal_id":"unidad_vecinal:UV-101"},"geometry":{"type":"Polygon","coordinates":[[[-63.1963911,-17.7764956],[-63.1954477,-17.7764956],[-63.1954477,-17.7755912],[-63.1963911,-17.7755912],[-63.1963911,-17.7764956]]]}},{"type":"Feature","id":"manzana:UV-101-083","properties":{"id":"manzana:UV-101-083","codigo":"UV-101-083","nombre":"","tipo":"manzana","version_capa":"samples-sinteticas","fuente":"sintético","distrito_id":"distrito_municipal:D01","unidad_vecinal_id":"unidad_vecinal:UV-101"},"geometry":{"type":"Polygon","coordinates":[[[-63.1963911,-17.7753651],[-63.1954477,-17.7753651],[-63.1954477,-17.7744607],[-63.1963911,-17.7744607],[-63.1963911,-17.7753651]]]}},{"type":"Feature","id":"manzana:UV-101-084","properties":{"id":"manzana:UV-101-084","codigo":"UV-101-084","nombre":"","tipo":"manzana","version_capa":"samples-sinteticas","fuente":"sintético","distrito_id":"distrito_municipal:D01","unidad_vecinal_id":"unidad_vecinal:UV-101"},"geometry":{"type":"Polygon","coordinates":[[[-63.1963911,-17.7742346],[-63.1954477,-17.7742346],[-63.1954477,-17.7733303],[-63.1963911,-17.7733303],[-63.1963911,-17.7742346]]]}},{"type":"Feature","id":"manzana:UV-101-085","properties":{"id":"manzana:UV-101-085","codigo":"UV-101-085","nombre":"","tipo":"manzana","version_capa":"samples-sinteticas","fuente":"sintético","distrito_id":"distrito_municipal:D01","unidad_vecinal_id":"unidad_vecinal:UV-101"},"geometry":{"type":"Polygon","coordinates":[[[-63.1952118,-17.7866697],[-63.1942685,-17.7866697],[-63.1942685,-17.7857654],[-63.1952118,-17.7857654],[-63.1952118,-17.7866697]]]}},{"type":"Feature","id":"manzana:UV-101-086","properties":{"id":"manzana:UV-101-086","codigo":"UV-101-086","nombre":"","tipo":"manzana","version_capa":"samples-sinteticas","fuente":"sintético","distrito_id":"distrito_municipal:D01","unidad_vecinal_id":"unidad_vecinal:UV-101"},"geometry":{"type":"Polygon","coordinates":[[[-63.1952118,-17.7855393],[-63.1942685,-17.7855393],[-63.1942685,-17.7846349],[-63.1952118,-17.7846349],[-63.1952118,-17.7855393]]]}},{"type":"Feature","id":"manzana:UV-101-087","properties":{"id":"manzana:UV-101-087","codigo":"UV-101-087","nombre":"","tipo":"manzana","version_capa":"samples-sinteticas","fuente":"sintético","distrito_id":"distrito_municipal:D01","unidad_vecinal_id":"unidad_vecinal:UV-101"},"geometry":{"type":"Polygon","coordinates":[[[-63.1952118,-17.7844088],[-63.1942685,-17.7844088],[-63.1942685,-17.7835044],[-63.1952118,-17.7835044],[-63.1952118,-17.7844088]]]}},{"type":"Feature","id":"manzana:UV-101-088","properties":{"id":"manzana:UV-101-088","codigo":"UV-101-088","nombre":"","tipo":"manzana","version_capa":"samples-sinteticas","fuente":"sintético","distrito_id":"distrito_municipal:D01","unidad_vecinal_id":"unidad_vecinal:UV-101"},"geometry":{"type":"Polygon","coordinates":[[[-63.1952118,-17.7832783],[-63.1942685,-17.7832783],[-63.1942685,-17.782374],[-63.1952118,-17.782374],[-63.1952118,-17.7832783]]]}},{"type":"Feature","id":"manzana:UV-101-089","properties":{"id":"manzana:UV-101-089","codigo":"UV-101-089","nombre":"","tipo":"manzana","version_capa":"samples-sinteticas","fuente":"sintético","distrito_id":"distrito_municipal:D01","unidad_vecinal_id":"unidad_vecinal:UV-101"},"geometry":{"type":"Polygon","coordinates":[[[-63.1952118,-17.7821479],[-63.1942685,-17.7821479],[-63.1942685,-17.7812435],[-63.1952118,-17.7812435],[-63.1952118,-17.7821479]]]}},{"type":"Feature","id":"manzana:UV-101-090","properties":{"id":"manzana:UV-101-090","codigo":"UV-101-090","nombre":"","tipo":"manzana","version_capa":"samples-sinteticas","fuente":"sintético","distrito_id":"distrito_municipal:D01","unidad_vecinal_id":"unidad_vecinal:UV-101"},"geometry":{"type":"Polygon","coordinates":[[[-63.1952118,-17.7810174],[-63.1942685,-17.7810174],[-63.1942685,-17.780113],[-63.1952118,-17.780113],[-63.1952118,-17.7810174]]]}},{"type":"Feature","id":"manzana:UV-101-091","properties":{"id":"manzana:UV-101-091","codigo":"UV-101-091","nombre":"","tipo":"manzana","version_capa":"samples-sinteticas","fuente":"sintético","distrito_id":"distrito_municipal:D01","unidad_vecinal_id":"unidad_vecinal:UV-101"},"geometry":{"type":"Polygon","coordinates":[[[-63.1952118,-17.779887],[-63.1942685,-17.779887],[-63.1942685,-17.7789826],[-63.1952118,-17.7789826],[-63.1952118,-17.779887]]]}},{"type":"Feature","id":"manzana:UV-101-092","properties":{"id":"manzana:UV-101-092","codigo":"UV-101-092","nombre":"","tipo":"manzana","version_capa":"samples-sinteticas","fuente":"sintético","distrito_id":"distrito_municipal:D01","unidad_vecinal_id":"unidad_vecinal:UV-101"},"geometry":{"type":"Polygon","coordinates":[[[-63.1952118,-17.7787565],[-63.1942685,-17.7787565],[-63.1942685,-17.7778521],[-63.1952118,-17.7778521],[-63.1952118,-17.7787565]]]}},{"type":"Feature","id":"manzana:UV-101-093","properties":{"id":"manzana:UV-101-093","codigo":"UV-101-093","nombre":"","tipo":"manzana","version_capa":"samples-sinteticas","fuente":"sintético","distrito_id":"distrito_municipal:D01","unidad_vecinal_id":"unidad_vecinal:UV-101"},"geometry":{"type":"Polygon","coordinates":[[[-63.1952118,-17.777626],[-63.1942685,-17.777626],[-63.1942685,-17.7767217],[-63.1952118,-17.7767217],[-63.1952118,-17.777626]]]}},{"type":"Feature","id":"manzana:UV-101-094","properties":{"id":"manzana:UV-101-094","codigo":"UV-101-094","nombre":"","tipo":"manzana","version_capa":"samples-sinteticas","fuente":"sintético","distrito_id":"distrito_municipal:D01","unidad_vecinal_id":"unidad_vecinal:UV-101"},"geometry":{"type":"Polygon","coordinates":[[[-63.1952118,-17.7764956],[-63.1942685,-17.7764956],[-63.1942685,-17.7755912],[-63.1952118,-17.7755912],[-63.1952118,-17.7764956]]]}},{"type":"Feature","id":"manzana:UV-101-095","properties":{"id":"manzana:UV-101-095","codigo":"UV-101-095","nombre":"","tipo":"manzana","version_capa":"samples-sinteticas","fuente":"sintético","distrito_id":"distrito_municipal:D01","unidad_vecinal_id":"unidad_vecinal:UV-101"},"geometry":{"type":"Polygon","coordinates":[[[-63.1952118,-17.7753651],[-63.1942685,-17.7753651],[-63.1942685,-17.7744607],[-63.1952118,-17.7744607],[-63.1952118,-17.7753651]]]}},{"type":"Feature","id":"manzana:UV-101-096","properties":{"id":"manzana:UV-101-096","codigo":"UV-101-096","nombre":"","tipo":"manzana","version_capa":"samples-sinteticas","fuente":"sintético","distrito_id":"distrito_municipal:D01","unidad_vecinal_id":"unidad_vecinal:UV-101"},"geometry":{"type":"Polygon","coordinates":[[[-63.1952118,-17.7742346],[-63.1942685,-17.7742346],[-63.1942685,-17.7733303],[-63.1952118,-17.7733303],[-63.1952118,-17.7742346]]]}},{"type":"Feature","id":"manzana:UV-102-001","properties":{"id":"manzana:UV-102-001","codigo":"UV-102-001","nombre":"","tipo":"manzana","version_capa":"samples-sinteticas","fuente":"sintético","distrito_id":"distrito_municipal:D01","unidad_vecinal_id":"unidad_vecinal:UV-102"},"geometry":{"type":"Polygon","coordinates":[[[-63.2034663,-17.7731042],[-63.202523,-17.7731042],[-63.202523,-17.7721998],[-63.2034663,-17.7721998],[-63.2034663,-17.7731042]]]}},{"type":"Feature","id":"manzana:UV-102-002","properties":{"id":"manzana:UV-102-002","codigo":"UV-102-002","nombre":"","tipo":"manzana","version_capa":"samples-sinteticas","fuente":"sintético","distrito_id":"distrito_municipal:D01","unidad_vecinal_id":"unidad_vecinal:UV-102"},"geometry":{"type":"Polygon","coordinates":[[[-63.2034663,-17.7719737],[-63.202523,-17.7719737],[-63.202523,-17.7710693],[-63.2034663,-17.7710693],[-63.2034663,-17.7719737]]]}},{"type":"Feature","id":"manzana:UV-102-003","properties":{"id":"manzana:UV-102-003","codigo":"UV-102-003","nombre":"","tipo":"manzana","version_capa":"samples-sinteticas","fuente":"sintético","distrito_id":"distrito_municipal:D01","unidad_vecinal_id":"unidad_vecinal:UV-102"},"geometry":{"type":"Polygon","coordinates":[[[-63.2034663,-17.7708432],[-63.202523,-17.7708432],[-63.202523,-17.7699389],[-63.2034663,-17.7699389],[-63.2034663,-17.7708432]]]}},{"type":"Feature","id":"manzana:UV-102-004","properties":{"id":"manzana:UV-102-004","codigo":"UV-102-004","nombre":"","tipo":"manzana","version_capa":"samples-sinteticas","fuente":"sintético","distrito_id":"distrito_municipal:D01","unidad_vecinal_id":"unidad_vecinal:UV-102"},"geometry":{"type":"Polygon","coordinates":[[[-63.2034663,-17.7697128],[-63.202523,-17.7697128],[-63.202523,-17.7688084],[-63.2034663,-17.7688084],[-63.2034663,-17.7697128]]]}},{"type":"Feature","id":"manzana:UV-102-005","properties":{"id":"manzana:UV-102-005","codigo":"UV-102-005","nombre":"","tipo":"manzana","version_capa":"samples-sinteticas","fuente":"sintético","distrito_id":"distrito_municipal:D01","unidad_vecinal_id":"unidad_vecinal:UV-102"},"geometry":{"type":"Polygon","coordinates":[[[-63.2034663,-17.7685823],[-63.202523,-17.7685823],[-63.202523,-17.7676779],[-63.2034663,-17.7676779],[-63.2034663,-17.7685823]]]}},{"type":"Feature","id":"manzana:UV-102-006","properties":{"id":"manzana:UV-102-006","codigo":"UV-102-006","nombre":"","tipo":"manzana","version_capa":"samples-sinteticas","fuente":"sintético","distrito_id":"distrito_municipal:D01","unidad_vecinal_id":"unidad_vecinal:UV-102"},"geometry":{"type":"Polygon","coordinates":[[[-63.2034663,-17.7674518],[-63.202523,-17.7674518],[-63.202523,-17.7665475],[-63.2034663,-17.7665475],[-63.2034663,-17.7674518]]]}},{"type":"Feature","id":"manzana:UV-102-007","properties":{"id":"manzana:UV-102-007","codigo":"UV-102-007","nombre":"","tipo":"manzana","version_capa":"samples-sinteticas","fuente":"sintético","distrito_id":"distrito_municipal:D01","unidad_vecinal_id":"unidad_vecinal:UV-102"},"geometry":{"type":"Polygon","coordinates":[[[-63.2034663,-17.7663214],[-63.202523,-17.7663214],[-63.202523,-17.765417],[-63.2034663,-17.765417],[-63.2034663,-17.7663214]]]}},{"type":"Feature","id":"manzana:UV-102-008","properties":{"id":"manzana:UV-102-008","codigo":"UV-102-008","nombre":"","tipo":"manzana","version_capa":"samples-sinteticas","fuente":"sintético","distrito_id":"distrito_municipal:D01","unidad_vecinal_id":"unidad_vecinal:UV-102"},"geometry":{"type":"Polygon","coordinates":[[[-63.2034663,-17.7651909],[-63.202523,-17.7651909],[-63.202523,-17.7642865],[-63.2034663,-17.7642865],[-63.2034663,-17.7651909]]]}},{"type":"Feature","id":"manzana:UV-102-009","properties":{"id":"manzana:UV-102-009","codigo":"UV-102-009","nombre":"","tipo":"manzana","version_capa":"samples-sinteticas","fuente":"sintético","distrito_id":"distrito_municipal:D01","unidad_vecinal_id":"unidad_vecinal:UV-102"},"geometry":{"type":"Polygon","coordinates":[[[-63.2034663,-17.7640604],[-63.202523,-17.7640604],[-63.202523,-17.7631561],[-63.2034663,-17.7631561],[-63.2034663,-17.7640604]]]}},{"type":"Feature","id":"manzana:UV-102-010","properties":{"id":"manzana:UV-102-010","codigo":"UV-102-010","nombre":"","tipo":"manzana","version_capa":"samples-sinteticas","fuente":"sintético","distrito_id":"distrito_municipal:D01","unidad_vecinal_id":"unidad_vecinal:UV-102"},"geometry":{"type":"Polygon","coordinates":[[[-63.2034663,-17.76293],[-63.202523,-17.76293],[-63.202523,-17.7620256],[-63.2034663,-17.7620256],[-63.2034663,-17.76293]]]}},{"type":"Feature","id":"manzana:UV-102-011","properties":{"id":"manzana:UV-102-011","codigo":"UV-102-011","nombre":"","tipo":"manzana","version_capa":"samples-sinteticas","fuente":"sintético","distrito_id":"distrito_municipal:D01","unidad_vecinal_id":"unidad_vecinal:UV-102"},"geometry":{"type":"Polygon","coordinates":[[[-63.2034663,-17.7617995],[-63.202523,-17.7617995],[-63.202523,-17.7608951],[-63.2034663,-17.7608951],[-63.2034663,-17.7617995]]]}},{"type":"Feature","id":"manzana:UV-102-012","properties":{"id":"manzana:UV-102-012","codigo":"UV-102-012","nombre":"","tipo":"manzana","version_capa":"samples-sinteticas","fuente":"sintético","distrito_id":"distrito_municipal:D01","unidad_vecinal_id":"unidad_vecinal:UV-102"},"geometry":{"type":"Polygon","coordinates":[[[-63.2034663,-17.7606691],[-63.202523,-17.7606691],[-63.202523,-17.7597647],[-63.2034663,-17.7597647],[-63.2034663,-17.7606691]]]}},{"type":"Feature","id":"manzana:UV-102-013","properties":{"id":"manzana:UV-102-013","codigo":"UV-102-013","nombre":"","tipo":"manzana","version_capa":"samples-sinteticas","fuente":"sintético","distrito_id":"distrito_municipal:D01","unidad_vecinal_id":"unidad_vecinal:UV-102"},"geometry":{"type":"Polygon","coordinates":[[[-63.2022871,-17.7731042],[-63.2013438,-17.7731042],[-63.2013438,-17.7721998],[-63.2022871,-17.7721998],[-63.2022871,-17.7731042]]]}},{"type":"Feature","id":"manzana:UV-102-014","properties":{"id":"manzana:UV-102-014","codigo":"UV-102-014","nombre":"","tipo":"manzana","version_capa":"samples-sinteticas","fuente":"sintético","distrito_id":"distrito_municipal:D01","unidad_vecinal_id":"unidad_vecinal:UV-102"},"geometry":{"type":"Polygon","coordinates":[[[-63.2022871,-17.7719737],[-63.2013438,-17.7719737],[-63.2013438,-17.7710693],[-63.2022871,-17.7710693],[-63.2022871,-17.7719737]]]}},{"type":"Feature","id":"manzana:UV-102-015","properties":{"id":"manzana:UV-102-015","codigo":"UV-102-015","nombre":"","tipo":"manzana","version_capa":"samples-sinteticas","fuente":"sintético","distrito_id":"distrito_municipal:D01","unidad_vecinal_id":"unidad_vecinal:UV-102"},"geometry":{"type":"Polygon","coordinates":[[[-63.2022871,-17.7708432],[-63.2013438,-17.7708432],[-63.2013438,-17.7699389],[-63.2022871,-17.7699389],[-63.2022871,-17.7708432]]]}},{"type":"Feature","id":"manzana:UV-102-016","properties":{"id":"manzana:UV-102-016","codigo":"UV-102-016","nombre":"","tipo":"manzana","version_capa":"samples-sinteticas","fuente":"sintético","distrito_id":"distrito_municipal:D01","unidad_vecinal_id":"unidad_vecinal:UV-102"},"geometry":{"type":"Polygon","coordinates":[[[-63.2022871,-17.7697128],[-63.2013438,-17.7697128],[-63.2013438,-17.7688084],[-63.2022871,-17.7688084],[-63.2022871,-17.7697128]]]}},{"type":"Feature","id":"manzana:UV-102-017","properties":{"id":"manzana:UV-102-017","codigo":"UV-102-017","nombre":"","tipo":"manzana","version_capa":"samples-sinteticas","fuente":"sintético","distrito_id":"distrito_municipal:D01","unidad_vecinal_id":"unidad_vecinal:UV-102"},"geometry":{"type":"Polygon","coordinates":[[[-63.2022871,-17.7685823],[-63.2013438,-17.7685823],[-63.2013438,-17.7676779],[-63.2022871,-17.7676779],[-63.2022871,-17.7685823]]]}},{"type":"Feature","id":"manzana:UV-102-018","properties":{"id":"manzana:UV-102-018","codigo":"UV-102-018","nombre":"","tipo":"manzana","version_capa":"samples-sinteticas","fuente":"sintético","distrito_id":"distrito_municipal:D01","unidad_vecinal_id":"unidad_vecinal:UV-102"},"geometry":{"type":"Polygon","coordinates":[[[-63.2022871,-17.7674518],[-63.2013438,-17.7674518],[-63.2013438,-17.7665475],[-63.2022871,-17.7665475],[-63.2022871,-17.7674518]]]}},{"type":"Feature","id":"manzana:UV-102-019","properties":{"id":"manzana:UV-102-019","codigo":"UV-102-019","nombre":"","tipo":"manzana","version_capa":"samples-sinteticas","fuente":"sintético","distrito_id":"distrito_municipal:D01","unidad_vecinal_id":"unidad_vecinal:UV-102"},"geometry":{"type":"Polygon","coordinates":[[[-63.2022871,-17.7663214],[-63.2013438,-17.7663214],[-63.2013438,-17.765417],[-63.2022871,-17.765417],[-63.2022871,-17.7663214]]]}},{"type":"Feature","id":"manzana:UV-102-020","properties":{"id":"manzana:UV-102-020","codigo":"UV-102-020","nombre":"","tipo":"manzana","version_capa":"samples-sinteticas","fuente":"sintético","distrito_id":"distrito_municipal:D01","unidad_vecinal_id":"unidad_vecinal:UV-102"},"geometry":{"type":"Polygon","coordinates":[[[-63.2022871,-17.7651909],[-63.2013438,-17.7651909],[-63.2013438,-17.7642865],[-63.2022871,-17.7642865],[-63.2022871,-17.7651909]]]}},{"type":"Feature","id":"manzana:UV-102-021","properties":{"id":"manzana:UV-102-021","codigo":"UV-102-021","nombre":"","tipo":"manzana","version_capa":"samples-sinteticas","fuente":"sintético","distrito_id":"distrito_municipal:D01","unidad_vecinal_id":"unidad_vecinal:UV-102"},"geometry":{"type":"Polygon","coordinates":[[[-63.2022871,-17.7640604],[-63.2013438,-17.7640604],[-63.2013438,-17.7631561],[-63.2022871,-17.7631561],[-63.2022871,-17.7640604]]]}},{"type":"Feature","id":"manzana:UV-102-022","properties":{"id":"manzana:UV-102-022","codigo":"UV-102-022","nombre":"","tipo":"manzana","version_capa":"samples-sinteticas","fuente":"sintético","distrito_id":"distrito_municipal:D01","unidad_vecinal_id":"unidad_vecinal:UV-102"},"geometry":{"type":"Polygon","coordinates":[[[-63.2022871,-17.76293],[-63.2013438,-17.76293],[-63.2013438,-17.7620256],[-63.2022871,-17.7620256],[-63.2022871,-17.76293]]]}},{"type":"Feature","id":"manzana:UV-102-023","properties":{"id":"manzana:UV-102-023","codigo":"UV-102-023","nombre":"","tipo":"manzana","version_capa":"samples-sinteticas","fuente":"sintético","distrito_id":"distrito_municipal:D01","unidad_vecinal_id":"unidad_vecinal:UV-102"},"geometry":{"type":"Polygon","coordinates":[[[-63.2022871,-17.7617995],[-63.2013438,-17.7617995],[-63.2013438,-17.7608951],[-63.2022871,-17.7608951],[-63.2022871,-17.7617995]]]}},{"type":"Feature","id":"manzana:UV-102-024","properties":{"id":"manzana:UV-102-024","codigo":"UV-102-024","nombre":"","tipo":"manzana","version_capa":"samples-sinteticas","fuente":"sintético","distrito_id":"distrito_municipal:D01","unidad_vecinal_id":"unidad_vecinal:UV-102"},"geometry":{"type":"Polygon","coordinates":[[[-63.2022871,-17.7606691],[-63.2013438,-17.7606691],[-63.2013438,-17.7597647],[-63.2022871,-17.7597647],[-63.2022871,-17.7606691]]]}},{"type":"Feature","id":"manzana:UV-102-025","properties":{"id":"manzana:UV-102-025","codigo":"UV-102-025","nombre":"","tipo":"manzana","version_capa":"samples-sinteticas","fuente":"sintético","distrito_id":"distrito_municipal:D01","unidad_vecinal_id":"unidad_vecinal:UV-102"},"geometry":{"type":"Polygon","coordinates":[[[-63.2011079,-17.7731042],[-63.2001645,-17.7731042],[-63.2001645,-17.7721998],[-63.2011079,-17.7721998],[-63.2011079,-17.7731042]]]}},{"type":"Feature","id":"manzana:UV-102-026","properties":{"id":"manzana:UV-102-026","codigo":"UV-102-026","nombre":"","tipo":"manzana","version_capa":"samples-sinteticas","fuente":"sintético","distrito_id":"distrito_municipal:D01","unidad_vecinal_id":"unidad_vecinal:UV-102"},"geometry":{"type":"Polygon","coordinates":[[[-63.2011079,-17.7719737],[-63.2001645,-17.7719737],[-63.2001645,-17.7710693],[-63.2011079,-17.7710693],[-63.2011079,-17.7719737]]]}},{"type":"Feature","id":"manzana:UV-102-027","properties":{"id":"manzana:UV-102-027","codigo":"UV-102-027","nombre":"","tipo":"manzana","version_capa":"samples-sinteticas","fuente":"sintético","distrito_id":"distrito_municipal:D01","unidad_vecinal_id":"unidad_vecinal:UV-102"},"geometry":{"type":"Polygon","coordinates":[[[-63.2011079,-17.7708432],[-63.2001645,-17.7708432],[-63.2001645,-17.7699389],[-63.2011079,-17.7699389],[-63.2011079,-17.7708432]]]}},{"type":"Feature","id":"manzana:UV-102-028","properties":{"id":"manzana:UV-102-028","codigo":"UV-102-028","nombre":"","tipo":"manzana","version_capa":"samples-sinteticas","fuente":"sintético","distrito_id":"distrito_municipal:D01","unidad_vecinal_id":"unidad_vecinal:UV-102"},"geometry":{"type":"Polygon","coordinates":[[[-63.2011079,-17.7697128],[-63.2001645,-17.7697128],[-63.2001645,-17.7688084],[-63.2011079,-17.7688084],[-63.2011079,-17.7697128]]]}},{"type":"Feature","id":"manzana:UV-102-029","properties":{"id":"manzana:UV-102-029","codigo":"UV-102-029","nombre":"","tipo":"manzana","version_capa":"samples-sinteticas","fuente":"sintético","distrito_id":"distrito_municipal:D01","unidad_vecinal_id":"unidad_vecinal:UV-102"},"geometry":{"type":"Polygon","coordinates":[[[-63.2011079,-17.7685823],[-63.2001645,-17.7685823],[-63.2001645,-17.7676779],[-63.2011079,-17.7676779],[-63.2011079,-17.7685823]]]}},{"type":"Feature","id":"manzana:UV-102-030","properties":{"id":"manzana:UV-102-030","codigo":"UV-102-030","nombre":"","tipo":"manzana","version_capa":"samples-sinteticas","fuente":"sintético","distrito_id":"distrito_municipal:D01","unidad_vecinal_id":"unidad_vecinal:UV-102"},"geometry":{"type":"Polygon","coordinates":[[[-63.2011079,-17.7674518],[-63.2001645,-17.7674518],[-63.2001645,-17.7665475],[-63.2011079,-17.7665475],[-63.2011079,-17.7674518]]]}},{"type":"Feature","id":"manzana:UV-102-031","properties":{"id":"manzana:UV-102-031","codigo":"UV-102-031","nombre":"","tipo":"manzana","version_capa":"samples-sinteticas","fuente":"sintético","distrito_id":"distrito_municipal:D01","unidad_vecinal_id":"unidad_vecinal:UV-102"},"geometry":{"type":"Polygon","coordinates":[[[-63.2011079,-17.7663214],[-63.2001645,-17.7663214],[-63.2001645,-17.765417],[-63.2011079,-17.765417],[-63.2011079,-17.7663214]]]}},{"type":"Feature","id":"manzana:UV-102-032","properties":{"id":"manzana:UV-102-032","codigo":"UV-102-032","nombre":"","tipo":"manzana","version_capa":"samples-sinteticas","fuente":"sintético","distrito_id":"distrito_municipal:D01","unidad_vecinal_id":"unidad_vecinal:UV-102"},"geometry":{"type":"Polygon","coordinates":[[[-63.2011079,-17.7651909],[-63.2001645,-17.7651909],[-63.2001645,-17.7642865],[-63.2011079,-17.7642865],[-63.2011079,-17.7651909]]]}},{"type":"Feature","id":"manzana:UV-102-033","properties":{"id":"manzana:UV-102-033","codigo":"UV-102-033","nombre":"","tipo":"manzana","version_capa":"samples-sinteticas","fuente":"sintético","distrito_id":"distrito_municipal:D01","unidad_vecinal_id":"unidad_vecinal:UV-102"},"geometry":{"type":"Polygon","coordinates":[[[-63.2011079,-17.7640604],[-63.2001645,-17.7640604],[-63.2001645,-17.7631561],[-63.2011079,-17.7631561],[-63.2011079,-17.7640604]]]}},{"type":"Feature","id":"manzana:UV-102-034","properties":{"id":"manzana:UV-102-034","codigo":"UV-102-034","nombre":"","tipo":"manzana","version_capa":"samples-sinteticas","fuente":"sintético","distrito_id":"distrito_municipal:D01","unidad_vecinal_id":"unidad_vecinal:UV-102"},"geometry":{"type":"Polygon","coordinates":[[[-63.2011079,-17.76293],[-63.2001645,-17.76293],[-63.2001645,-17.7620256],[-63.2011079,-17.7620256],[-63.2011079,-17.76293]]]}},{"type":"Feature","id":"manzana:UV-102-035","properties":{"id":"manzana:UV-102-035","codigo":"UV-102-035","nombre":"","tipo":"manzana","version_capa":"samples-sinteticas","fuente":"sintético","distrito_id":"distrito_municipal:D01","unidad_vecinal_id":"unidad_vecinal:UV-102"},"geometry":{"type":"Polygon","coordinates":[[[-63.2011079,-17.7617995],[-63.2001645,-17.7617995],[-63.2001645,-17.7608951],[-63.2011079,-17.7608951],[-63.2011079,-17.7617995]]]}},{"type":"Feature","id":"manzana:UV-102-036","properties":{"id":"manzana:UV-102-036","codigo":"UV-102-036","nombre":"","tipo":"manzana","version_capa":"samples-sinteticas","fuente":"sintético","distrito_id":"distrito_municipal:D01","unidad_vecinal_id":"unidad_vecinal:UV-102"},"geometry":{"type":"Polygon","coordinates":[[[-63.2011079,-17.7606691],[-63.2001645,-17.7606691],[-63.2001645,-17.7597647],[-63.2011079,-17.7597647],[-63.2011079,-17.7606691]]]}},{"type":"Feature","id":"manzana:UV-102-037","properties":{"id":"manzana:UV-102-037","codigo":"UV-102-037","nombre":"","tipo":"manzana","version_capa":"samples-sinteticas","fuente":"sintético","distrito_id":"distrito_municipal:D01","unidad_vecinal_id":"unidad_vecinal:UV-102"},"geometry":{"type":"Polygon","coordinates":[[[-63.1999287,-17.7731042],[-63.1989853,-17.7731042],[-63.1989853,-17.7721998],[-63.1999287,-17.7721998],[-63.1999287,-17.7731042]]]}},{"type":"Feature","id":"manzana:UV-102-038","properties":{"id":"manzana:UV-102-038","codigo":"UV-102-038","nombre":"","tipo":"manzana","version_capa":"samples-sinteticas","fuente":"sintético","distrito_id":"distrito_municipal:D01","unidad_vecinal_id":"unidad_vecinal:UV-102"},"geometry":{"type":"Polygon","coordinates":[[[-63.1999287,-17.7719737],[-63.1989853,-17.7719737],[-63.1989853,-17.7710693],[-63.1999287,-17.7710693],[-63.1999287,-17.7719737]]]}},{"type":"Feature","id":"manzana:UV-102-039","properties":{"id":"manzana:UV-102-039","codigo":"UV-102-039","nombre":"","tipo":"manzana","version_capa":"samples-sinteticas","fuente":"sintético","distrito_id":"distrito_municipal:D01","unidad_vecinal_id":"unidad_vecinal:UV-102"},"geometry":{"type":"Polygon","coordinates":[[[-63.1999287,-17.7708432],[-63.1989853,-17.7708432],[-63.1989853,-17.7699389],[-63.1999287,-17.7699389],[-63.1999287,-17.7708432]]]}},{"type":"Feature","id":"manzana:UV-102-040","properties":{"id":"manzana:UV-102-040","codigo":"UV-102-040","nombre":"","tipo":"manzana","version_capa":"samples-sinteticas","fuente":"sintético","distrito_id":"distrito_municipal:D01","unidad_vecinal_id":"unidad_vecinal:UV-102"},"geometry":{"type":"Polygon","coordinates":[[[-63.1999287,-17.7697128],[-63.1989853,-17.7697128],[-63.1989853,-17.7688084],[-63.1999287,-17.7688084],[-63.1999287,-17.7697128]]]}},{"type":"Feature","id":"manzana:UV-102-041","properties":{"id":"manzana:UV-102-041","codigo":"UV-102-041","nombre":"","tipo":"manzana","version_capa":"samples-sinteticas","fuente":"sintético","distrito_id":"distrito_municipal:D01","unidad_vecinal_id":"unidad_vecinal:UV-102"},"geometry":{"type":"Polygon","coordinates":[[[-63.1999287,-17.7685823],[-63.1989853,-17.7685823],[-63.1989853,-17.7676779],[-63.1999287,-17.7676779],[-63.1999287,-17.7685823]]]}},{"type":"Feature","id":"manzana:UV-102-042","properties":{"id":"manzana:UV-102-042","codigo":"UV-102-042","nombre":"","tipo":"manzana","version_capa":"samples-sinteticas","fuente":"sintético","distrito_id":"distrito_municipal:D01","unidad_vecinal_id":"unidad_vecinal:UV-102"},"geometry":{"type":"Polygon","coordinates":[[[-63.1999287,-17.7674518],[-63.1989853,-17.7674518],[-63.1989853,-17.7665475],[-63.1999287,-17.7665475],[-63.1999287,-17.7674518]]]}},{"type":"Feature","id":"manzana:UV-102-043","properties":{"id":"manzana:UV-102-043","codigo":"UV-102-043","nombre":"","tipo":"manzana","version_capa":"samples-sinteticas","fuente":"sintético","distrito_id":"distrito_municipal:D01","unidad_vecinal_id":"unidad_vecinal:UV-102"},"geometry":{"type":"Polygon","coordinates":[[[-63.1999287,-17.7663214],[-63.1989853,-17.7663214],[-63.1989853,-17.765417],[-63.1999287,-17.765417],[-63.1999287,-17.7663214]]]}},{"type":"Feature","id":"manzana:UV-102-044","properties":{"id":"manzana:UV-102-044","codigo":"UV-102-044","nombre":"","tipo":"manzana","version_capa":"samples-sinteticas","fuente":"sintético","distrito_id":"distrito_municipal:D01","unidad_vecinal_id":"unidad_vecinal:UV-102"},"geometry":{"type":"Polygon","coordinates":[[[-63.1999287,-17.7651909],[-63.1989853,-17.7651909],[-63.1989853,-17.7642865],[-63.1999287,-17.7642865],[-63.1999287,-17.7651909]]]}},{"type":"Feature","id":"manzana:UV-102-045","properties":{"id":"manzana:UV-102-045","codigo":"UV-102-045","nombre":"","tipo":"manzana","version_capa":"samples-sinteticas","fuente":"sintético","distrito_id":"distrito_municipal:D01","unidad_vecinal_id":"unidad_vecinal:UV-102"},"geometry":{"type":"Polygon","coordinates":[[[-63.1999287,-17.7640604],[-63.1989853,-17.7640604],[-63.1989853,-17.7631561],[-63.1999287,-17.7631561],[-63.1999287,-17.7640604]]]}},{"type":"Feature","id":"manzana:UV-102-046","properties":{"id":"manzana:UV-102-046","codigo":"UV-102-046","nombre":"","tipo":"manzana","version_capa":"samples-sinteticas","fuente":"sintético","distrito_id":"distrito_municipal:D01","unidad_vecinal_id":"unidad_vecinal:UV-102"},"geometry":{"type":"Polygon","coordinates":[[[-63.1999287,-17.76293],[-63.1989853,-17.76293],[-63.1989853,-17.7620256],[-63.1999287,-17.7620256],[-63.1999287,-17.76293]]]}},{"type":"Feature","id":"manzana:UV-102-047","properties":{"id":"manzana:UV-102-047","codigo":"UV-102-047","nombre":"","tipo":"manzana","version_capa":"samples-sinteticas","fuente":"sintético","distrito_id":"distrito_municipal:D01","unidad_vecinal_id":"unidad_vecinal:UV-102"},"geometry":{"type":"Polygon","coordinates":[[[-63.1999287,-17.7617995],[-63.1989853,-17.7617995],[-63.1989853,-17.7608951],[-63.1999287,-17.7608951],[-63.1999287,-17.7617995]]]}},{"type":"Feature","id":"manzana:UV-102-048","properties":{"id":"manzana:UV-102-048","codigo":"UV-102-048","nombre":"","tipo":"manzana","version_capa":"samples-sinteticas","fuente":"sintético","distrito_id":"distrito_municipal:D01","unidad_vecinal_id":"unidad_vecinal:UV-102"},"geometry":{"type":"Polygon","coordinates":[[[-63.1999287,-17.7606691],[-63.1989853,-17.7606691],[-63.1989853,-17.7597647],[-63.1999287,-17.7597647],[-63.1999287,-17.7606691]]]}},{"type":"Feature","id":"manzana:UV-102-049","properties":{"id":"manzana:UV-102-049","codigo":"UV-102-049","nombre":"","tipo":"manzana","version_capa":"samples-sinteticas","fuente":"sintético","distrito_id":"distrito_municipal:D01","unidad_vecinal_id":"unidad_vecinal:UV-102"},"geometry":{"type":"Polygon","coordinates":[[[-63.1987495,-17.7731042],[-63.1978061,-17.7731042],[-63.1978061,-17.7721998],[-63.1987495,-17.7721998],[-63.1987495,-17.7731042]]]}},{"type":"Feature","id":"manzana:UV-102-050","properties":{"id":"manzana:UV-102-050","codigo":"UV-102-050","nombre":"","tipo":"manzana","version_capa":"samples-sinteticas","fuente":"sintético","distrito_id":"distrito_municipal:D01","unidad_vecinal_id":"unidad_vecinal:UV-102"},"geometry":{"type":"Polygon","coordinates":[[[-63.1987495,-17.7719737],[-63.1978061,-17.7719737],[-63.1978061,-17.7710693],[-63.1987495,-17.7710693],[-63.1987495,-17.7719737]]]}},{"type":"Feature","id":"manzana:UV-102-051","properties":{"id":"manzana:UV-102-051","codigo":"UV-102-051","nombre":"","tipo":"manzana","version_capa":"samples-sinteticas","fuente":"sintético","distrito_id":"distrito_municipal:D01","unidad_vecinal_id":"unidad_vecinal:UV-102"},"geometry":{"type":"Polygon","coordinates":[[[-63.1987495,-17.7708432],[-63.1978061,-17.7708432],[-63.1978061,-17.7699389],[-63.1987495,-17.7699389],[-63.1987495,-17.7708432]]]}},{"type":"Feature","id":"manzana:UV-102-052","properties":{"id":"manzana:UV-102-052","codigo":"UV-102-052","nombre":"","tipo":"manzana","version_capa":"samples-sinteticas","fuente":"sintético","distrito_id":"distrito_municipal:D01","unidad_vecinal_id":"unidad_vecinal:UV-102"},"geometry":{"type":"Polygon","coordinates":[[[-63.1987495,-17.7697128],[-63.1978061,-17.7697128],[-63.1978061,-17.7688084],[-63.1987495,-17.7688084],[-63.1987495,-17.7697128]]]}},{"type":"Feature","id":"manzana:UV-102-053","properties":{"id":"manzana:UV-102-053","codigo":"UV-102-053","nombre":"","tipo":"manzana","version_capa":"samples-sinteticas","fuente":"sintético","distrito_id":"distrito_municipal:D01","unidad_vecinal_id":"unidad_vecinal:UV-102"},"geometry":{"type":"Polygon","coordinates":[[[-63.1987495,-17.7685823],[-63.1978061,-17.7685823],[-63.1978061,-17.7676779],[-63.1987495,-17.7676779],[-63.1987495,-17.7685823]]]}},{"type":"Feature","id":"manzana:UV-102-054","properties":{"id":"manzana:UV-102-054","codigo":"UV-102-054","nombre":"","tipo":"manzana","version_capa":"samples-sinteticas","fuente":"sintético","distrito_id":"distrito_municipal:D01","unidad_vecinal_id":"unidad_vecinal:UV-102"},"geometry":{"type":"Polygon","coordinates":[[[-63.1987495,-17.7674518],[-63.1978061,-17.7674518],[-63.1978061,-17.7665475],[-63.1987495,-17.7665475],[-63.1987495,-17.7674518]]]}},{"type":"Feature","id":"manzana:UV-102-055","properties":{"id":"manzana:UV-102-055","codigo":"UV-102-055","nombre":"","tipo":"manzana","version_capa":"samples-sinteticas","fuente":"sintético","distrito_id":"distrito_municipal:D01","unidad_vecinal_id":"unidad_vecinal:UV-102"},"geometry":{"type":"Polygon","coordinates":[[[-63.1987495,-17.7663214],[-63.1978061,-17.7663214],[-63.1978061,-17.765417],[-63.1987495,-17.765417],[-63.1987495,-17.7663214]]]}},{"type":"Feature","id":"manzana:UV-102-056","properties":{"id":"manzana:UV-102-056","codigo":"UV-102-056","nombre":"","tipo":"manzana","version_capa":"samples-sinteticas","fuente":"sintético","distrito_id":"distrito_municipal:D01","unidad_vecinal_id":"unidad_vecinal:UV-102"},"geometry":{"type":"Polygon","coordinates":[[[-63.1987495,-17.7651909],[-63.1978061,-17.7651909],[-63.1978061,-17.7642865],[-63.1987495,-17.7642865],[-63.1987495,-17.7651909]]]}},{"type":"Feature","id":"manzana:UV-102-057","properties":{"id":"manzana:UV-102-057","codigo":"UV-102-057","nombre":"","tipo":"manzana","version_capa":"samples-sinteticas","fuente":"sintético","distrito_id":"distrito_municipal:D01","unidad_vecinal_id":"unidad_vecinal:UV-102"},"geometry":{"type":"Polygon","coordinates":[[[-63.1987495,-17.7640604],[-63.1978061,-17.7640604],[-63.1978061,-17.7631561],[-63.1987495,-17.7631561],[-63.1987495,-17.7640604]]]}},{"type":"Feature","id":"manzana:UV-102-058","properties":{"id":"manzana:UV-102-058","codigo":"UV-102-058","nombre":"","tipo":"manzana","version_capa":"samples-sinteticas","fuente":"sintético","distrito_id":"distrito_municipal:D01","unidad_vecinal_id":"unidad_vecinal:UV-102"},"geometry":{"type":"Polygon","coordinates":[[[-63.1987495,-17.76293],[-63.1978061,-17.76293],[-63.1978061,-17.7620256],[-63.1987495,-17.7620256],[-63.1987495,-17.76293]]]}},{"type":"Feature","id":"manzana:UV-102-059","properties":{"id":"manzana:UV-102-059","codigo":"UV-102-059","nombre":"","tipo":"manzana","version_capa":"samples-sinteticas","fuente":"sintético","distrito_id":"distrito_municipal:D01","unidad_vecinal_id":"unidad_vecinal:UV-102"},"geometry":{"type":"Polygon","coordinates":[[[-63.1987495,-17.7617995],[-63.1978061,-17.7617995],[-63.1978061,-17.7608951],[-63.1987495,-17.7608951],[-63.1987495,-17.7617995]]]}},{"type":"Feature","id":"manzana:UV-102-060","properties":{"id":"manzana:UV-102-060","codigo":"UV-102-060","nombre":"","tipo":"manzana","version_capa":"samples-sinteticas","fuente":"sintético","distrito_id":"distrito_municipal:D01","unidad_vecinal_id":"unidad_vecinal:UV-102"},"geometry":{"type":"Polygon","coordinates":[[[-63.1987495,-17.7606691],[-63.1978061,-17.7606691],[-63.1978061,-17.7597647],[-63.1987495,-17.7597647],[-63.1987495,-17.7606691]]]}},{"type":"Feature","id":"manzana:UV-102-061","properties":{"id":"manzana:UV-102-061","codigo":"UV-102-061","nombre":"","tipo":"manzana","version_capa":"samples-sinteticas","fuente":"sintético","distrito_id":"distrito_municipal:D01","unidad_vecinal_id":"unidad_vecinal:UV-102"},"geometry":{"type":"Polygon","coordinates":[[[-63.1975703,-17.7731042],[-63.1966269,-17.7731042],[-63.1966269,-17.7721998],[-63.1975703,-17.7721998],[-63.1975703,-17.7731042]]]}},{"type":"Feature","id":"manzana:UV-102-062","properties":{"id":"manzana:UV-102-062","codigo":"UV-102-062","nombre":"","tipo":"manzana","version_capa":"samples-sinteticas","fuente":"sintético","distrito_id":"distrito_municipal:D01","unidad_vecinal_id":"unidad_vecinal:UV-102"},"geometry":{"type":"Polygon","coordinates":[[[-63.1975703,-17.7719737],[-63.1966269,-17.7719737],[-63.1966269,-17.7710693],[-63.1975703,-17.7710693],[-63.1975703,-17.7719737]]]}},{"type":"Feature","id":"manzana:UV-102-063","properties":{"id":"manzana:UV-102-063","codigo":"UV-102-063","nombre":"","tipo":"manzana","version_capa":"samples-sinteticas","fuente":"sintético","distrito_id":"distrito_municipal:D01","unidad_vecinal_id":"unidad_vecinal:UV-102"},"geometry":{"type":"Polygon","coordinates":[[[-63.1975703,-17.7708432],[-63.1966269,-17.7708432],[-63.1966269,-17.7699389],[-63.1975703,-17.7699389],[-63.1975703,-17.7708432]]]}},{"type":"Feature","id":"manzana:UV-102-064","properties":{"id":"manzana:UV-102-064","codigo":"UV-102-064","nombre":"","tipo":"manzana","version_capa":"samples-sinteticas","fuente":"sintético","distrito_id":"distrito_municipal:D01","unidad_vecinal_id":"unidad_vecinal:UV-102"},"geometry":{"type":"Polygon","coordinates":[[[-63.1975703,-17.7697128],[-63.1966269,-17.7697128],[-63.1966269,-17.7688084],[-63.1975703,-17.7688084],[-63.1975703,-17.7697128]]]}},{"type":"Feature","id":"manzana:UV-102-065","properties":{"id":"manzana:UV-102-065","codigo":"UV-102-065","nombre":"","tipo":"manzana","version_capa":"samples-sinteticas","fuente":"sintético","distrito_id":"distrito_municipal:D01","unidad_vecinal_id":"unidad_vecinal:UV-102"},"geometry":{"type":"Polygon","coordinates":[[[-63.1975703,-17.7685823],[-63.1966269,-17.7685823],[-63.1966269,-17.7676779],[-63.1975703,-17.7676779],[-63.1975703,-17.7685823]]]}},{"type":"Feature","id":"manzana:UV-102-066","properties":{"id":"manzana:UV-102-066","codigo":"UV-102-066","nombre":"","tipo":"manzana","version_capa":"samples-sinteticas","fuente":"sintético","distrito_id":"distrito_municipal:D01","unidad_vecinal_id":"unidad_vecinal:UV-102"},"geometry":{"type":"Polygon","coordinates":[[[-63.1975703,-17.7674518],[-63.1966269,-17.7674518],[-63.1966269,-17.7665475],[-63.1975703,-17.7665475],[-63.1975703,-17.7674518]]]}},{"type":"Feature","id":"manzana:UV-102-067","properties":{"id":"manzana:UV-102-067","codigo":"UV-102-067","nombre":"","tipo":"manzana","version_capa":"samples-sinteticas","fuente":"sintético","distrito_id":"distrito_municipal:D01","unidad_vecinal_id":"unidad_vecinal:UV-102"},"geometry":{"type":"Polygon","coordinates":[[[-63.1975703,-17.7663214],[-63.1966269,-17.7663214],[-63.1966269,-17.765417],[-63.1975703,-17.765417],[-63.1975703,-17.7663214]]]}},{"type":"Feature","id":"manzana:UV-102-068","properties":{"id":"manzana:UV-102-068","codigo":"UV-102-068","nombre":"","tipo":"manzana","version_capa":"samples-sinteticas","fuente":"sintético","distrito_id":"distrito_municipal:D01","unidad_vecinal_id":"unidad_vecinal:UV-102"},"geometry":{"type":"Polygon","coordinates":[[[-63.1975703,-17.7651909],[-63.1966269,-17.7651909],[-63.1966269,-17.7642865],[-63.1975703,-17.7642865],[-63.1975703,-17.7651909]]]}},{"type":"Feature","id":"manzana:UV-102-069","properties":{"id":"manzana:UV-102-069","codigo":"UV-102-069","nombre":"","tipo":"manzana","version_capa":"samples-sinteticas","fuente":"sintético","distrito_id":"distrito_municipal:D01","unidad_vecinal_id":"unidad_vecinal:UV-102"},"geometry":{"type":"Polygon","coordinates":[[[-63.1975703,-17.7640604],[-63.1966269,-17.7640604],[-63.1966269,-17.7631561],[-63.1975703,-17.7631561],[-63.1975703,-17.7640604]]]}},{"type":"Feature","id":"manzana:UV-102-070","properties":{"id":"manzana:UV-102-070","codigo":"UV-102-070","nombre":"","tipo":"manzana","version_capa":"samples-sinteticas","fuente":"sintético","distrito_id":"distrito_municipal:D01","unidad_vecinal_id":"unidad_vecinal:UV-102"},"geometry":{"type":"Polygon","coordinates":[[[-63.1975703,-17.76293],[-63.1966269,-17.76293],[-63.1966269,-17.7620256],[-63.1975703,-17.7620256],[-63.1975703,-17.76293]]]}},{"type":"Feature","id":"manzana:UV-102-071","properties":{"id":"manzana:UV-102-071","codigo":"UV-102-071","nombre":"","tipo":"manzana","version_capa":"samples-sinteticas","fuente":"sintético","distrito_id":"distrito_municipal:D01","unidad_vecinal_id":"unidad_vecinal:UV-102"},"geometry":{"type":"Polygon","coordinates":[[[-63.1975703,-17.7617995],[-63.1966269,-17.7617995],[-63.1966269,-17.7608951],[-63.1975703,-17.7608951],[-63.1975703,-17.7617995]]]}},{"type":"Feature","id":"manzana:UV-102-072","properties":{"id":"manzana:UV-102-072","codigo":"UV-102-072","nombre":"","tipo":"manzana","version_capa":"samples-sinteticas","fuente":"sintético","distrito_id":"distrito_municipal:D01","unidad_vecinal_id":"unidad_vecinal:UV-102"},"geometry":{"type":"Polygon","coordinates":[[[-63.1975703,-17.7606691],[-63.1966269,-17.7606691],[-63.1966269,-17.7597647],[-63.1975703,-17.7597647],[-63.1975703,-17.7606691]]]}},{"type":"Feature","id":"manzana:UV-102-073","properties":{"id":"manzana:UV-102-073","codigo":"UV-102-073","nombre":"","tipo":"manzana","version_capa":"samples-sinteticas","fuente":"sintético","distrito_id":"distrito_municipal:D01","unidad_vecinal_id":"unidad_vecinal:UV-102"},"geometry":{"type":"Polygon","coordinates":[[[-63.1963911,-17.7731042],[-63.1954477,-17.7731042],[-63.1954477,-17.7721998],[-63.1963911,-17.7721998],[-63.1963911,-17.7731042]]]}},{"type":"Feature","id":"manzana:UV-102-074","properties":{"id":"manzana:UV-102-074","codigo":"UV-102-074","nombre":"","tipo":"manzana","version_capa":"samples-sinteticas","fuente":"sintético","distrito_id":"distrito_municipal:D01","unidad_vecinal_id":"unidad_vecinal:UV-102"},"geometry":{"type":"Polygon","coordinates":[[[-63.1963911,-17.7719737],[-63.1954477,-17.7719737],[-63.1954477,-17.7710693],[-63.1963911,-17.7710693],[-63.1963911,-17.7719737]]]}},{"type":"Feature","id":"manzana:UV-102-075","properties":{"id":"manzana:UV-102-075","codigo":"UV-102-075","nombre":"","tipo":"manzana","version_capa":"samples-sinteticas","fuente":"sintético","distrito_id":"distrito_municipal:D01","unidad_vecinal_id":"unidad_vecinal:UV-102"},"geometry":{"type":"Polygon","coordinates":[[[-63.1963911,-17.7708432],[-63.1954477,-17.7708432],[-63.1954477,-17.7699389],[-63.1963911,-17.7699389],[-63.1963911,-17.7708432]]]}},{"type":"Feature","id":"manzana:UV-102-076","properties":{"id":"manzana:UV-102-076","codigo":"UV-102-076","nombre":"","tipo":"manzana","version_capa":"samples-sinteticas","fuente":"sintético","distrito_id":"distrito_municipal:D01","unidad_vecinal_id":"unidad_vecinal:UV-102"},"geometry":{"type":"Polygon","coordinates":[[[-63.1963911,-17.7697128],[-63.1954477,-17.7697128],[-63.1954477,-17.7688084],[-63.1963911,-17.7688084],[-63.1963911,-17.7697128]]]}},{"type":"Feature","id":"manzana:UV-102-077","properties":{"id":"manzana:UV-102-077","codigo":"UV-102-077","nombre":"","tipo":"manzana","version_capa":"samples-sinteticas","fuente":"sintético","distrito_id":"distrito_municipal:D01","unidad_vecinal_id":"unidad_vecinal:UV-102"},"geometry":{"type":"Polygon","coordinates":[[[-63.1963911,-17.7685823],[-63.1954477,-17.7685823],[-63.1954477,-17.7676779],[-63.1963911,-17.7676779],[-63.1963911,-17.7685823]]]}},{"type":"Feature","id":"manzana:UV-102-078","properties":{"id":"manzana:UV-102-078","codigo":"UV-102-078","nombre":"","tipo":"manzana","version_capa":"samples-sinteticas","fuente":"sintético","distrito_id":"distrito_municipal:D01","unidad_vecinal_id":"unidad_vecinal:UV-102"},"geometry":{"type":"Polygon","coordinates":[[[-63.1963911,-17.7674518],[-63.1954477,-17.7674518],[-63.1954477,-17.7665475],[-63.1963911,-17.7665475],[-63.1963911,-17.7674518]]]}},{"type":"Feature","id":"manzana:UV-102-079","properties":{"id":"manzana:UV-102-079","codigo":"UV-102-079","nombre":"","tipo":"manzana","version_capa":"samples-sinteticas","fuente":"sintético","distrito_id":"distrito_municipal:D01","unidad_vecinal_id":"unidad_vecinal:UV-102"},"geometry":{"type":"Polygon","coordinates":[[[-63.1963911,-17.7663214],[-63.1954477,-17.7663214],[-63.1954477,-17.765417],[-63.1963911,-17.765417],[-63.1963911,-17.7663214]]]}},{"type":"Feature","id":"manzana:UV-102-080","properties":{"id":"manzana:UV-102-080","codigo":"UV-102-080","nombre":"","tipo":"manzana","version_capa":"samples-sinteticas","fuente":"sintético","distrito_id":"distrito_municipal:D01","unidad_vecinal_id":"unidad_vecinal:UV-102"},"geometry":{"type":"Polygon","coordinates":[[[-63.1963911,-17.7651909],[-63.1954477,-17.7651909],[-63.1954477,-17.7642865],[-63.1963911,-17.7642865],[-63.1963911,-17.7651909]]]}},{"type":"Feature","id":"manzana:UV-102-081","properties":{"id":"manzana:UV-102-081","codigo":"UV-102-081","nombre":"","tipo":"manzana","version_capa":"samples-sinteticas","fuente":"sintético","distrito_id":"distrito_municipal:D01","unidad_vecinal_id":"unidad_vecinal:UV-102"},"geometry":{"type":"Polygon","coordinates":[[[-63.1963911,-17.7640604],[-63.1954477,-17.7640604],[-63.1954477,-17.7631561],[-63.1963911,-17.7631561],[-63.1963911,-17.7640604]]]}},{"type":"Feature","id":"manzana:UV-102-082","properties":{"id":"manzana:UV-102-082","codigo":"UV-102-082","nombre":"","tipo":"manzana","version_capa":"samples-sinteticas","fuente":"sintético","distrito_id":"distrito_municipal:D01","unidad_vecinal_id":"unidad_vecinal:UV-102"},"geometry":{"type":"Polygon","coordinates":[[[-63.1963911,-17.76293],[-63.1954477,-17.76293],[-63.1954477,-17.7620256],[-63.1963911,-17.7620256],[-63.1963911,-17.76293]]]}},{"type":"Feature","id":"manzana:UV-102-083","properties":{"id":"manzana:UV-102-083","codigo":"UV-102-083","nombre":"","tipo":"manzana","version_capa":"samples-sinteticas","fuente":"sintético","distrito_id":"distrito_municipal:D01","unidad_vecinal_id":"unidad_vecinal:UV-102"},"geometry":{"type":"Polygon","coordinates":[[[-63.1963911,-17.7617995],[-63.1954477,-17.7617995],[-63.1954477,-17.7608951],[-63.1963911,-17.7608951],[-63.1963911,-17.7617995]]]}},{"type":"Feature","id":"manzana:UV-102-084","properties":{"id":"manzana:UV-102-084","codigo":"UV-102-084","nombre":"","tipo":"manzana","version_capa":"samples-sinteticas","fuente":"sintético","distrito_id":"distrito_municipal:D01","unidad_vecinal_id":"unidad_vecinal:UV-102"},"geometry":{"type":"Polygon","coordinates":[[[-63.1963911,-17.7606691],[-63.1954477,-17.7606691],[-63.1954477,-17.7597647],[-63.1963911,-17.7597647],[-63.1963911,-17.7606691]]]}},{"type":"Feature","id":"manzana:UV-102-085","properties":{"id":"manzana:UV-102-085","codigo":"UV-102-085","nombre":"","tipo":"manzana","version_capa":"samples-sinteticas","fuente":"sintético","distrito_id":"distrito_municipal:D01","unidad_vecinal_id":"unidad_vecinal:UV-102"},"geometry":{"type":"Polygon","coordinates":[[[-63.1952118,-17.7731042],[-63.1942685,-17.7731042],[-63.1942685,-17.7721998],[-63.1952118,-17.7721998],[-63.1952118,-17.7731042]]]}},{"type":"Feature","id":"manzana:UV-102-086","properties":{"id":"manzana:UV-102-086","codigo":"UV-102-086","nombre":"","tipo":"manzana","version_capa":"samples-sinteticas","fuente":"sintético","distrito_id":"distrito_municipal:D01","unidad_vecinal_id":"unidad_vecinal:UV-102"},"geometry":{"type":"Polygon","coordinates":[[[-63.1952118,-17.7719737],[-63.1942685,-17.7719737],[-63.1942685,-17.7710693],[-63.1952118,-17.7710693],[-63.1952118,-17.7719737]]]}},{"type":"Feature","id":"manzana:UV-102-087","properties":{"id":"manzana:UV-102-087","codigo":"UV-102-087","nombre":"","tipo":"manzana","version_capa":"samples-sinteticas","fuente":"sintético","distrito_id":"distrito_municipal:D01","unidad_vecinal_id":"unidad_vecinal:UV-102"},"geometry":{"type":"Polygon","coordinates":[[[-63.1952118,-17.7708432],[-63.1942685,-17.7708432],[-63.1942685,-17.7699389],[-63.1952118,-17.7699389],[-63.1952118,-17.7708432]]]}},{"type":"Feature","id":"manzana:UV-102-088","properties":{"id":"manzana:UV-102-088","codigo":"UV-102-088","nombre":"","tipo":"manzana","version_capa":"samples-sinteticas","fuente":"sintético","distrito_id":"distrito_municipal:D01","unidad_vecinal_id":"unidad_vecinal:UV-102"},"geometry":{"type":"Polygon","coordinates":[[[-63.1952118,-17.7697128],[-63.1942685,-17.7697128],[-63.1942685,-17.7688084],[-63.1952118,-17.7688084],[-63.1952118,-17.7697128]]]}},{"type":"Feature","id":"manzana:UV-102-089","properties":{"id":"manzana:UV-102-089","codigo":"UV-102-089","nombre":"","tipo":"manzana","version_capa":"samples-sinteticas","fuente":"sintético","distrito_id":"distrito_municipal:D01","unidad_vecinal_id":"unidad_vecinal:UV-102"},"geometry":{"type":"Polygon","coordinates":[[[-63.1952118,-17.7685823],[-63.1942685,-17.7685823],[-63.1942685,-17.7676779],[-63.1952118,-17.7676779],[-63.1952118,-17.7685823]]]}},{"type":"Feature","id":"manzana:UV-102-090","properties":{"id":"manzana:UV-102-090","codigo":"UV-102-090","nombre":"","tipo":"manzana","version_capa":"samples-sinteticas","fuente":"sintético","distrito_id":"distrito_municipal:D01","unidad_vecinal_id":"unidad_vecinal:UV-102"},"geometry":{"type":"Polygon","coordinates":[[[-63.1952118,-17.7674518],[-63.1942685,-17.7674518],[-63.1942685,-17.7665475],[-63.1952118,-17.7665475],[-63.1952118,-17.7674518]]]}},{"type":"Feature","id":"manzana:UV-102-091","properties":{"id":"manzana:UV-102-091","codigo":"UV-102-091","nombre":"","tipo":"manzana","version_capa":"samples-sinteticas","fuente":"sintético","distrito_id":"distrito_municipal:D01","unidad_vecinal_id":"unidad_vecinal:UV-102"},"geometry":{"type":"Polygon","coordinates":[[[-63.1952118,-17.7663214],[-63.1942685,-17.7663214],[-63.1942685,-17.765417],[-63.1952118,-17.765417],[-63.1952118,-17.7663214]]]}},{"type":"Feature","id":"manzana:UV-102-092","properties":{"id":"manzana:UV-102-092","codigo":"UV-102-092","nombre":"","tipo":"manzana","version_capa":"samples-sinteticas","fuente":"sintético","distrito_id":"distrito_municipal:D01","unidad_vecinal_id":"unidad_vecinal:UV-102"},"geometry":{"type":"Polygon","coordinates":[[[-63.1952118,-17.7651909],[-63.1942685,-17.7651909],[-63.1942685,-17.7642865],[-63.1952118,-17.7642865],[-63.1952118,-17.7651909]]]}},{"type":"Feature","id":"manzana:UV-102-093","properties":{"id":"manzana:UV-102-093","codigo":"UV-102-093","nombre":"","tipo":"manzana","version_capa":"samples-sinteticas","fuente":"sintético","distrito_id":"distrito_municipal:D01","unidad_vecinal_id":"unidad_vecinal:UV-102"},"geometry":{"type":"Polygon","coordinates":[[[-63.1952118,-17.7640604],[-63.1942685,-17.7640604],[-63.1942685,-17.7631561],[-63.1952118,-17.7631561],[-63.1952118,-17.7640604]]]}},{"type":"Feature","id":"manzana:UV-102-094","properties":{"id":"manzana:UV-102-094","codigo":"UV-102-094","nombre":"","tipo":"manzana","version_capa":"samples-sinteticas","fuente":"sintético","distrito_id":"distrito_municipal:D01","unidad_vecinal_id":"unidad_vecinal:UV-102"},"geometry":{"type":"Polygon","coordinates":[[[-63.1952118,-17.76293],[-63.1942685,-17.76293],[-63.1942685,-17.7620256],[-63.1952118,-17.7620256],[-63.1952118,-17.76293]]]}},{"type":"Feature","id":"manzana:UV-102-095","properties":{"id":"manzana:UV-102-095","codigo":"UV-102-095","nombre":"","tipo":"manzana","version_capa":"samples-sinteticas","fuente":"sintético","distrito_id":"distrito_municipal:D01","unidad_vecinal_id":"unidad_vecinal:UV-102"},"geometry":{"type":"Polygon","coordinates":[[[-63.1952118,-17.7617995],[-63.1942685,-17.7617995],[-63.1942685,-17.7608951],[-63.1952118,-17.7608951],[-63.1952118,-17.7617995]]]}},{"type":"Feature","id":"manzana:UV-102-096","properties":{"id":"manzana:UV-102-096","codigo":"UV-102-096","nombre":"","tipo":"manzana","version_capa":"samples-sinteticas","fuente":"sintético","distrito_id":"distrito_municipal:D01","unidad_vecinal_id":"unidad_vecinal:UV-102"},"geometry":{"type":"Polygon","coordinates":[[[-63.1952118,-17.7606691],[-63.1942685,-17.7606691],[-63.1942685,-17.7597647],[-63.1952118,-17.7597647],[-63.1952118,-17.7606691]]]}},{"type":"Feature","id":"manzana:UV-103-001","properties":{"id":"manzana:UV-103-001","codigo":"UV-103-001","nombre":"","tipo":"manzana","version_capa":"samples-sinteticas","fuente":"sintético","distrito_id":"distrito_municipal:D01","unidad_vecinal_id":"unidad_vecinal:UV-103"},"geometry":{"type":"Polygon","coordinates":[[[-63.1940326,-17.7866697],[-63.1930893,-17.7866697],[-63.1930893,-17.7857654],[-63.1940326,-17.7857654],[-63.1940326,-17.7866697]]]}},{"type":"Feature","id":"manzana:UV-103-002","properties":{"id":"manzana:UV-103-002","codigo":"UV-103-002","nombre":"","tipo":"manzana","version_capa":"samples-sinteticas","fuente":"sintético","distrito_id":"distrito_municipal:D01","unidad_vecinal_id":"unidad_vecinal:UV-103"},"geometry":{"type":"Polygon","coordinates":[[[-63.1940326,-17.7855393],[-63.1930893,-17.7855393],[-63.1930893,-17.7846349],[-63.1940326,-17.7846349],[-63.1940326,-17.7855393]]]}},{"type":"Feature","id":"manzana:UV-103-003","properties":{"id":"manzana:UV-103-003","codigo":"UV-103-003","nombre":"","tipo":"manzana","version_capa":"samples-sinteticas","fuente":"sintético","distrito_id":"distrito_municipal:D01","unidad_vecinal_id":"unidad_vecinal:UV-103"},"geometry":{"type":"Polygon","coordinates":[[[-63.1940326,-17.7844088],[-63.1930893,-17.7844088],[-63.1930893,-17.7835044],[-63.1940326,-17.7835044],[-63.1940326,-17.7844088]]]}},{"type":"Feature","id":"manzana:UV-103-004","properties":{"id":"manzana:UV-103-004","codigo":"UV-103-004","nombre":"","tipo":"manzana","version_capa":"samples-sinteticas","fuente":"sintético","distrito_id":"distrito_municipal:D01","unidad_vecinal_id":"unidad_vecinal:UV-103"},"geometry":{"type":"Polygon","coordinates":[[[-63.1940326,-17.7832783],[-63.1930893,-17.7832783],[-63.1930893,-17.782374],[-63.1940326,-17.782374],[-63.1940326,-17.7832783]]]}},{"type":"Feature","id":"manzana:UV-103-005","properties":{"id":"manzana:UV-103-005","codigo":"UV-103-005","nombre":"","tipo":"manzana","version_capa":"samples-sinteticas","fuente":"sintético","distrito_id":"distrito_municipal:D01","unidad_vecinal_id":"unidad_vecinal:UV-103"},"geometry":{"type":"Polygon","coordinates":[[[-63.1940326,-17.7821479],[-63.1930893,-17.7821479],[-63.1930893,-17.7812435],[-63.1940326,-17.7812435],[-63.1940326,-17.7821479]]]}},{"type":"Feature","id":"manzana:UV-103-006","properties":{"id":"manzana:UV-103-006","codigo":"UV-103-006","nombre":"","tipo":"manzana","version_capa":"samples-sinteticas","fuente":"sintético","distrito_id":"distrito_municipal:D01","unidad_vecinal_id":"unidad_vecinal:UV-103"},"geometry":{"type":"Polygon","coordinates":[[[-63.1940326,-17.7810174],[-63.1930893,-17.7810174],[-63.1930893,-17.780113],[-63.1940326,-17.780113],[-63.1940326,-17.7810174]]]}},{"type":"Feature","id":"manzana:UV-103-007","properties":{"id":"manzana:UV-103-007","codigo":"UV-103-007","nombre":"","tipo":"manzana","version_capa":"samples-sinteticas","fuente":"sintético","distrito_id":"distrito_municipal:D01","unidad_vecinal_id":"unidad_vecinal:UV-103"},"geometry":{"type":"Polygon","coordinates":[[[-63.1940326,-17.779887],[-63.1930893,-17.779887],[-63.1930893,-17.7789826],[-63.1940326,-17.7789826],[-63.1940326,-17.779887]]]}},{"type":"Feature","id":"manzana:UV-103-008","properties":{"id":"manzana:UV-103-008","codigo":"UV-103-008","nombre":"","tipo":"manzana","version_capa":"samples-sinteticas","fuente":"sintético","distrito_id":"distrito_municipal:D01","unidad_vecinal_id":"unidad_vecinal:UV-103"},"geometry":{"type":"Polygon","coordinates":[[[-63.1940326,-17.7787565],[-63.1930893,-17.7787565],[-63.1930893,-17.7778521],[-63.1940326,-17.7778521],[-63.1940326,-17.7787565]]]}},{"type":"Feature","id":"manzana:UV-103-009","properties":{"id":"manzana:UV-103-009","codigo":"UV-103-009","nombre":"","tipo":"manzana","version_capa":"samples-sinteticas","fuente":"sintético","distrito_id":"distrito_municipal:D01","unidad_vecinal_id":"unidad_vecinal:UV-103"},"geometry":{"type":"Polygon","coordinates":[[[-63.1940326,-17.777626],[-63.1930893,-17.777626],[-63.1930893,-17.7767217],[-63.1940326,-17.7767217],[-63.1940326,-17.777626]]]}},{"type":"Feature","id":"manzana:UV-103-010","properties":{"id":"manzana:UV-103-010","codigo":"UV-103-010","nombre":"","tipo":"manzana","version_capa":"samples-sinteticas","fuente":"sintético","distrito_id":"distrito_municipal:D01","unidad_vecinal_id":"unidad_vecinal:UV-103"},"geometry":{"type":"Polygon","coordinates":[[[-63.1940326,-17.7764956],[-63.1930893,-17.7764956],[-63.1930893,-17.7755912],[-63.1940326,-17.7755912],[-63.1940326,-17.7764956]]]}},{"type":"Feature","id":"manzana:UV-103-011","properties":{"id":"manzana:UV-103-011","codigo":"UV-103-011","nombre":"","tipo":"manzana","version_capa":"samples-sinteticas","fuente":"sintético","distrito_id":"distrito_municipal:D01","unidad_vecinal_id":"unidad_vecinal:UV-103"},"geometry":{"type":"Polygon","coordinates":[[[-63.1940326,-17.7753651],[-63.1930893,-17.7753651],[-63.1930893,-17.7744607],[-63.1940326,-17.7744607],[-63.1940326,-17.7753651]]]}},{"type":"Feature","id":"manzana:UV-103-012","properties":{"id":"manzana:UV-103-012","codigo":"UV-103-012","nombre":"","tipo":"manzana","version_capa":"samples-sinteticas","fuente":"sintético","distrito_id":"distrito_municipal:D01","unidad_vecinal_id":"unidad_vecinal:UV-103"},"geometry":{"type":"Polygon","coordinates":[[[-63.1940326,-17.7742346],[-63.1930893,-17.7742346],[-63.1930893,-17.7733303],[-63.1940326,-17.7733303],[-63.1940326,-17.7742346]]]}},{"type":"Feature","id":"manzana:UV-103-013","properties":{"id":"manzana:UV-103-013","codigo":"UV-103-013","nombre":"","tipo":"manzana","version_capa":"samples-sinteticas","fuente":"sintético","distrito_id":"distrito_municipal:D01","unidad_vecinal_id":"unidad_vecinal:UV-103"},"geometry":{"type":"Polygon","coordinates":[[[-63.1928534,-17.7866697],[-63.19191,-17.7866697],[-63.19191,-17.7857654],[-63.1928534,-17.7857654],[-63.1928534,-17.7866697]]]}},{"type":"Feature","id":"manzana:UV-103-014","properties":{"id":"manzana:UV-103-014","codigo":"UV-103-014","nombre":"","tipo":"manzana","version_capa":"samples-sinteticas","fuente":"sintético","distrito_id":"distrito_municipal:D01","unidad_vecinal_id":"unidad_vecinal:UV-103"},"geometry":{"type":"Polygon","coordinates":[[[-63.1928534,-17.7855393],[-63.19191,-17.7855393],[-63.19191,-17.7846349],[-63.1928534,-17.7846349],[-63.1928534,-17.7855393]]]}},{"type":"Feature","id":"manzana:UV-103-015","properties":{"id":"manzana:UV-103-015","codigo":"UV-103-015","nombre":"","tipo":"manzana","version_capa":"samples-sinteticas","fuente":"sintético","distrito_id":"distrito_municipal:D01","unidad_vecinal_id":"unidad_vecinal:UV-103"},"geometry":{"type":"Polygon","coordinates":[[[-63.1928534,-17.7844088],[-63.19191,-17.7844088],[-63.19191,-17.7835044],[-63.1928534,-17.7835044],[-63.1928534,-17.7844088]]]}},{"type":"Feature","id":"manzana:UV-103-016","properties":{"id":"manzana:UV-103-016","codigo":"UV-103-016","nombre":"","tipo":"manzana","version_capa":"samples-sinteticas","fuente":"sintético","distrito_id":"distrito_municipal:D01","unidad_vecinal_id":"unidad_vecinal:UV-103"},"geometry":{"type":"Polygon","coordinates":[[[-63.1928534,-17.7832783],[-63.19191,-17.7832783],[-63.19191,-17.782374],[-63.1928534,-17.782374],[-63.1928534,-17.7832783]]]}},{"type":"Feature","id":"manzana:UV-103-017","properties":{"id":"manzana:UV-103-017","codigo":"UV-103-017","nombre":"","tipo":"manzana","version_capa":"samples-sinteticas","fuente":"sintético","distrito_id":"distrito_municipal:D01","unidad_vecinal_id":"unidad_vecinal:UV-103"},"geometry":{"type":"Polygon","coordinates":[[[-63.1928534,-17.7821479],[-63.19191,-17.7821479],[-63.19191,-17.7812435],[-63.1928534,-17.7812435],[-63.1928534,-17.7821479]]]}},{"type":"Feature","id":"manzana:UV-103-018","properties":{"id":"manzana:UV-103-018","codigo":"UV-103-018","nombre":"","tipo":"manzana","version_capa":"samples-sinteticas","fuente":"sintético","distrito_id":"distrito_municipal:D01","unidad_vecinal_id":"unidad_vecinal:UV-103"},"geometry":{"type":"Polygon","coordinates":[[[-63.1928534,-17.7810174],[-63.19191,-17.7810174],[-63.19191,-17.780113],[-63.1928534,-17.780113],[-63.1928534,-17.7810174]]]}},{"type":"Feature","id":"manzana:UV-103-019","properties":{"id":"manzana:UV-103-019","codigo":"UV-103-019","nombre":"","tipo":"manzana","version_capa":"samples-sinteticas","fuente":"sintético","distrito_id":"distrito_municipal:D01","unidad_vecinal_id":"unidad_vecinal:UV-103"},"geometry":{"type":"Polygon","coordinates":[[[-63.1928534,-17.779887],[-63.19191,-17.779887],[-63.19191,-17.7789826],[-63.1928534,-17.7789826],[-63.1928534,-17.779887]]]}},{"type":"Feature","id":"manzana:UV-103-020","properties":{"id":"manzana:UV-103-020","codigo":"UV-103-020","nombre":"","tipo":"manzana","version_capa":"samples-sinteticas","fuente":"sintético","distrito_id":"distrito_municipal:D01","unidad_vecinal_id":"unidad_vecinal:UV-103"},"geometry":{"type":"Polygon","coordinates":[[[-63.1928534,-17.7787565],[-63.19191,-17.7787565],[-63.19191,-17.7778521],[-63.1928534,-17.7778521],[-63.1928534,-17.7787565]]]}},{"type":"Feature","id":"manzana:UV-103-021","properties":{"id":"manzana:UV-103-021","codigo":"UV-103-021","nombre":"","tipo":"manzana","version_capa":"samples-sinteticas","fuente":"sintético","distrito_id":"distrito_municipal:D01","unidad_vecinal_id":"unidad_vecinal:UV-103"},"geometry":{"type":"Polygon","coordinates":[[[-63.1928534,-17.777626],[-63.19191,-17.777626],[-63.19191,-17.7767217],[-63.1928534,-17.7767217],[-63.1928534,-17.777626]]]}},{"type":"Feature","id":"manzana:UV-103-022","properties":{"id":"manzana:UV-103-022","codigo":"UV-103-022","nombre":"","tipo":"manzana","version_capa":"samples-sinteticas","fuente":"sintético","distrito_id":"distrito_municipal:D01","unidad_vecinal_id":"unidad_vecinal:UV-103"},"geometry":{"type":"Polygon","coordinates":[[[-63.1928534,-17.7764956],[-63.19191,-17.7764956],[-63.19191,-17.7755912],[-63.1928534,-17.7755912],[-63.1928534,-17.7764956]]]}},{"type":"Feature","id":"manzana:UV-103-023","properties":{"id":"manzana:UV-103-023","codigo":"UV-103-023","nombre":"","tipo":"manzana","version_capa":"samples-sinteticas","fuente":"sintético","distrito_id":"distrito_municipal:D01","unidad_vecinal_id":"unidad_vecinal:UV-103"},"geometry":{"type":"Polygon","coordinates":[[[-63.1928534,-17.7753651],[-63.19191,-17.7753651],[-63.19191,-17.7744607],[-63.1928534,-17.7744607],[-63.1928534,-17.7753651]]]}},{"type":"Feature","id":"manzana:UV-103-024","properties":{"id":"manzana:UV-103-024","codigo":"UV-103-024","nombre":"","tipo":"manzana","version_capa":"samples-sinteticas","fuente":"sintético","distrito_id":"distrito_municipal:D01","unidad_vecinal_id":"unidad_vecinal:UV-103"},"geometry":{"type":"Polygon","coordinates":[[[-63.1928534,-17.7742346],[-63.19191,-17.7742346],[-63.19191,-17.7733303],[-63.1928534,-17.7733303],[-63.1928534,-17.7742346]]]}},{"type":"Feature","id":"manzana:UV-103-025","properties":{"id":"manzana:UV-103-025","codigo":"UV-103-025","nombre":"","tipo":"manzana","version_capa":"samples-sinteticas","fuente":"sintético","distrito_id":"distrito_municipal:D01","unidad_vecinal_id":"unidad_vecinal:UV-103"},"geometry":{"type":"Polygon","coordinates":[[[-63.1916742,-17.7866697],[-63.1907308,-17.7866697],[-63.1907308,-17.7857654],[-63.1916742,-17.7857654],[-63.1916742,-17.7866697]]]}},{"type":"Feature","id":"manzana:UV-103-026","properties":{"id":"manzana:UV-103-026","codigo":"UV-103-026","nombre":"","tipo":"manzana","version_capa":"samples-sinteticas","fuente":"sintético","distrito_id":"distrito_municipal:D01","unidad_vecinal_id":"unidad_vecinal:UV-103"},"geometry":{"type":"Polygon","coordinates":[[[-63.1916742,-17.7855393],[-63.1907308,-17.7855393],[-63.1907308,-17.7846349],[-63.1916742,-17.7846349],[-63.1916742,-17.7855393]]]}},{"type":"Feature","id":"manzana:UV-103-027","properties":{"id":"manzana:UV-103-027","codigo":"UV-103-027","nombre":"","tipo":"manzana","version_capa":"samples-sinteticas","fuente":"sintético","distrito_id":"distrito_municipal:D01","unidad_vecinal_id":"unidad_vecinal:UV-103"},"geometry":{"type":"Polygon","coordinates":[[[-63.1916742,-17.7844088],[-63.1907308,-17.7844088],[-63.1907308,-17.7835044],[-63.1916742,-17.7835044],[-63.1916742,-17.7844088]]]}},{"type":"Feature","id":"manzana:UV-103-028","properties":{"id":"manzana:UV-103-028","codigo":"UV-103-028","nombre":"","tipo":"manzana","version_capa":"samples-sinteticas","fuente":"sintético","distrito_id":"distrito_municipal:D01","unidad_vecinal_id":"unidad_vecinal:UV-103"},"geometry":{"type":"Polygon","coordinates":[[[-63.1916742,-17.7832783],[-63.1907308,-17.7832783],[-63.1907308,-17.782374],[-63.1916742,-17.782374],[-63.1916742,-17.7832783]]]}},{"type":"Feature","id":"manzana:UV-103-029","properties":{"id":"manzana:UV-103-029","codigo":"UV-103-029","nombre":"","tipo":"manzana","version_capa":"samples-sinteticas","fuente":"sintético","distrito_id":"distrito_municipal:D01","unidad_vecinal_id":"unidad_vecinal:UV-103"},"geometry":{"type":"Polygon","coordinates":[[[-63.1916742,-17.7821479],[-63.1907308,-17.7821479],[-63.1907308,-17.7812435],[-63.1916742,-17.7812435],[-63.1916742,-17.7821479]]]}},{"type":"Feature","id":"manzana:UV-103-030","properties":{"id":"manzana:UV-103-030","codigo":"UV-103-030","nombre":"","tipo":"manzana","version_capa":"samples-sinteticas","fuente":"sintético","distrito_id":"distrito_municipal:D01","unidad_vecinal_id":"unidad_vecinal:UV-103"},"geometry":{"type":"Polygon","coordinates":[[[-63.1916742,-17.7810174],[-63.1907308,-17.7810174],[-63.1907308,-17.780113],[-63.1916742,-17.780113],[-63.1916742,-17.7810174]]]}},{"type":"Feature","id":"manzana:UV-103-031","properties":{"id":"manzana:UV-103-031","codigo":"UV-103-031","nombre":"","tipo":"manzana","version_capa":"samples-sinteticas","fuente":"sintético","distrito_id":"distrito_municipal:D01","unidad_vecinal_id":"unidad_vecinal:UV-103"},"geometry":{"type":"Polygon","coordinates":[[[-63.1916742,-17.779887],[-63.1907308,-17.779887],[-63.1907308,-17.7789826],[-63.1916742,-17.7789826],[-63.1916742,-17.779887]]]}},{"type":"Feature","id":"manzana:UV-103-032","properties":{"id":"manzana:UV-103-032","codigo":"UV-103-032","nombre":"","tipo":"manzana","version_capa":"samples-sinteticas","fuente":"sintético","distrito_id":"distrito_municipal:D01","unidad_vecinal_id":"unidad_vecinal:UV-103"},"geometry":{"type":"Polygon","coordinates":[[[-63.1916742,-17.7787565],[-63.1907308,-17.7787565],[-63.1907308,-17.7778521],[-63.1916742,-17.7778521],[-63.1916742,-17.7787565]]]}},{"type":"Feature","id":"manzana:UV-103-033","properties":{"id":"manzana:UV-103-033","codigo":"UV-103-033","nombre":"","tipo":"manzana","version_capa":"samples-sinteticas","fuente":"sintético","distrito_id":"distrito_municipal:D01","unidad_vecinal_id":"unidad_vecinal:UV-103"},"geometry":{"type":"Polygon","coordinates":[[[-63.1916742,-17.777626],[-63.1907308,-17.777626],[-63.1907308,-17.7767217],[-63.1916742,-17.7767217],[-63.1916742,-17.777626]]]}},{"type":"Feature","id":"manzana:UV-103-034","properties":{"id":"manzana:UV-103-034","codigo":"UV-103-034","nombre":"","tipo":"manzana","version_capa":"samples-sinteticas","fuente":"sintético","distrito_id":"distrito_municipal:D01","unidad_vecinal_id":"unidad_vecinal:UV-103"},"geometry":{"type":"Polygon","coordinates":[[[-63.1916742,-17.7764956],[-63.1907308,-17.7764956],[-63.1907308,-17.7755912],[-63.1916742,-17.7755912],[-63.1916742,-17.7764956]]]}},{"type":"Feature","id":"manzana:UV-103-035","properties":{"id":"manzana:UV-103-035","codigo":"UV-103-035","nombre":"","tipo":"manzana","version_capa":"samples-sinteticas","fuente":"sintético","distrito_id":"distrito_municipal:D01","unidad_vecinal_id":"unidad_vecinal:UV-103"},"geometry":{"type":"Polygon","coordinates":[[[-63.1916742,-17.7753651],[-63.1907308,-17.7753651],[-63.1907308,-17.7744607],[-63.1916742,-17.7744607],[-63.1916742,-17.7753651]]]}},{"type":"Feature","id":"manzana:UV-103-036","properties":{"id":"manzana:UV-103-036","codigo":"UV-103-036","nombre":"","tipo":"manzana","version_capa":"samples-sinteticas","fuente":"sintético","distrito_id":"distrito_municipal:D01","unidad_vecinal_id":"unidad_vecinal:UV-103"},"geometry":{"type":"Polygon","coordinates":[[[-63.1916742,-17.7742346],[-63.1907308,-17.7742346],[-63.1907308,-17.7733303],[-63.1916742,-17.7733303],[-63.1916742,-17.7742346]]]}},{"type":"Feature","id":"manzana:UV-103-037","properties":{"id":"manzana:UV-103-037","codigo":"UV-103-037","nombre":"","tipo":"manzana","version_capa":"samples-sinteticas","fuente":"sintético","distrito_id":"distrito_municipal:D01","unidad_vecinal_id":"unidad_vecinal:UV-103"},"geometry":{"type":"Polygon","coordinates":[[[-63.190495,-17.7866697],[-63.1895516,-17.7866697],[-63.1895516,-17.7857654],[-63.190495,-17.7857654],[-63.190495,-17.7866697]]]}},{"type":"Feature","id":"manzana:UV-103-038","properties":{"id":"manzana:UV-103-038","codigo":"UV-103-038","nombre":"","tipo":"manzana","version_capa":"samples-sinteticas","fuente":"sintético","distrito_id":"distrito_municipal:D01","unidad_vecinal_id":"unidad_vecinal:UV-103"},"geometry":{"type":"Polygon","coordinates":[[[-63.190495,-17.7855393],[-63.1895516,-17.7855393],[-63.1895516,-17.7846349],[-63.190495,-17.7846349],[-63.190495,-17.7855393]]]}},{"type":"Feature","id":"manzana:UV-103-039","properties":{"id":"manzana:UV-103-039","codigo":"UV-103-039","nombre":"","tipo":"manzana","version_capa":"samples-sinteticas","fuente":"sintético","distrito_id":"distrito_municipal:D01","unidad_vecinal_id":"unidad_vecinal:UV-103"},"geometry":{"type":"Polygon","coordinates":[[[-63.190495,-17.7844088],[-63.1895516,-17.7844088],[-63.1895516,-17.7835044],[-63.190495,-17.7835044],[-63.190495,-17.7844088]]]}},{"type":"Feature","id":"manzana:UV-103-040","properties":{"id":"manzana:UV-103-040","codigo":"UV-103-040","nombre":"","tipo":"manzana","version_capa":"samples-sinteticas","fuente":"sintético","distrito_id":"distrito_municipal:D01","unidad_vecinal_id":"unidad_vecinal:UV-103"},"geometry":{"type":"Polygon","coordinates":[[[-63.190495,-17.7832783],[-63.1895516,-17.7832783],[-63.1895516,-17.782374],[-63.190495,-17.782374],[-63.190495,-17.7832783]]]}},{"type":"Feature","id":"manzana:UV-103-041","properties":{"id":"manzana:UV-103-041","codigo":"UV-103-041","nombre":"","tipo":"manzana","version_capa":"samples-sinteticas","fuente":"sintético","distrito_id":"distrito_municipal:D01","unidad_vecinal_id":"unidad_vecinal:UV-103"},"geometry":{"type":"Polygon","coordinates":[[[-63.190495,-17.7821479],[-63.1895516,-17.7821479],[-63.1895516,-17.7812435],[-63.190495,-17.7812435],[-63.190495,-17.7821479]]]}},{"type":"Feature","id":"manzana:UV-103-042","properties":{"id":"manzana:UV-103-042","codigo":"UV-103-042","nombre":"","tipo":"manzana","version_capa":"samples-sinteticas","fuente":"sintético","distrito_id":"distrito_municipal:D01","unidad_vecinal_id":"unidad_vecinal:UV-103"},"geometry":{"type":"Polygon","coordinates":[[[-63.190495,-17.7810174],[-63.1895516,-17.7810174],[-63.1895516,-17.780113],[-63.190495,-17.780113],[-63.190495,-17.7810174]]]}},{"type":"Feature","id":"manzana:UV-103-043","properties":{"id":"manzana:UV-103-043","codigo":"UV-103-043","nombre":"","tipo":"manzana","version_capa":"samples-sinteticas","fuente":"sintético","distrito_id":"distrito_municipal:D01","unidad_vecinal_id":"unidad_vecinal:UV-103"},"geometry":{"type":"Polygon","coordinates":[[[-63.190495,-17.779887],[-63.1895516,-17.779887],[-63.1895516,-17.7789826],[-63.190495,-17.7789826],[-63.190495,-17.779887]]]}},{"type":"Feature","id":"manzana:UV-103-044","properties":{"id":"manzana:UV-103-044","codigo":"UV-103-044","nombre":"","tipo":"manzana","version_capa":"samples-sinteticas","fuente":"sintético","distrito_id":"distrito_municipal:D01","unidad_vecinal_id":"unidad_vecinal:UV-103"},"geometry":{"type":"Polygon","coordinates":[[[-63.190495,-17.7787565],[-63.1895516,-17.7787565],[-63.1895516,-17.7778521],[-63.190495,-17.7778521],[-63.190495,-17.7787565]]]}},{"type":"Feature","id":"manzana:UV-103-045","properties":{"id":"manzana:UV-103-045","codigo":"UV-103-045","nombre":"","tipo":"manzana","version_capa":"samples-sinteticas","fuente":"sintético","distrito_id":"distrito_municipal:D01","unidad_vecinal_id":"unidad_vecinal:UV-103"},"geometry":{"type":"Polygon","coordinates":[[[-63.190495,-17.777626],[-63.1895516,-17.777626],[-63.1895516,-17.7767217],[-63.190495,-17.7767217],[-63.190495,-17.777626]]]}},{"type":"Feature","id":"manzana:UV-103-046","properties":{"id":"manzana:UV-103-046","codigo":"UV-103-046","nombre":"","tipo":"manzana","version_capa":"samples-sinteticas","fuente":"sintético","distrito_id":"distrito_municipal:D01","unidad_vecinal_id":"unidad_vecinal:UV-103"},"geometry":{"type":"Polygon","coordinates":[[[-63.190495,-17.7764956],[-63.1895516,-17.7764956],[-63.1895516,-17.7755912],[-63.190495,-17.7755912],[-63.190495,-17.7764956]]]}},{"type":"Feature","id":"manzana:UV-103-047","properties":{"id":"manzana:UV-103-047","codigo":"UV-103-047","nombre":"","tipo":"manzana","version_capa":"samples-sinteticas","fuente":"sintético","distrito_id":"distrito_municipal:D01","unidad_vecinal_id":"unidad_vecinal:UV-103"},"geometry":{"type":"Polygon","coordinates":[[[-63.190495,-17.7753651],[-63.1895516,-17.7753651],[-63.1895516,-17.7744607],[-63.190495,-17.7744607],[-63.190495,-17.7753651]]]}},{"type":"Feature","id":"manzana:UV-103-048","properties":{"id":"manzana:UV-103-048","codigo":"UV-103-048","nombre":"","tipo":"manzana","version_capa":"samples-sinteticas","fuente":"sintético","distrito_id":"distrito_municipal:D01","unidad_vecinal_id":"unidad_vecinal:UV-103"},"geometry":{"type":"Polygon","coordinates":[[[-63.190495,-17.7742346],[-63.1895516,-17.7742346],[-63.1895516,-17.7733303],[-63.190495,-17.7733303],[-63.190495,-17.7742346]]]}},{"type":"Feature","id":"manzana:UV-103-049","properties":{"id":"manzana:UV-103-049","codigo":"UV-103-049","nombre":"","tipo":"manzana","version_capa":"samples-sinteticas","fuente":"sintético","distrito_id":"distrito_municipal:D01","unidad_vecinal_id":"unidad_vecinal:UV-103"},"geometry":{"type":"Polygon","coordinates":[[[-63.1893158,-17.7866697],[-63.1883724,-17.7866697],[-63.1883724,-17.7857654],[-63.1893158,-17.7857654],[-63.1893158,-17.7866697]]]}},{"type":"Feature","id":"manzana:UV-103-050","properties":{"id":"manzana:UV-103-050","codigo":"UV-103-050","nombre":"","tipo":"manzana","version_capa":"samples-sinteticas","fuente":"sintético","distrito_id":"distrito_municipal:D01","unidad_vecinal_id":"unidad_vecinal:UV-103"},"geometry":{"type":"Polygon","coordinates":[[[-63.1893158,-17.7855393],[-63.1883724,-17.7855393],[-63.1883724,-17.7846349],[-63.1893158,-17.7846349],[-63.1893158,-17.7855393]]]}},{"type":"Feature","id":"manzana:UV-103-051","properties":{"id":"manzana:UV-103-051","codigo":"UV-103-051","nombre":"","tipo":"manzana","version_capa":"samples-sinteticas","fuente":"sintético","distrito_id":"distrito_municipal:D01","unidad_vecinal_id":"unidad_vecinal:UV-103"},"geometry":{"type":"Polygon","coordinates":[[[-63.1893158,-17.7844088],[-63.1883724,-17.7844088],[-63.1883724,-17.7835044],[-63.1893158,-17.7835044],[-63.1893158,-17.7844088]]]}},{"type":"Feature","id":"manzana:UV-103-052","properties":{"id":"manzana:UV-103-052","codigo":"UV-103-052","nombre":"","tipo":"manzana","version_capa":"samples-sinteticas","fuente":"sintético","distrito_id":"distrito_municipal:D01","unidad_vecinal_id":"unidad_vecinal:UV-103"},"geometry":{"type":"Polygon","coordinates":[[[-63.1893158,-17.7832783],[-63.1883724,-17.7832783],[-63.1883724,-17.782374],[-63.1893158,-17.782374],[-63.1893158,-17.7832783]]]}},{"type":"Feature","id":"manzana:UV-103-053","properties":{"id":"manzana:UV-103-053","codigo":"UV-103-053","nombre":"","tipo":"manzana","version_capa":"samples-sinteticas","fuente":"sintético","distrito_id":"distrito_municipal:D01","unidad_vecinal_id":"unidad_vecinal:UV-103"},"geometry":{"type":"Polygon","coordinates":[[[-63.1893158,-17.7821479],[-63.1883724,-17.7821479],[-63.1883724,-17.7812435],[-63.1893158,-17.7812435],[-63.1893158,-17.7821479]]]}},{"type":"Feature","id":"manzana:UV-103-054","properties":{"id":"manzana:UV-103-054","codigo":"UV-103-054","nombre":"","tipo":"manzana","version_capa":"samples-sinteticas","fuente":"sintético","distrito_id":"distrito_municipal:D01","unidad_vecinal_id":"unidad_vecinal:UV-103"},"geometry":{"type":"Polygon","coordinates":[[[-63.1893158,-17.7810174],[-63.1883724,-17.7810174],[-63.1883724,-17.780113],[-63.1893158,-17.780113],[-63.1893158,-17.7810174]]]}},{"type":"Feature","id":"manzana:UV-103-055","properties":{"id":"manzana:UV-103-055","codigo":"UV-103-055","nombre":"","tipo":"manzana","version_capa":"samples-sinteticas","fuente":"sintético","distrito_id":"distrito_municipal:D01","unidad_vecinal_id":"unidad_vecinal:UV-103"},"geometry":{"type":"Polygon","coordinates":[[[-63.1893158,-17.779887],[-63.1883724,-17.779887],[-63.1883724,-17.7789826],[-63.1893158,-17.7789826],[-63.1893158,-17.779887]]]}},{"type":"Feature","id":"manzana:UV-103-056","properties":{"id":"manzana:UV-103-056","codigo":"UV-103-056","nombre":"","tipo":"manzana","version_capa":"samples-sinteticas","fuente":"sintético","distrito_id":"distrito_municipal:D01","unidad_vecinal_id":"unidad_vecinal:UV-103"},"geometry":{"type":"Polygon","coordinates":[[[-63.1893158,-17.7787565],[-63.1883724,-17.7787565],[-63.1883724,-17.7778521],[-63.1893158,-17.7778521],[-63.1893158,-17.7787565]]]}},{"type":"Feature","id":"manzana:UV-103-057","properties":{"id":"manzana:UV-103-057","codigo":"UV-103-057","nombre":"","tipo":"manzana","version_capa":"samples-sinteticas","fuente":"sintético","distrito_id":"distrito_municipal:D01","unidad_vecinal_id":"unidad_vecinal:UV-103"},"geometry":{"type":"Polygon","coordinates":[[[-63.1893158,-17.777626],[-63.1883724,-17.777626],[-63.1883724,-17.7767217],[-63.1893158,-17.7767217],[-63.1893158,-17.777626]]]}},{"type":"Feature","id":"manzana:UV-103-058","properties":{"id":"manzana:UV-103-058","codigo":"UV-103-058","nombre":"","tipo":"manzana","version_capa":"samples-sinteticas","fuente":"sintético","distrito_id":"distrito_municipal:D01","unidad_vecinal_id":"unidad_vecinal:UV-103"},"geometry":{"type":"Polygon","coordinates":[[[-63.1893158,-17.7764956],[-63.1883724,-17.7764956],[-63.1883724,-17.7755912],[-63.1893158,-17.7755912],[-63.1893158,-17.7764956]]]}},{"type":"Feature","id":"manzana:UV-103-059","properties":{"id":"manzana:UV-103-059","codigo":"UV-103-059","nombre":"","tipo":"manzana","version_capa":"samples-sinteticas","fuente":"sintético","distrito_id":"distrito_municipal:D01","unidad_vecinal_id":"unidad_vecinal:UV-103"},"geometry":{"type":"Polygon","coordinates":[[[-63.1893158,-17.7753651],[-63.1883724,-17.7753651],[-63.1883724,-17.7744607],[-63.1893158,-17.7744607],[-63.1893158,-17.7753651]]]}},{"type":"Feature","id":"manzana:UV-103-060","properties":{"id":"manzana:UV-103-060","codigo":"UV-103-060","nombre":"","tipo":"manzana","version_capa":"samples-sinteticas","fuente":"sintético","distrito_id":"distrito_municipal:D01","unidad_vecinal_id":"unidad_vecinal:UV-103"},"geometry":{"type":"Polygon","coordinates":[[[-63.1893158,-17.7742346],[-63.1883724,-17.7742346],[-63.1883724,-17.7733303],[-63.1893158,-17.7733303],[-63.1893158,-17.7742346]]]}},{"type":"Feature","id":"manzana:UV-103-061","properties":{"id":"manzana:UV-103-061","codigo":"UV-103-061","nombre":"","tipo":"manzana","version_capa":"samples-sinteticas","fuente":"sintético","distrito_id":"distrito_municipal:D01","unidad_vecinal_id":"unidad_vecinal:UV-103"},"geometry":{"type":"Polygon","coordinates":[[[-63.1881366,-17.7866697],[-63.1871932,-17.7866697],[-63.1871932,-17.7857654],[-63.1881366,-17.7857654],[-63.1881366,-17.7866697]]]}},{"type":"Feature","id":"manzana:UV-103-062","properties":{"id":"manzana:UV-103-062","codigo":"UV-103-062","nombre":"","tipo":"manzana","version_capa":"samples-sinteticas","fuente":"sintético","distrito_id":"distrito_municipal:D01","unidad_vecinal_id":"unidad_vecinal:UV-103"},"geometry":{"type":"Polygon","coordinates":[[[-63.1881366,-17.7855393],[-63.1871932,-17.7855393],[-63.1871932,-17.7846349],[-63.1881366,-17.7846349],[-63.1881366,-17.7855393]]]}},{"type":"Feature","id":"manzana:UV-103-063","properties":{"id":"manzana:UV-103-063","codigo":"UV-103-063","nombre":"","tipo":"manzana","version_capa":"samples-sinteticas","fuente":"sintético","distrito_id":"distrito_municipal:D01","unidad_vecinal_id":"unidad_vecinal:UV-103"},"geometry":{"type":"Polygon","coordinates":[[[-63.1881366,-17.7844088],[-63.1871932,-17.7844088],[-63.1871932,-17.7835044],[-63.1881366,-17.7835044],[-63.1881366,-17.7844088]]]}},{"type":"Feature","id":"manzana:UV-103-064","properties":{"id":"manzana:UV-103-064","codigo":"UV-103-064","nombre":"","tipo":"manzana","version_capa":"samples-sinteticas","fuente":"sintético","distrito_id":"distrito_municipal:D01","unidad_vecinal_id":"unidad_vecinal:UV-103"},"geometry":{"type":"Polygon","coordinates":[[[-63.1881366,-17.7832783],[-63.1871932,-17.7832783],[-63.1871932,-17.782374],[-63.1881366,-17.782374],[-63.1881366,-17.7832783]]]}},{"type":"Feature","id":"manzana:UV-103-065","properties":{"id":"manzana:UV-103-065","codigo":"UV-103-065","nombre":"","tipo":"manzana","version_capa":"samples-sinteticas","fuente":"sintético","distrito_id":"distrito_municipal:D01","unidad_vecinal_id":"unidad_vecinal:UV-103"},"geometry":{"type":"Polygon","coordinates":[[[-63.1881366,-17.7821479],[-63.1871932,-17.7821479],[-63.1871932,-17.7812435],[-63.1881366,-17.7812435],[-63.1881366,-17.7821479]]]}},{"type":"Feature","id":"manzana:UV-103-066","properties":{"id":"manzana:UV-103-066","codigo":"UV-103-066","nombre":"","tipo":"manzana","version_capa":"samples-sinteticas","fuente":"sintético","distrito_id":"distrito_municipal:D01","unidad_vecinal_id":"unidad_vecinal:UV-103"},"geometry":{"type":"Polygon","coordinates":[[[-63.1881366,-17.7810174],[-63.1871932,-17.7810174],[-63.1871932,-17.780113],[-63.1881366,-17.780113],[-63.1881366,-17.7810174]]]}},{"type":"Feature","id":"manzana:UV-103-067","properties":{"id":"manzana:UV-103-067","codigo":"UV-103-067","nombre":"","tipo":"manzana","version_capa":"samples-sinteticas","fuente":"sintético","distrito_id":"distrito_municipal:D01","unidad_vecinal_id":"unidad_vecinal:UV-103"},"geometry":{"type":"Polygon","coordinates":[[[-63.1881366,-17.779887],[-63.1871932,-17.779887],[-63.1871932,-17.7789826],[-63.1881366,-17.7789826],[-63.1881366,-17.779887]]]}},{"type":"Feature","id":"manzana:UV-103-068","properties":{"id":"manzana:UV-103-068","codigo":"UV-103-068","nombre":"","tipo":"manzana","version_capa":"samples-sinteticas","fuente":"sintético","distrito_id":"distrito_municipal:D01","unidad_vecinal_id":"unidad_vecinal:UV-103"},"geometry":{"type":"Polygon","coordinates":[[[-63.1881366,-17.7787565],[-63.1871932,-17.7787565],[-63.1871932,-17.7778521],[-63.1881366,-17.7778521],[-63.1881366,-17.7787565]]]}},{"type":"Feature","id":"manzana:UV-103-069","properties":{"id":"manzana:UV-103-069","codigo":"UV-103-069","nombre":"","tipo":"manzana","version_capa":"samples-sinteticas","fuente":"sintético","distrito_id":"distrito_municipal:D01","unidad_vecinal_id":"unidad_vecinal:UV-103"},"geometry":{"type":"Polygon","coordinates":[[[-63.1881366,-17.777626],[-63.1871932,-17.777626],[-63.1871932,-17.7767217],[-63.1881366,-17.7767217],[-63.1881366,-17.777626]]]}},{"type":"Feature","id":"manzana:UV-103-070","properties":{"id":"manzana:UV-103-070","codigo":"UV-103-070","nombre":"","tipo":"manzana","version_capa":"samples-sinteticas","fuente":"sintético","distrito_id":"distrito_municipal:D01","unidad_vecinal_id":"unidad_vecinal:UV-103"},"geometry":{"type":"Polygon","coordinates":[[[-63.1881366,-17.7764956],[-63.1871932,-17.7764956],[-63.1871932,-17.7755912],[-63.1881366,-17.7755912],[-63.1881366,-17.7764956]]]}},{"type":"Feature","id":"manzana:UV-103-071","properties":{"id":"manzana:UV-103-071","codigo":"UV-103-071","nombre":"","tipo":"manzana","version_capa":"samples-sinteticas","fuente":"sintético","distrito_id":"distrito_municipal:D01","unidad_vecinal_id":"unidad_vecinal:UV-103"},"geometry":{"type":"Polygon","coordinates":[[[-63.1881366,-17.7753651],[-63.1871932,-17.7753651],[-63.1871932,-17.7744607],[-63.1881366,-17.7744607],[-63.1881366,-17.7753651]]]}},{"type":"Feature","id":"manzana:UV-103-072","properties":{"id":"manzana:UV-103-072","codigo":"UV-103-072","nombre":"","tipo":"manzana","version_capa":"samples-sinteticas","fuente":"sintético","distrito_id":"distrito_municipal:D01","unidad_vecinal_id":"unidad_vecinal:UV-103"},"geometry":{"type":"Polygon","coordinates":[[[-63.1881366,-17.7742346],[-63.1871932,-17.7742346],[-63.1871932,-17.7733303],[-63.1881366,-17.7733303],[-63.1881366,-17.7742346]]]}},{"type":"Feature","id":"manzana:UV-103-073","properties":{"id":"manzana:UV-103-073","codigo":"UV-103-073","nombre":"","tipo":"manzana","version_capa":"samples-sinteticas","fuente":"sintético","distrito_id":"distrito_municipal:D01","unidad_vecinal_id":"unidad_vecinal:UV-103"},"geometry":{"type":"Polygon","coordinates":[[[-63.1869574,-17.7866697],[-63.186014,-17.7866697],[-63.186014,-17.7857654],[-63.1869574,-17.7857654],[-63.1869574,-17.7866697]]]}},{"type":"Feature","id":"manzana:UV-103-074","properties":{"id":"manzana:UV-103-074","codigo":"UV-103-074","nombre":"","tipo":"manzana","version_capa":"samples-sinteticas","fuente":"sintético","distrito_id":"distrito_municipal:D01","unidad_vecinal_id":"unidad_vecinal:UV-103"},"geometry":{"type":"Polygon","coordinates":[[[-63.1869574,-17.7855393],[-63.186014,-17.7855393],[-63.186014,-17.7846349],[-63.1869574,-17.7846349],[-63.1869574,-17.7855393]]]}},{"type":"Feature","id":"manzana:UV-103-075","properties":{"id":"manzana:UV-103-075","codigo":"UV-103-075","nombre":"","tipo":"manzana","version_capa":"samples-sinteticas","fuente":"sintético","distrito_id":"distrito_municipal:D01","unidad_vecinal_id":"unidad_vecinal:UV-103"},"geometry":{"type":"Polygon","coordinates":[[[-63.1869574,-17.7844088],[-63.186014,-17.7844088],[-63.186014,-17.7835044],[-63.1869574,-17.7835044],[-63.1869574,-17.7844088]]]}},{"type":"Feature","id":"manzana:UV-103-076","properties":{"id":"manzana:UV-103-076","codigo":"UV-103-076","nombre":"","tipo":"manzana","version_capa":"samples-sinteticas","fuente":"sintético","distrito_id":"distrito_municipal:D01","unidad_vecinal_id":"unidad_vecinal:UV-103"},"geometry":{"type":"Polygon","coordinates":[[[-63.1869574,-17.7832783],[-63.186014,-17.7832783],[-63.186014,-17.782374],[-63.1869574,-17.782374],[-63.1869574,-17.7832783]]]}},{"type":"Feature","id":"manzana:UV-103-077","properties":{"id":"manzana:UV-103-077","codigo":"UV-103-077","nombre":"","tipo":"manzana","version_capa":"samples-sinteticas","fuente":"sintético","distrito_id":"distrito_municipal:D01","unidad_vecinal_id":"unidad_vecinal:UV-103"},"geometry":{"type":"Polygon","coordinates":[[[-63.1869574,-17.7821479],[-63.186014,-17.7821479],[-63.186014,-17.7812435],[-63.1869574,-17.7812435],[-63.1869574,-17.7821479]]]}},{"type":"Feature","id":"manzana:UV-103-078","properties":{"id":"manzana:UV-103-078","codigo":"UV-103-078","nombre":"","tipo":"manzana","version_capa":"samples-sinteticas","fuente":"sintético","distrito_id":"distrito_municipal:D01","unidad_vecinal_id":"unidad_vecinal:UV-103"},"geometry":{"type":"Polygon","coordinates":[[[-63.1869574,-17.7810174],[-63.186014,-17.7810174],[-63.186014,-17.780113],[-63.1869574,-17.780113],[-63.1869574,-17.7810174]]]}},{"type":"Feature","id":"manzana:UV-103-079","properties":{"id":"manzana:UV-103-079","codigo":"UV-103-079","nombre":"","tipo":"manzana","version_capa":"samples-sinteticas","fuente":"sintético","distrito_id":"distrito_municipal:D01","unidad_vecinal_id":"unidad_vecinal:UV-103"},"geometry":{"type":"Polygon","coordinates":[[[-63.1869574,-17.779887],[-63.186014,-17.779887],[-63.186014,-17.7789826],[-63.1869574,-17.7789826],[-63.1869574,-17.779887]]]}},{"type":"Feature","id":"manzana:UV-103-080","properties":{"id":"manzana:UV-103-080","codigo":"UV-103-080","nombre":"","tipo":"manzana","version_capa":"samples-sinteticas","fuente":"sintético","distrito_id":"distrito_municipal:D01","unidad_vecinal_id":"unidad_vecinal:UV-103"},"geometry":{"type":"Polygon","coordinates":[[[-63.1869574,-17.7787565],[-63.186014,-17.7787565],[-63.186014,-17.7778521],[-63.1869574,-17.7778521],[-63.1869574,-17.7787565]]]}},{"type":"Feature","id":"manzana:UV-103-081","properties":{"id":"manzana:UV-103-081","codigo":"UV-103-081","nombre":"","tipo":"manzana","version_capa":"samples-sinteticas","fuente":"sintético","distrito_id":"distrito_municipal:D01","unidad_vecinal_id":"unidad_vecinal:UV-103"},"geometry":{"type":"Polygon","coordinates":[[[-63.1869574,-17.777626],[-63.186014,-17.777626],[-63.186014,-17.7767217],[-63.1869574,-17.7767217],[-63.1869574,-17.777626]]]}},{"type":"Feature","id":"manzana:UV-103-082","properties":{"id":"manzana:UV-103-082","codigo":"UV-103-082","nombre":"","tipo":"manzana","version_capa":"samples-sinteticas","fuente":"sintético","distrito_id":"distrito_municipal:D01","unidad_vecinal_id":"unidad_vecinal:UV-103"},"geometry":{"type":"Polygon","coordinates":[[[-63.1869574,-17.7764956],[-63.186014,-17.7764956],[-63.186014,-17.7755912],[-63.1869574,-17.7755912],[-63.1869574,-17.7764956]]]}},{"type":"Feature","id":"manzana:UV-103-083","properties":{"id":"manzana:UV-103-083","codigo":"UV-103-083","nombre":"","tipo":"manzana","version_capa":"samples-sinteticas","fuente":"sintético","distrito_id":"distrito_municipal:D01","unidad_vecinal_id":"unidad_vecinal:UV-103"},"geometry":{"type":"Polygon","coordinates":[[[-63.1869574,-17.7753651],[-63.186014,-17.7753651],[-63.186014,-17.7744607],[-63.1869574,-17.7744607],[-63.1869574,-17.7753651]]]}},{"type":"Feature","id":"manzana:UV-103-084","properties":{"id":"manzana:UV-103-084","codigo":"UV-103-084","nombre":"","tipo":"manzana","version_capa":"samples-sinteticas","fuente":"sintético","distrito_id":"distrito_municipal:D01","unidad_vecinal_id":"unidad_vecinal:UV-103"},"geometry":{"type":"Polygon","coordinates":[[[-63.1869574,-17.7742346],[-63.186014,-17.7742346],[-63.186014,-17.7733303],[-63.1869574,-17.7733303],[-63.1869574,-17.7742346]]]}},{"type":"Feature","id":"manzana:UV-103-085","properties":{"id":"manzana:UV-103-085","codigo":"UV-103-085","nombre":"","tipo":"manzana","version_capa":"samples-sinteticas","fuente":"sintético","distrito_id":"distrito_municipal:D01","unidad_vecinal_id":"unidad_vecinal:UV-103"},"geometry":{"type":"Polygon","coordinates":[[[-63.1857781,-17.7866697],[-63.1848348,-17.7866697],[-63.1848348,-17.7857654],[-63.1857781,-17.7857654],[-63.1857781,-17.7866697]]]}},{"type":"Feature","id":"manzana:UV-103-086","properties":{"id":"manzana:UV-103-086","codigo":"UV-103-086","nombre":"","tipo":"manzana","version_capa":"samples-sinteticas","fuente":"sintético","distrito_id":"distrito_municipal:D01","unidad_vecinal_id":"unidad_vecinal:UV-103"},"geometry":{"type":"Polygon","coordinates":[[[-63.1857781,-17.7855393],[-63.1848348,-17.7855393],[-63.1848348,-17.7846349],[-63.1857781,-17.7846349],[-63.1857781,-17.7855393]]]}},{"type":"Feature","id":"manzana:UV-103-087","properties":{"id":"manzana:UV-103-087","codigo":"UV-103-087","nombre":"","tipo":"manzana","version_capa":"samples-sinteticas","fuente":"sintético","distrito_id":"distrito_municipal:D01","unidad_vecinal_id":"unidad_vecinal:UV-103"},"geometry":{"type":"Polygon","coordinates":[[[-63.1857781,-17.7844088],[-63.1848348,-17.7844088],[-63.1848348,-17.7835044],[-63.1857781,-17.7835044],[-63.1857781,-17.7844088]]]}},{"type":"Feature","id":"manzana:UV-103-088","properties":{"id":"manzana:UV-103-088","codigo":"UV-103-088","nombre":"","tipo":"manzana","version_capa":"samples-sinteticas","fuente":"sintético","distrito_id":"distrito_municipal:D01","unidad_vecinal_id":"unidad_vecinal:UV-103"},"geometry":{"type":"Polygon","coordinates":[[[-63.1857781,-17.7832783],[-63.1848348,-17.7832783],[-63.1848348,-17.782374],[-63.1857781,-17.782374],[-63.1857781,-17.7832783]]]}},{"type":"Feature","id":"manzana:UV-103-089","properties":{"id":"manzana:UV-103-089","codigo":"UV-103-089","nombre":"","tipo":"manzana","version_capa":"samples-sinteticas","fuente":"sintético","distrito_id":"distrito_municipal:D01","unidad_vecinal_id":"unidad_vecinal:UV-103"},"geometry":{"type":"Polygon","coordinates":[[[-63.1857781,-17.7821479],[-63.1848348,-17.7821479],[-63.1848348,-17.7812435],[-63.1857781,-17.7812435],[-63.1857781,-17.7821479]]]}},{"type":"Feature","id":"manzana:UV-103-090","properties":{"id":"manzana:UV-103-090","codigo":"UV-103-090","nombre":"","tipo":"manzana","version_capa":"samples-sinteticas","fuente":"sintético","distrito_id":"distrito_municipal:D01","unidad_vecinal_id":"unidad_vecinal:UV-103"},"geometry":{"type":"Polygon","coordinates":[[[-63.1857781,-17.7810174],[-63.1848348,-17.7810174],[-63.1848348,-17.780113],[-63.1857781,-17.780113],[-63.1857781,-17.7810174]]]}},{"type":"Feature","id":"manzana:UV-103-091","properties":{"id":"manzana:UV-103-091","codigo":"UV-103-091","nombre":"","tipo":"manzana","version_capa":"samples-sinteticas","fuente":"sintético","distrito_id":"distrito_municipal:D01","unidad_vecinal_id":"unidad_vecinal:UV-103"},"geometry":{"type":"Polygon","coordinates":[[[-63.1857781,-17.779887],[-63.1848348,-17.779887],[-63.1848348,-17.7789826],[-63.1857781,-17.7789826],[-63.1857781,-17.779887]]]}},{"type":"Feature","id":"manzana:UV-103-092","properties":{"id":"manzana:UV-103-092","codigo":"UV-103-092","nombre":"","tipo":"manzana","version_capa":"samples-sinteticas","fuente":"sintético","distrito_id":"distrito_municipal:D01","unidad_vecinal_id":"unidad_vecinal:UV-103"},"geometry":{"type":"Polygon","coordinates":[[[-63.1857781,-17.7787565],[-63.1848348,-17.7787565],[-63.1848348,-17.7778521],[-63.1857781,-17.7778521],[-63.1857781,-17.7787565]]]}},{"type":"Feature","id":"manzana:UV-103-093","properties":{"id":"manzana:UV-103-093","codigo":"UV-103-093","nombre":"","tipo":"manzana","version_capa":"samples-sinteticas","fuente":"sintético","distrito_id":"distrito_municipal:D01","unidad_vecinal_id":"unidad_vecinal:UV-103"},"geometry":{"type":"Polygon","coordinates":[[[-63.1857781,-17.777626],[-63.1848348,-17.777626],[-63.1848348,-17.7767217],[-63.1857781,-17.7767217],[-63.1857781,-17.777626]]]}},{"type":"Feature","id":"manzana:UV-103-094","properties":{"id":"manzana:UV-103-094","codigo":"UV-103-094","nombre":"","tipo":"manzana","version_capa":"samples-sinteticas","fuente":"sintético","distrito_id":"distrito_municipal:D01","unidad_vecinal_id":"unidad_vecinal:UV-103"},"geometry":{"type":"Polygon","coordinates":[[[-63.1857781,-17.7764956],[-63.1848348,-17.7764956],[-63.1848348,-17.7755912],[-63.1857781,-17.7755912],[-63.1857781,-17.7764956]]]}},{"type":"Feature","id":"manzana:UV-103-095","properties":{"id":"manzana:UV-103-095","codigo":"UV-103-095","nombre":"","tipo":"manzana","version_capa":"samples-sinteticas","fuente":"sintético","distrito_id":"distrito_municipal:D01","unidad_vecinal_id":"unidad_vecinal:UV-103"},"geometry":{"type":"Polygon","coordinates":[[[-63.1857781,-17.7753651],[-63.1848348,-17.7753651],[-63.1848348,-17.7744607],[-63.1857781,-17.7744607],[-63.1857781,-17.7753651]]]}},{"type":"Feature","id":"manzana:UV-103-096","properties":{"id":"manzana:UV-103-096","codigo":"UV-103-096","nombre":"","tipo":"manzana","version_capa":"samples-sinteticas","fuente":"sintético","distrito_id":"distrito_municipal:D01","unidad_vecinal_id":"unidad_vecinal:UV-103"},"geometry":{"type":"Polygon","coordinates":[[[-63.1857781,-17.7742346],[-63.1848348,-17.7742346],[-63.1848348,-17.7733303],[-63.1857781,-17.7733303],[-63.1857781,-17.7742346]]]}},{"type":"Feature","id":"manzana:UV-104-001","properties":{"id":"manzana:UV-104-001","codigo":"UV-104-001","nombre":"","tipo":"manzana","version_capa":"samples-sinteticas","fuente":"sintético","distrito_id":"distrito_municipal:D01","unidad_vecinal_id":"unidad_vecinal:UV-104"},"geometry":{"type":"Polygon","coordinates":[[[-63.1940326,-17.7731042],[-63.1930893,-17.7731042],[-63.1930893,-17.7721998],[-63.1940326,-17.7721998],[-63.1940326,-17.7731042]]]}},{"type":"Feature","id":"manzana:UV-104-002","properties":{"id":"manzana:UV-104-002","codigo":"UV-104-002","nombre":"","tipo":"manzana","version_capa":"samples-sinteticas","fuente":"sintético","distrito_id":"distrito_municipal:D01","unidad_vecinal_id":"unidad_vecinal:UV-104"},"geometry":{"type":"Polygon","coordinates":[[[-63.1940326,-17.7719737],[-63.1930893,-17.7719737],[-63.1930893,-17.7710693],[-63.1940326,-17.7710693],[-63.1940326,-17.7719737]]]}},{"type":"Feature","id":"manzana:UV-104-003","properties":{"id":"manzana:UV-104-003","codigo":"UV-104-003","nombre":"","tipo":"manzana","version_capa":"samples-sinteticas","fuente":"sintético","distrito_id":"distrito_municipal:D01","unidad_vecinal_id":"unidad_vecinal:UV-104"},"geometry":{"type":"Polygon","coordinates":[[[-63.1940326,-17.7708432],[-63.1930893,-17.7708432],[-63.1930893,-17.7699389],[-63.1940326,-17.7699389],[-63.1940326,-17.7708432]]]}},{"type":"Feature","id":"manzana:UV-104-004","properties":{"id":"manzana:UV-104-004","codigo":"UV-104-004","nombre":"","tipo":"manzana","version_capa":"samples-sinteticas","fuente":"sintético","distrito_id":"distrito_municipal:D01","unidad_vecinal_id":"unidad_vecinal:UV-104"},"geometry":{"type":"Polygon","coordinates":[[[-63.1940326,-17.7697128],[-63.1930893,-17.7697128],[-63.1930893,-17.7688084],[-63.1940326,-17.7688084],[-63.1940326,-17.7697128]]]}},{"type":"Feature","id":"manzana:UV-104-005","properties":{"id":"manzana:UV-104-005","codigo":"UV-104-005","nombre":"","tipo":"manzana","version_capa":"samples-sinteticas","fuente":"sintético","distrito_id":"distrito_municipal:D01","unidad_vecinal_id":"unidad_vecinal:UV-104"},"geometry":{"type":"Polygon","coordinates":[[[-63.1940326,-17.7685823],[-63.1930893,-17.7685823],[-63.1930893,-17.7676779],[-63.1940326,-17.7676779],[-63.1940326,-17.7685823]]]}},{"type":"Feature","id":"manzana:UV-104-006","properties":{"id":"manzana:UV-104-006","codigo":"UV-104-006","nombre":"","tipo":"manzana","version_capa":"samples-sinteticas","fuente":"sintético","distrito_id":"distrito_municipal:D01","unidad_vecinal_id":"unidad_vecinal:UV-104"},"geometry":{"type":"Polygon","coordinates":[[[-63.1940326,-17.7674518],[-63.1930893,-17.7674518],[-63.1930893,-17.7665475],[-63.1940326,-17.7665475],[-63.1940326,-17.7674518]]]}},{"type":"Feature","id":"manzana:UV-104-007","properties":{"id":"manzana:UV-104-007","codigo":"UV-104-007","nombre":"","tipo":"manzana","version_capa":"samples-sinteticas","fuente":"sintético","distrito_id":"distrito_municipal:D01","unidad_vecinal_id":"unidad_vecinal:UV-104"},"geometry":{"type":"Polygon","coordinates":[[[-63.1940326,-17.7663214],[-63.1930893,-17.7663214],[-63.1930893,-17.765417],[-63.1940326,-17.765417],[-63.1940326,-17.7663214]]]}},{"type":"Feature","id":"manzana:UV-104-008","properties":{"id":"manzana:UV-104-008","codigo":"UV-104-008","nombre":"","tipo":"manzana","version_capa":"samples-sinteticas","fuente":"sintético","distrito_id":"distrito_municipal:D01","unidad_vecinal_id":"unidad_vecinal:UV-104"},"geometry":{"type":"Polygon","coordinates":[[[-63.1940326,-17.7651909],[-63.1930893,-17.7651909],[-63.1930893,-17.7642865],[-63.1940326,-17.7642865],[-63.1940326,-17.7651909]]]}},{"type":"Feature","id":"manzana:UV-104-009","properties":{"id":"manzana:UV-104-009","codigo":"UV-104-009","nombre":"","tipo":"manzana","version_capa":"samples-sinteticas","fuente":"sintético","distrito_id":"distrito_municipal:D01","unidad_vecinal_id":"unidad_vecinal:UV-104"},"geometry":{"type":"Polygon","coordinates":[[[-63.1940326,-17.7640604],[-63.1930893,-17.7640604],[-63.1930893,-17.7631561],[-63.1940326,-17.7631561],[-63.1940326,-17.7640604]]]}},{"type":"Feature","id":"manzana:UV-104-010","properties":{"id":"manzana:UV-104-010","codigo":"UV-104-010","nombre":"","tipo":"manzana","version_capa":"samples-sinteticas","fuente":"sintético","distrito_id":"distrito_municipal:D01","unidad_vecinal_id":"unidad_vecinal:UV-104"},"geometry":{"type":"Polygon","coordinates":[[[-63.1940326,-17.76293],[-63.1930893,-17.76293],[-63.1930893,-17.7620256],[-63.1940326,-17.7620256],[-63.1940326,-17.76293]]]}},{"type":"Feature","id":"manzana:UV-104-011","properties":{"id":"manzana:UV-104-011","codigo":"UV-104-011","nombre":"","tipo":"manzana","version_capa":"samples-sinteticas","fuente":"sintético","distrito_id":"distrito_municipal:D01","unidad_vecinal_id":"unidad_vecinal:UV-104"},"geometry":{"type":"Polygon","coordinates":[[[-63.1940326,-17.7617995],[-63.1930893,-17.7617995],[-63.1930893,-17.7608951],[-63.1940326,-17.7608951],[-63.1940326,-17.7617995]]]}},{"type":"Feature","id":"manzana:UV-104-012","properties":{"id":"manzana:UV-104-012","codigo":"UV-104-012","nombre":"","tipo":"manzana","version_capa":"samples-sinteticas","fuente":"sintético","distrito_id":"distrito_municipal:D01","unidad_vecinal_id":"unidad_vecinal:UV-104"},"geometry":{"type":"Polygon","coordinates":[[[-63.1940326,-17.7606691],[-63.1930893,-17.7606691],[-63.1930893,-17.7597647],[-63.1940326,-17.7597647],[-63.1940326,-17.7606691]]]}},{"type":"Feature","id":"manzana:UV-104-013","properties":{"id":"manzana:UV-104-013","codigo":"UV-104-013","nombre":"","tipo":"manzana","version_capa":"samples-sinteticas","fuente":"sintético","distrito_id":"distrito_municipal:D01","unidad_vecinal_id":"unidad_vecinal:UV-104"},"geometry":{"type":"Polygon","coordinates":[[[-63.1928534,-17.7731042],[-63.19191,-17.7731042],[-63.19191,-17.7721998],[-63.1928534,-17.7721998],[-63.1928534,-17.7731042]]]}},{"type":"Feature","id":"manzana:UV-104-014","properties":{"id":"manzana:UV-104-014","codigo":"UV-104-014","nombre":"","tipo":"manzana","version_capa":"samples-sinteticas","fuente":"sintético","distrito_id":"distrito_municipal:D01","unidad_vecinal_id":"unidad_vecinal:UV-104"},"geometry":{"type":"Polygon","coordinates":[[[-63.1928534,-17.7719737],[-63.19191,-17.7719737],[-63.19191,-17.7710693],[-63.1928534,-17.7710693],[-63.1928534,-17.7719737]]]}},{"type":"Feature","id":"manzana:UV-104-015","properties":{"id":"manzana:UV-104-015","codigo":"UV-104-015","nombre":"","tipo":"manzana","version_capa":"samples-sinteticas","fuente":"sintético","distrito_id":"distrito_municipal:D01","unidad_vecinal_id":"unidad_vecinal:UV-104"},"geometry":{"type":"Polygon","coordinates":[[[-63.1928534,-17.7708432],[-63.19191,-17.7708432],[-63.19191,-17.7699389],[-63.1928534,-17.7699389],[-63.1928534,-17.7708432]]]}},{"type":"Feature","id":"manzana:UV-104-016","properties":{"id":"manzana:UV-104-016","codigo":"UV-104-016","nombre":"","tipo":"manzana","version_capa":"samples-sinteticas","fuente":"sintético","distrito_id":"distrito_municipal:D01","unidad_vecinal_id":"unidad_vecinal:UV-104"},"geometry":{"type":"Polygon","coordinates":[[[-63.1928534,-17.7697128],[-63.19191,-17.7697128],[-63.19191,-17.7688084],[-63.1928534,-17.7688084],[-63.1928534,-17.7697128]]]}},{"type":"Feature","id":"manzana:UV-104-017","properties":{"id":"manzana:UV-104-017","codigo":"UV-104-017","nombre":"","tipo":"manzana","version_capa":"samples-sinteticas","fuente":"sintético","distrito_id":"distrito_municipal:D01","unidad_vecinal_id":"unidad_vecinal:UV-104"},"geometry":{"type":"Polygon","coordinates":[[[-63.1928534,-17.7685823],[-63.19191,-17.7685823],[-63.19191,-17.7676779],[-63.1928534,-17.7676779],[-63.1928534,-17.7685823]]]}},{"type":"Feature","id":"manzana:UV-104-018","properties":{"id":"manzana:UV-104-018","codigo":"UV-104-018","nombre":"","tipo":"manzana","version_capa":"samples-sinteticas","fuente":"sintético","distrito_id":"distrito_municipal:D01","unidad_vecinal_id":"unidad_vecinal:UV-104"},"geometry":{"type":"Polygon","coordinates":[[[-63.1928534,-17.7674518],[-63.19191,-17.7674518],[-63.19191,-17.7665475],[-63.1928534,-17.7665475],[-63.1928534,-17.7674518]]]}},{"type":"Feature","id":"manzana:UV-104-019","properties":{"id":"manzana:UV-104-019","codigo":"UV-104-019","nombre":"","tipo":"manzana","version_capa":"samples-sinteticas","fuente":"sintético","distrito_id":"distrito_municipal:D01","unidad_vecinal_id":"unidad_vecinal:UV-104"},"geometry":{"type":"Polygon","coordinates":[[[-63.1928534,-17.7663214],[-63.19191,-17.7663214],[-63.19191,-17.765417],[-63.1928534,-17.765417],[-63.1928534,-17.7663214]]]}},{"type":"Feature","id":"manzana:UV-104-020","properties":{"id":"manzana:UV-104-020","codigo":"UV-104-020","nombre":"","tipo":"manzana","version_capa":"samples-sinteticas","fuente":"sintético","distrito_id":"distrito_municipal:D01","unidad_vecinal_id":"unidad_vecinal:UV-104"},"geometry":{"type":"Polygon","coordinates":[[[-63.1928534,-17.7651909],[-63.19191,-17.7651909],[-63.19191,-17.7642865],[-63.1928534,-17.7642865],[-63.1928534,-17.7651909]]]}},{"type":"Feature","id":"manzana:UV-104-021","properties":{"id":"manzana:UV-104-021","codigo":"UV-104-021","nombre":"","tipo":"manzana","version_capa":"samples-sinteticas","fuente":"sintético","distrito_id":"distrito_municipal:D01","unidad_vecinal_id":"unidad_vecinal:UV-104"},"geometry":{"type":"Polygon","coordinates":[[[-63.1928534,-17.7640604],[-63.19191,-17.7640604],[-63.19191,-17.7631561],[-63.1928534,-17.7631561],[-63.1928534,-17.7640604]]]}},{"type":"Feature","id":"manzana:UV-104-022","properties":{"id":"manzana:UV-104-022","codigo":"UV-104-022","nombre":"","tipo":"manzana","version_capa":"samples-sinteticas","fuente":"sintético","distrito_id":"distrito_municipal:D01","unidad_vecinal_id":"unidad_vecinal:UV-104"},"geometry":{"type":"Polygon","coordinates":[[[-63.1928534,-17.76293],[-63.19191,-17.76293],[-63.19191,-17.7620256],[-63.1928534,-17.7620256],[-63.1928534,-17.76293]]]}},{"type":"Feature","id":"manzana:UV-104-023","properties":{"id":"manzana:UV-104-023","codigo":"UV-104-023","nombre":"","tipo":"manzana","version_capa":"samples-sinteticas","fuente":"sintético","distrito_id":"distrito_municipal:D01","unidad_vecinal_id":"unidad_vecinal:UV-104"},"geometry":{"type":"Polygon","coordinates":[[[-63.1928534,-17.7617995],[-63.19191,-17.7617995],[-63.19191,-17.7608951],[-63.1928534,-17.7608951],[-63.1928534,-17.7617995]]]}},{"type":"Feature","id":"manzana:UV-104-024","properties":{"id":"manzana:UV-104-024","codigo":"UV-104-024","nombre":"","tipo":"manzana","version_capa":"samples-sinteticas","fuente":"sintético","distrito_id":"distrito_municipal:D01","unidad_vecinal_id":"unidad_vecinal:UV-104"},"geometry":{"type":"Polygon","coordinates":[[[-63.1928534,-17.7606691],[-63.19191,-17.7606691],[-63.19191,-17.7597647],[-63.1928534,-17.7597647],[-63.1928534,-17.7606691]]]}},{"type":"Feature","id":"manzana:UV-104-025","properties":{"id":"manzana:UV-104-025","codigo":"UV-104-025","nombre":"","tipo":"manzana","version_capa":"samples-sinteticas","fuente":"sintético","distrito_id":"distrito_municipal:D01","unidad_vecinal_id":"unidad_vecinal:UV-104"},"geometry":{"type":"Polygon","coordinates":[[[-63.1916742,-17.7731042],[-63.1907308,-17.7731042],[-63.1907308,-17.7721998],[-63.1916742,-17.7721998],[-63.1916742,-17.7731042]]]}},{"type":"Feature","id":"manzana:UV-104-026","properties":{"id":"manzana:UV-104-026","codigo":"UV-104-026","nombre":"","tipo":"manzana","version_capa":"samples-sinteticas","fuente":"sintético","distrito_id":"distrito_municipal:D01","unidad_vecinal_id":"unidad_vecinal:UV-104"},"geometry":{"type":"Polygon","coordinates":[[[-63.1916742,-17.7719737],[-63.1907308,-17.7719737],[-63.1907308,-17.7710693],[-63.1916742,-17.7710693],[-63.1916742,-17.7719737]]]}},{"type":"Feature","id":"manzana:UV-104-027","properties":{"id":"manzana:UV-104-027","codigo":"UV-104-027","nombre":"","tipo":"manzana","version_capa":"samples-sinteticas","fuente":"sintético","distrito_id":"distrito_municipal:D01","unidad_vecinal_id":"unidad_vecinal:UV-104"},"geometry":{"type":"Polygon","coordinates":[[[-63.1916742,-17.7708432],[-63.1907308,-17.7708432],[-63.1907308,-17.7699389],[-63.1916742,-17.7699389],[-63.1916742,-17.7708432]]]}},{"type":"Feature","id":"manzana:UV-104-028","properties":{"id":"manzana:UV-104-028","codigo":"UV-104-028","nombre":"","tipo":"manzana","version_capa":"samples-sinteticas","fuente":"sintético","distrito_id":"distrito_municipal:D01","unidad_vecinal_id":"unidad_vecinal:UV-104"},"geometry":{"type":"Polygon","coordinates":[[[-63.1916742,-17.7697128],[-63.1907308,-17.7697128],[-63.1907308,-17.7688084],[-63.1916742,-17.7688084],[-63.1916742,-17.7697128]]]}},{"type":"Feature","id":"manzana:UV-104-029","properties":{"id":"manzana:UV-104-029","codigo":"UV-104-029","nombre":"","tipo":"manzana","version_capa":"samples-sinteticas","fuente":"sintético","distrito_id":"distrito_municipal:D01","unidad_vecinal_id":"unidad_vecinal:UV-104"},"geometry":{"type":"Polygon","coordinates":[[[-63.1916742,-17.7685823],[-63.1907308,-17.7685823],[-63.1907308,-17.7676779],[-63.1916742,-17.7676779],[-63.1916742,-17.7685823]]]}},{"type":"Feature","id":"manzana:UV-104-030","properties":{"id":"manzana:UV-104-030","codigo":"UV-104-030","nombre":"","tipo":"manzana","version_capa":"samples-sinteticas","fuente":"sintético","distrito_id":"distrito_municipal:D01","unidad_vecinal_id":"unidad_vecinal:UV-104"},"geometry":{"type":"Polygon","coordinates":[[[-63.1916742,-17.7674518],[-63.1907308,-17.7674518],[-63.1907308,-17.7665475],[-63.1916742,-17.7665475],[-63.1916742,-17.7674518]]]}},{"type":"Feature","id":"manzana:UV-104-031","properties":{"id":"manzana:UV-104-031","codigo":"UV-104-031","nombre":"","tipo":"manzana","version_capa":"samples-sinteticas","fuente":"sintético","distrito_id":"distrito_municipal:D01","unidad_vecinal_id":"unidad_vecinal:UV-104"},"geometry":{"type":"Polygon","coordinates":[[[-63.1916742,-17.7663214],[-63.1907308,-17.7663214],[-63.1907308,-17.765417],[-63.1916742,-17.765417],[-63.1916742,-17.7663214]]]}},{"type":"Feature","id":"manzana:UV-104-032","properties":{"id":"manzana:UV-104-032","codigo":"UV-104-032","nombre":"","tipo":"manzana","version_capa":"samples-sinteticas","fuente":"sintético","distrito_id":"distrito_municipal:D01","unidad_vecinal_id":"unidad_vecinal:UV-104"},"geometry":{"type":"Polygon","coordinates":[[[-63.1916742,-17.7651909],[-63.1907308,-17.7651909],[-63.1907308,-17.7642865],[-63.1916742,-17.7642865],[-63.1916742,-17.7651909]]]}},{"type":"Feature","id":"manzana:UV-104-033","properties":{"id":"manzana:UV-104-033","codigo":"UV-104-033","nombre":"","tipo":"manzana","version_capa":"samples-sinteticas","fuente":"sintético","distrito_id":"distrito_municipal:D01","unidad_vecinal_id":"unidad_vecinal:UV-104"},"geometry":{"type":"Polygon","coordinates":[[[-63.1916742,-17.7640604],[-63.1907308,-17.7640604],[-63.1907308,-17.7631561],[-63.1916742,-17.7631561],[-63.1916742,-17.7640604]]]}},{"type":"Feature","id":"manzana:UV-104-034","properties":{"id":"manzana:UV-104-034","codigo":"UV-104-034","nombre":"","tipo":"manzana","version_capa":"samples-sinteticas","fuente":"sintético","distrito_id":"distrito_municipal:D01","unidad_vecinal_id":"unidad_vecinal:UV-104"},"geometry":{"type":"Polygon","coordinates":[[[-63.1916742,-17.76293],[-63.1907308,-17.76293],[-63.1907308,-17.7620256],[-63.1916742,-17.7620256],[-63.1916742,-17.76293]]]}},{"type":"Feature","id":"manzana:UV-104-035","properties":{"id":"manzana:UV-104-035","codigo":"UV-104-035","nombre":"","tipo":"manzana","version_capa":"samples-sinteticas","fuente":"sintético","distrito_id":"distrito_municipal:D01","unidad_vecinal_id":"unidad_vecinal:UV-104"},"geometry":{"type":"Polygon","coordinates":[[[-63.1916742,-17.7617995],[-63.1907308,-17.7617995],[-63.1907308,-17.7608951],[-63.1916742,-17.7608951],[-63.1916742,-17.7617995]]]}},{"type":"Feature","id":"manzana:UV-104-036","properties":{"id":"manzana:UV-104-036","codigo":"UV-104-036","nombre":"","tipo":"manzana","version_capa":"samples-sinteticas","fuente":"sintético","distrito_id":"distrito_municipal:D01","unidad_vecinal_id":"unidad_vecinal:UV-104"},"geometry":{"type":"Polygon","coordinates":[[[-63.1916742,-17.7606691],[-63.1907308,-17.7606691],[-63.1907308,-17.7597647],[-63.1916742,-17.7597647],[-63.1916742,-17.7606691]]]}},{"type":"Feature","id":"manzana:UV-104-037","properties":{"id":"manzana:UV-104-037","codigo":"UV-104-037","nombre":"","tipo":"manzana","version_capa":"samples-sinteticas","fuente":"sintético","distrito_id":"distrito_municipal:D01","unidad_vecinal_id":"unidad_vecinal:UV-104"},"geometry":{"type":"Polygon","coordinates":[[[-63.190495,-17.7731042],[-63.1895516,-17.7731042],[-63.1895516,-17.7721998],[-63.190495,-17.7721998],[-63.190495,-17.7731042]]]}},{"type":"Feature","id":"manzana:UV-104-038","properties":{"id":"manzana:UV-104-038","codigo":"UV-104-038","nombre":"","tipo":"manzana","version_capa":"samples-sinteticas","fuente":"sintético","distrito_id":"distrito_municipal:D01","unidad_vecinal_id":"unidad_vecinal:UV-104"},"geometry":{"type":"Polygon","coordinates":[[[-63.190495,-17.7719737],[-63.1895516,-17.7719737],[-63.1895516,-17.7710693],[-63.190495,-17.7710693],[-63.190495,-17.7719737]]]}},{"type":"Feature","id":"manzana:UV-104-039","properties":{"id":"manzana:UV-104-039","codigo":"UV-104-039","nombre":"","tipo":"manzana","version_capa":"samples-sinteticas","fuente":"sintético","distrito_id":"distrito_municipal:D01","unidad_vecinal_id":"unidad_vecinal:UV-104"},"geometry":{"type":"Polygon","coordinates":[[[-63.190495,-17.7708432],[-63.1895516,-17.7708432],[-63.1895516,-17.7699389],[-63.190495,-17.7699389],[-63.190495,-17.7708432]]]}},{"type":"Feature","id":"manzana:UV-104-040","properties":{"id":"manzana:UV-104-040","codigo":"UV-104-040","nombre":"","tipo":"manzana","version_capa":"samples-sinteticas","fuente":"sintético","distrito_id":"distrito_municipal:D01","unidad_vecinal_id":"unidad_vecinal:UV-104"},"geometry":{"type":"Polygon","coordinates":[[[-63.190495,-17.7697128],[-63.1895516,-17.7697128],[-63.1895516,-17.7688084],[-63.190495,-17.7688084],[-63.190495,-17.7697128]]]}},{"type":"Feature","id":"manzana:UV-104-041","properties":{"id":"manzana:UV-104-041","codigo":"UV-104-041","nombre":"","tipo":"manzana","version_capa":"samples-sinteticas","fuente":"sintético","distrito_id":"distrito_municipal:D01","unidad_vecinal_id":"unidad_vecinal:UV-104"},"geometry":{"type":"Polygon","coordinates":[[[-63.190495,-17.7685823],[-63.1895516,-17.7685823],[-63.1895516,-17.7676779],[-63.190495,-17.7676779],[-63.190495,-17.7685823]]]}},{"type":"Feature","id":"manzana:UV-104-042","properties":{"id":"manzana:UV-104-042","codigo":"UV-104-042","nombre":"","tipo":"manzana","version_capa":"samples-sinteticas","fuente":"sintético","distrito_id":"distrito_municipal:D01","unidad_vecinal_id":"unidad_vecinal:UV-104"},"geometry":{"type":"Polygon","coordinates":[[[-63.190495,-17.7674518],[-63.1895516,-17.7674518],[-63.1895516,-17.7665475],[-63.190495,-17.7665475],[-63.190495,-17.7674518]]]}},{"type":"Feature","id":"manzana:UV-104-043","properties":{"id":"manzana:UV-104-043","codigo":"UV-104-043","nombre":"","tipo":"manzana","version_capa":"samples-sinteticas","fuente":"sintético","distrito_id":"distrito_municipal:D01","unidad_vecinal_id":"unidad_vecinal:UV-104"},"geometry":{"type":"Polygon","coordinates":[[[-63.190495,-17.7663214],[-63.1895516,-17.7663214],[-63.1895516,-17.765417],[-63.190495,-17.765417],[-63.190495,-17.7663214]]]}},{"type":"Feature","id":"manzana:UV-104-044","properties":{"id":"manzana:UV-104-044","codigo":"UV-104-044","nombre":"","tipo":"manzana","version_capa":"samples-sinteticas","fuente":"sintético","distrito_id":"distrito_municipal:D01","unidad_vecinal_id":"unidad_vecinal:UV-104"},"geometry":{"type":"Polygon","coordinates":[[[-63.190495,-17.7651909],[-63.1895516,-17.7651909],[-63.1895516,-17.7642865],[-63.190495,-17.7642865],[-63.190495,-17.7651909]]]}},{"type":"Feature","id":"manzana:UV-104-045","properties":{"id":"manzana:UV-104-045","codigo":"UV-104-045","nombre":"","tipo":"manzana","version_capa":"samples-sinteticas","fuente":"sintético","distrito_id":"distrito_municipal:D01","unidad_vecinal_id":"unidad_vecinal:UV-104"},"geometry":{"type":"Polygon","coordinates":[[[-63.190495,-17.7640604],[-63.1895516,-17.7640604],[-63.1895516,-17.7631561],[-63.190495,-17.7631561],[-63.190495,-17.7640604]]]}},{"type":"Feature","id":"manzana:UV-104-046","properties":{"id":"manzana:UV-104-046","codigo":"UV-104-046","nombre":"","tipo":"manzana","version_capa":"samples-sinteticas","fuente":"sintético","distrito_id":"distrito_municipal:D01","unidad_vecinal_id":"unidad_vecinal:UV-104"},"geometry":{"type":"Polygon","coordinates":[[[-63.190495,-17.76293],[-63.1895516,-17.76293],[-63.1895516,-17.7620256],[-63.190495,-17.7620256],[-63.190495,-17.76293]]]}},{"type":"Feature","id":"manzana:UV-104-047","properties":{"id":"manzana:UV-104-047","codigo":"UV-104-047","nombre":"","tipo":"manzana","version_capa":"samples-sinteticas","fuente":"sintético","distrito_id":"distrito_municipal:D01","unidad_vecinal_id":"unidad_vecinal:UV-104"},"geometry":{"type":"Polygon","coordinates":[[[-63.190495,-17.7617995],[-63.1895516,-17.7617995],[-63.1895516,-17.7608951],[-63.190495,-17.7608951],[-63.190495,-17.7617995]]]}},{"type":"Feature","id":"manzana:UV-104-048","properties":{"id":"manzana:UV-104-048","codigo":"UV-104-048","nombre":"","tipo":"manzana","version_capa":"samples-sinteticas","fuente":"sintético","distrito_id":"distrito_municipal:D01","unidad_vecinal_id":"unidad_vecinal:UV-104"},"geometry":{"type":"Polygon","coordinates":[[[-63.190495,-17.7606691],[-63.1895516,-17.7606691],[-63.1895516,-17.7597647],[-63.190495,-17.7597647],[-63.190495,-17.7606691]]]}},{"type":"Feature","id":"manzana:UV-104-049","properties":{"id":"manzana:UV-104-049","codigo":"UV-104-049","nombre":"","tipo":"manzana","version_capa":"samples-sinteticas","fuente":"sintético","distrito_id":"distrito_municipal:D01","unidad_vecinal_id":"unidad_vecinal:UV-104"},"geometry":{"type":"Polygon","coordinates":[[[-63.1893158,-17.7731042],[-63.1883724,-17.7731042],[-63.1883724,-17.7721998],[-63.1893158,-17.7721998],[-63.1893158,-17.7731042]]]}},{"type":"Feature","id":"manzana:UV-104-050","properties":{"id":"manzana:UV-104-050","codigo":"UV-104-050","nombre":"","tipo":"manzana","version_capa":"samples-sinteticas","fuente":"sintético","distrito_id":"distrito_municipal:D01","unidad_vecinal_id":"unidad_vecinal:UV-104"},"geometry":{"type":"Polygon","coordinates":[[[-63.1893158,-17.7719737],[-63.1883724,-17.7719737],[-63.1883724,-17.7710693],[-63.1893158,-17.7710693],[-63.1893158,-17.7719737]]]}},{"type":"Feature","id":"manzana:UV-104-051","properties":{"id":"manzana:UV-104-051","codigo":"UV-104-051","nombre":"","tipo":"manzana","version_capa":"samples-sinteticas","fuente":"sintético","distrito_id":"distrito_municipal:D01","unidad_vecinal_id":"unidad_vecinal:UV-104"},"geometry":{"type":"Polygon","coordinates":[[[-63.1893158,-17.7708432],[-63.1883724,-17.7708432],[-63.1883724,-17.7699389],[-63.1893158,-17.7699389],[-63.1893158,-17.7708432]]]}},{"type":"Feature","id":"manzana:UV-104-052","properties":{"id":"manzana:UV-104-052","codigo":"UV-104-052","nombre":"","tipo":"manzana","version_capa":"samples-sinteticas","fuente":"sintético","distrito_id":"distrito_municipal:D01","unidad_vecinal_id":"unidad_vecinal:UV-104"},"geometry":{"type":"Polygon","coordinates":[[[-63.1893158,-17.7697128],[-63.1883724,-17.7697128],[-63.1883724,-17.7688084],[-63.1893158,-17.7688084],[-63.1893158,-17.7697128]]]}},{"type":"Feature","id":"manzana:UV-104-053","properties":{"id":"manzana:UV-104-053","codigo":"UV-104-053","nombre":"","tipo":"manzana","version_capa":"samples-sinteticas","fuente":"sintético","distrito_id":"distrito_municipal:D01","unidad_vecinal_id":"unidad_vecinal:UV-104"},"geometry":{"type":"Polygon","coordinates":[[[-63.1893158,-17.7685823],[-63.1883724,-17.7685823],[-63.1883724,-17.7676779],[-63.1893158,-17.7676779],[-63.1893158,-17.7685823]]]}},{"type":"Feature","id":"manzana:UV-104-054","properties":{"id":"manzana:UV-104-054","codigo":"UV-104-054","nombre":"","tipo":"manzana","version_capa":"samples-sinteticas","fuente":"sintético","distrito_id":"distrito_municipal:D01","unidad_vecinal_id":"unidad_vecinal:UV-104"},"geometry":{"type":"Polygon","coordinates":[[[-63.1893158,-17.7674518],[-63.1883724,-17.7674518],[-63.1883724,-17.7665475],[-63.1893158,-17.7665475],[-63.1893158,-17.7674518]]]}},{"type":"Feature","id":"manzana:UV-104-055","properties":{"id":"manzana:UV-104-055","codigo":"UV-104-055","nombre":"","tipo":"manzana","version_capa":"samples-sinteticas","fuente":"sintético","distrito_id":"distrito_municipal:D01","unidad_vecinal_id":"unidad_vecinal:UV-104"},"geometry":{"type":"Polygon","coordinates":[[[-63.1893158,-17.7663214],[-63.1883724,-17.7663214],[-63.1883724,-17.765417],[-63.1893158,-17.765417],[-63.1893158,-17.7663214]]]}},{"type":"Feature","id":"manzana:UV-104-056","properties":{"id":"manzana:UV-104-056","codigo":"UV-104-056","nombre":"","tipo":"manzana","version_capa":"samples-sinteticas","fuente":"sintético","distrito_id":"distrito_municipal:D01","unidad_vecinal_id":"unidad_vecinal:UV-104"},"geometry":{"type":"Polygon","coordinates":[[[-63.1893158,-17.7651909],[-63.1883724,-17.7651909],[-63.1883724,-17.7642865],[-63.1893158,-17.7642865],[-63.1893158,-17.7651909]]]}},{"type":"Feature","id":"manzana:UV-104-057","properties":{"id":"manzana:UV-104-057","codigo":"UV-104-057","nombre":"","tipo":"manzana","version_capa":"samples-sinteticas","fuente":"sintético","distrito_id":"distrito_municipal:D01","unidad_vecinal_id":"unidad_vecinal:UV-104"},"geometry":{"type":"Polygon","coordinates":[[[-63.1893158,-17.7640604],[-63.1883724,-17.7640604],[-63.1883724,-17.7631561],[-63.1893158,-17.7631561],[-63.1893158,-17.7640604]]]}},{"type":"Feature","id":"manzana:UV-104-058","properties":{"id":"manzana:UV-104-058","codigo":"UV-104-058","nombre":"","tipo":"manzana","version_capa":"samples-sinteticas","fuente":"sintético","distrito_id":"distrito_municipal:D01","unidad_vecinal_id":"unidad_vecinal:UV-104"},"geometry":{"type":"Polygon","coordinates":[[[-63.1893158,-17.76293],[-63.1883724,-17.76293],[-63.1883724,-17.7620256],[-63.1893158,-17.7620256],[-63.1893158,-17.76293]]]}},{"type":"Feature","id":"manzana:UV-104-059","properties":{"id":"manzana:UV-104-059","codigo":"UV-104-059","nombre":"","tipo":"manzana","version_capa":"samples-sinteticas","fuente":"sintético","distrito_id":"distrito_municipal:D01","unidad_vecinal_id":"unidad_vecinal:UV-104"},"geometry":{"type":"Polygon","coordinates":[[[-63.1893158,-17.7617995],[-63.1883724,-17.7617995],[-63.1883724,-17.7608951],[-63.1893158,-17.7608951],[-63.1893158,-17.7617995]]]}},{"type":"Feature","id":"manzana:UV-104-060","properties":{"id":"manzana:UV-104-060","codigo":"UV-104-060","nombre":"","tipo":"manzana","version_capa":"samples-sinteticas","fuente":"sintético","distrito_id":"distrito_municipal:D01","unidad_vecinal_id":"unidad_vecinal:UV-104"},"geometry":{"type":"Polygon","coordinates":[[[-63.1893158,-17.7606691],[-63.1883724,-17.7606691],[-63.1883724,-17.7597647],[-63.1893158,-17.7597647],[-63.1893158,-17.7606691]]]}},{"type":"Feature","id":"manzana:UV-104-061","properties":{"id":"manzana:UV-104-061","codigo":"UV-104-061","nombre":"","tipo":"manzana","version_capa":"samples-sinteticas","fuente":"sintético","distrito_id":"distrito_municipal:D01","unidad_vecinal_id":"unidad_vecinal:UV-104"},"geometry":{"type":"Polygon","coordinates":[[[-63.1881366,-17.7731042],[-63.1871932,-17.7731042],[-63.1871932,-17.7721998],[-63.1881366,-17.7721998],[-63.1881366,-17.7731042]]]}},{"type":"Feature","id":"manzana:UV-104-062","properties":{"id":"manzana:UV-104-062","codigo":"UV-104-062","nombre":"","tipo":"manzana","version_capa":"samples-sinteticas","fuente":"sintético","distrito_id":"distrito_municipal:D01","unidad_vecinal_id":"unidad_vecinal:UV-104"},"geometry":{"type":"Polygon","coordinates":[[[-63.1881366,-17.7719737],[-63.1871932,-17.7719737],[-63.1871932,-17.7710693],[-63.1881366,-17.7710693],[-63.1881366,-17.7719737]]]}},{"type":"Feature","id":"manzana:UV-104-063","properties":{"id":"manzana:UV-104-063","codigo":"UV-104-063","nombre":"","tipo":"manzana","version_capa":"samples-sinteticas","fuente":"sintético","distrito_id":"distrito_municipal:D01","unidad_vecinal_id":"unidad_vecinal:UV-104"},"geometry":{"type":"Polygon","coordinates":[[[-63.1881366,-17.7708432],[-63.1871932,-17.7708432],[-63.1871932,-17.7699389],[-63.1881366,-17.7699389],[-63.1881366,-17.7708432]]]}},{"type":"Feature","id":"manzana:UV-104-064","properties":{"id":"manzana:UV-104-064","codigo":"UV-104-064","nombre":"","tipo":"manzana","version_capa":"samples-sinteticas","fuente":"sintético","distrito_id":"distrito_municipal:D01","unidad_vecinal_id":"unidad_vecinal:UV-104"},"geometry":{"type":"Polygon","coordinates":[[[-63.1881366,-17.7697128],[-63.1871932,-17.7697128],[-63.1871932,-17.7688084],[-63.1881366,-17.7688084],[-63.1881366,-17.7697128]]]}},{"type":"Feature","id":"manzana:UV-104-065","properties":{"id":"manzana:UV-104-065","codigo":"UV-104-065","nombre":"","tipo":"manzana","version_capa":"samples-sinteticas","fuente":"sintético","distrito_id":"distrito_municipal:D01","unidad_vecinal_id":"unidad_vecinal:UV-104"},"geometry":{"type":"Polygon","coordinates":[[[-63.1881366,-17.7685823],[-63.1871932,-17.7685823],[-63.1871932,-17.7676779],[-63.1881366,-17.7676779],[-63.1881366,-17.7685823]]]}},{"type":"Feature","id":"manzana:UV-104-066","properties":{"id":"manzana:UV-104-066","codigo":"UV-104-066","nombre":"","tipo":"manzana","version_capa":"samples-sinteticas","fuente":"sintético","distrito_id":"distrito_municipal:D01","unidad_vecinal_id":"unidad_vecinal:UV-104"},"geometry":{"type":"Polygon","coordinates":[[[-63.1881366,-17.7674518],[-63.1871932,-17.7674518],[-63.1871932,-17.7665475],[-63.1881366,-17.7665475],[-63.1881366,-17.7674518]]]}},{"type":"Feature","id":"manzana:UV-104-067","properties":{"id":"manzana:UV-104-067","codigo":"UV-104-067","nombre":"","tipo":"manzana","version_capa":"samples-sinteticas","fuente":"sintético","distrito_id":"distrito_municipal:D01","unidad_vecinal_id":"unidad_vecinal:UV-104"},"geometry":{"type":"Polygon","coordinates":[[[-63.1881366,-17.7663214],[-63.1871932,-17.7663214],[-63.1871932,-17.765417],[-63.1881366,-17.765417],[-63.1881366,-17.7663214]]]}},{"type":"Feature","id":"manzana:UV-104-068","properties":{"id":"manzana:UV-104-068","codigo":"UV-104-068","nombre":"","tipo":"manzana","version_capa":"samples-sinteticas","fuente":"sintético","distrito_id":"distrito_municipal:D01","unidad_vecinal_id":"unidad_vecinal:UV-104"},"geometry":{"type":"Polygon","coordinates":[[[-63.1881366,-17.7651909],[-63.1871932,-17.7651909],[-63.1871932,-17.7642865],[-63.1881366,-17.7642865],[-63.1881366,-17.7651909]]]}},{"type":"Feature","id":"manzana:UV-104-069","properties":{"id":"manzana:UV-104-069","codigo":"UV-104-069","nombre":"","tipo":"manzana","version_capa":"samples-sinteticas","fuente":"sintético","distrito_id":"distrito_municipal:D01","unidad_vecinal_id":"unidad_vecinal:UV-104"},"geometry":{"type":"Polygon","coordinates":[[[-63.1881366,-17.7640604],[-63.1871932,-17.7640604],[-63.1871932,-17.7631561],[-63.1881366,-17.7631561],[-63.1881366,-17.7640604]]]}},{"type":"Feature","id":"manzana:UV-104-070","properties":{"id":"manzana:UV-104-070","codigo":"UV-104-070","nombre":"","tipo":"manzana","version_capa":"samples-sinteticas","fuente":"sintético","distrito_id":"distrito_municipal:D01","unidad_vecinal_id":"unidad_vecinal:UV-104"},"geometry":{"type":"Polygon","coordinates":[[[-63.1881366,-17.76293],[-63.1871932,-17.76293],[-63.1871932,-17.7620256],[-63.1881366,-17.7620256],[-63.1881366,-17.76293]]]}},{"type":"Feature","id":"manzana:UV-104-071","properties":{"id":"manzana:UV-104-071","codigo":"UV-104-071","nombre":"","tipo":"manzana","version_capa":"samples-sinteticas","fuente":"sintético","distrito_id":"distrito_municipal:D01","unidad_vecinal_id":"unidad_vecinal:UV-104"},"geometry":{"type":"Polygon","coordinates":[[[-63.1881366,-17.7617995],[-63.1871932,-17.7617995],[-63.1871932,-17.7608951],[-63.1881366,-17.7608951],[-63.1881366,-17.7617995]]]}},{"type":"Feature","id":"manzana:UV-104-072","properties":{"id":"manzana:UV-104-072","codigo":"UV-104-072","nombre":"","tipo":"manzana","version_capa":"samples-sinteticas","fuente":"sintético","distrito_id":"distrito_municipal:D01","unidad_vecinal_id":"unidad_vecinal:UV-104"},"geometry":{"type":"Polygon","coordinates":[[[-63.1881366,-17.7606691],[-63.1871932,-17.7606691],[-63.1871932,-17.7597647],[-63.1881366,-17.7597647],[-63.1881366,-17.7606691]]]}},{"type":"Feature","id":"manzana:UV-104-073","properties":{"id":"manzana:UV-104-073","codigo":"UV-104-073","nombre":"","tipo":"manzana","version_capa":"samples-sinteticas","fuente":"sintético","distrito_id":"distrito_municipal:D01","unidad_vecinal_id":"unidad_vecinal:UV-104"},"geometry":{"type":"Polygon","coordinates":[[[-63.1869574,-17.7731042],[-63.186014,-17.7731042],[-63.186014,-17.7721998],[-63.1869574,-17.7721998],[-63.1869574,-17.7731042]]]}},{"type":"Feature","id":"manzana:UV-104-074","properties":{"id":"manzana:UV-104-074","codigo":"UV-104-074","nombre":"","tipo":"manzana","version_capa":"samples-sinteticas","fuente":"sintético","distrito_id":"distrito_municipal:D01","unidad_vecinal_id":"unidad_vecinal:UV-104"},"geometry":{"type":"Polygon","coordinates":[[[-63.1869574,-17.7719737],[-63.186014,-17.7719737],[-63.186014,-17.7710693],[-63.1869574,-17.7710693],[-63.1869574,-17.7719737]]]}},{"type":"Feature","id":"manzana:UV-104-075","properties":{"id":"manzana:UV-104-075","codigo":"UV-104-075","nombre":"","tipo":"manzana","version_capa":"samples-sinteticas","fuente":"sintético","distrito_id":"distrito_municipal:D01","unidad_vecinal_id":"unidad_vecinal:UV-104"},"geometry":{"type":"Polygon","coordinates":[[[-63.1869574,-17.7708432],[-63.186014,-17.7708432],[-63.186014,-17.7699389],[-63.1869574,-17.7699389],[-63.1869574,-17.7708432]]]}},{"type":"Feature","id":"manzana:UV-104-076","properties":{"id":"manzana:UV-104-076","codigo":"UV-104-076","nombre":"","tipo":"manzana","version_capa":"samples-sinteticas","fuente":"sintético","distrito_id":"distrito_municipal:D01","unidad_vecinal_id":"unidad_vecinal:UV-104"},"geometry":{"type":"Polygon","coordinates":[[[-63.1869574,-17.7697128],[-63.186014,-17.7697128],[-63.186014,-17.7688084],[-63.1869574,-17.7688084],[-63.1869574,-17.7697128]]]}},{"type":"Feature","id":"manzana:UV-104-077","properties":{"id":"manzana:UV-104-077","codigo":"UV-104-077","nombre":"","tipo":"manzana","version_capa":"samples-sinteticas","fuente":"sintético","distrito_id":"distrito_municipal:D01","unidad_vecinal_id":"unidad_vecinal:UV-104"},"geometry":{"type":"Polygon","coordinates":[[[-63.1869574,-17.7685823],[-63.186014,-17.7685823],[-63.186014,-17.7676779],[-63.1869574,-17.7676779],[-63.1869574,-17.7685823]]]}},{"type":"Feature","id":"manzana:UV-104-078","properties":{"id":"manzana:UV-104-078","codigo":"UV-104-078","nombre":"","tipo":"manzana","version_capa":"samples-sinteticas","fuente":"sintético","distrito_id":"distrito_municipal:D01","unidad_vecinal_id":"unidad_vecinal:UV-104"},"geometry":{"type":"Polygon","coordinates":[[[-63.1869574,-17.7674518],[-63.186014,-17.7674518],[-63.186014,-17.7665475],[-63.1869574,-17.7665475],[-63.1869574,-17.7674518]]]}},{"type":"Feature","id":"manzana:UV-104-079","properties":{"id":"manzana:UV-104-079","codigo":"UV-104-079","nombre":"","tipo":"manzana","version_capa":"samples-sinteticas","fuente":"sintético","distrito_id":"distrito_municipal:D01","unidad_vecinal_id":"unidad_vecinal:UV-104"},"geometry":{"type":"Polygon","coordinates":[[[-63.1869574,-17.7663214],[-63.186014,-17.7663214],[-63.186014,-17.765417],[-63.1869574,-17.765417],[-63.1869574,-17.7663214]]]}},{"type":"Feature","id":"manzana:UV-104-080","properties":{"id":"manzana:UV-104-080","codigo":"UV-104-080","nombre":"","tipo":"manzana","version_capa":"samples-sinteticas","fuente":"sintético","distrito_id":"distrito_municipal:D01","unidad_vecinal_id":"unidad_vecinal:UV-104"},"geometry":{"type":"Polygon","coordinates":[[[-63.1869574,-17.7651909],[-63.186014,-17.7651909],[-63.186014,-17.7642865],[-63.1869574,-17.7642865],[-63.1869574,-17.7651909]]]}},{"type":"Feature","id":"manzana:UV-104-081","properties":{"id":"manzana:UV-104-081","codigo":"UV-104-081","nombre":"","tipo":"manzana","version_capa":"samples-sinteticas","fuente":"sintético","distrito_id":"distrito_municipal:D01","unidad_vecinal_id":"unidad_vecinal:UV-104"},"geometry":{"type":"Polygon","coordinates":[[[-63.1869574,-17.7640604],[-63.186014,-17.7640604],[-63.186014,-17.7631561],[-63.1869574,-17.7631561],[-63.1869574,-17.7640604]]]}},{"type":"Feature","id":"manzana:UV-104-082","properties":{"id":"manzana:UV-104-082","codigo":"UV-104-082","nombre":"","tipo":"manzana","version_capa":"samples-sinteticas","fuente":"sintético","distrito_id":"distrito_municipal:D01","unidad_vecinal_id":"unidad_vecinal:UV-104"},"geometry":{"type":"Polygon","coordinates":[[[-63.1869574,-17.76293],[-63.186014,-17.76293],[-63.186014,-17.7620256],[-63.1869574,-17.7620256],[-63.1869574,-17.76293]]]}},{"type":"Feature","id":"manzana:UV-104-083","properties":{"id":"manzana:UV-104-083","codigo":"UV-104-083","nombre":"","tipo":"manzana","version_capa":"samples-sinteticas","fuente":"sintético","distrito_id":"distrito_municipal:D01","unidad_vecinal_id":"unidad_vecinal:UV-104"},"geometry":{"type":"Polygon","coordinates":[[[-63.1869574,-17.7617995],[-63.186014,-17.7617995],[-63.186014,-17.7608951],[-63.1869574,-17.7608951],[-63.1869574,-17.7617995]]]}},{"type":"Feature","id":"manzana:UV-104-084","properties":{"id":"manzana:UV-104-084","codigo":"UV-104-084","nombre":"","tipo":"manzana","version_capa":"samples-sinteticas","fuente":"sintético","distrito_id":"distrito_municipal:D01","unidad_vecinal_id":"unidad_vecinal:UV-104"},"geometry":{"type":"Polygon","coordinates":[[[-63.1869574,-17.7606691],[-63.186014,-17.7606691],[-63.186014,-17.7597647],[-63.1869574,-17.7597647],[-63.1869574,-17.7606691]]]}},{"type":"Feature","id":"manzana:UV-104-085","properties":{"id":"manzana:UV-104-085","codigo":"UV-104-085","nombre":"","tipo":"manzana","version_capa":"samples-sinteticas","fuente":"sintético","distrito_id":"distrito_municipal:D01","unidad_vecinal_id":"unidad_vecinal:UV-104"},"geometry":{"type":"Polygon","coordinates":[[[-63.1857781,-17.7731042],[-63.1848348,-17.7731042],[-63.1848348,-17.7721998],[-63.1857781,-17.7721998],[-63.1857781,-17.7731042]]]}},{"type":"Feature","id":"manzana:UV-104-086","properties":{"id":"manzana:UV-104-086","codigo":"UV-104-086","nombre":"","tipo":"manzana","version_capa":"samples-sinteticas","fuente":"sintético","distrito_id":"distrito_municipal:D01","unidad_vecinal_id":"unidad_vecinal:UV-104"},"geometry":{"type":"Polygon","coordinates":[[[-63.1857781,-17.7719737],[-63.1848348,-17.7719737],[-63.1848348,-17.7710693],[-63.1857781,-17.7710693],[-63.1857781,-17.7719737]]]}},{"type":"Feature","id":"manzana:UV-104-087","properties":{"id":"manzana:UV-104-087","codigo":"UV-104-087","nombre":"","tipo":"manzana","version_capa":"samples-sinteticas","fuente":"sintético","distrito_id":"distrito_municipal:D01","unidad_vecinal_id":"unidad_vecinal:UV-104"},"geometry":{"type":"Polygon","coordinates":[[[-63.1857781,-17.7708432],[-63.1848348,-17.7708432],[-63.1848348,-17.7699389],[-63.1857781,-17.7699389],[-63.1857781,-17.7708432]]]}},{"type":"Feature","id":"manzana:UV-104-088","properties":{"id":"manzana:UV-104-088","codigo":"UV-104-088","nombre":"","tipo":"manzana","version_capa":"samples-sinteticas","fuente":"sintético","distrito_id":"distrito_municipal:D01","unidad_vecinal_id":"unidad_vecinal:UV-104"},"geometry":{"type":"Polygon","coordinates":[[[-63.1857781,-17.7697128],[-63.1848348,-17.7697128],[-63.1848348,-17.7688084],[-63.1857781,-17.7688084],[-63.1857781,-17.7697128]]]}},{"type":"Feature","id":"manzana:UV-104-089","properties":{"id":"manzana:UV-104-089","codigo":"UV-104-089","nombre":"","tipo":"manzana","version_capa":"samples-sinteticas","fuente":"sintético","distrito_id":"distrito_municipal:D01","unidad_vecinal_id":"unidad_vecinal:UV-104"},"geometry":{"type":"Polygon","coordinates":[[[-63.1857781,-17.7685823],[-63.1848348,-17.7685823],[-63.1848348,-17.7676779],[-63.1857781,-17.7676779],[-63.1857781,-17.7685823]]]}},{"type":"Feature","id":"manzana:UV-104-090","properties":{"id":"manzana:UV-104-090","codigo":"UV-104-090","nombre":"","tipo":"manzana","version_capa":"samples-sinteticas","fuente":"sintético","distrito_id":"distrito_municipal:D01","unidad_vecinal_id":"unidad_vecinal:UV-104"},"geometry":{"type":"Polygon","coordinates":[[[-63.1857781,-17.7674518],[-63.1848348,-17.7674518],[-63.1848348,-17.7665475],[-63.1857781,-17.7665475],[-63.1857781,-17.7674518]]]}},{"type":"Feature","id":"manzana:UV-104-091","properties":{"id":"manzana:UV-104-091","codigo":"UV-104-091","nombre":"","tipo":"manzana","version_capa":"samples-sinteticas","fuente":"sintético","distrito_id":"distrito_municipal:D01","unidad_vecinal_id":"unidad_vecinal:UV-104"},"geometry":{"type":"Polygon","coordinates":[[[-63.1857781,-17.7663214],[-63.1848348,-17.7663214],[-63.1848348,-17.765417],[-63.1857781,-17.765417],[-63.1857781,-17.7663214]]]}},{"type":"Feature","id":"manzana:UV-104-092","properties":{"id":"manzana:UV-104-092","codigo":"UV-104-092","nombre":"","tipo":"manzana","version_capa":"samples-sinteticas","fuente":"sintético","distrito_id":"distrito_municipal:D01","unidad_vecinal_id":"unidad_vecinal:UV-104"},"geometry":{"type":"Polygon","coordinates":[[[-63.1857781,-17.7651909],[-63.1848348,-17.7651909],[-63.1848348,-17.7642865],[-63.1857781,-17.7642865],[-63.1857781,-17.7651909]]]}},{"type":"Feature","id":"manzana:UV-104-093","properties":{"id":"manzana:UV-104-093","codigo":"UV-104-093","nombre":"","tipo":"manzana","version_capa":"samples-sinteticas","fuente":"sintético","distrito_id":"distrito_municipal:D01","unidad_vecinal_id":"unidad_vecinal:UV-104"},"geometry":{"type":"Polygon","coordinates":[[[-63.1857781,-17.7640604],[-63.1848348,-17.7640604],[-63.1848348,-17.7631561],[-63.1857781,-17.7631561],[-63.1857781,-17.7640604]]]}},{"type":"Feature","id":"manzana:UV-104-094","properties":{"id":"manzana:UV-104-094","codigo":"UV-104-094","nombre":"","tipo":"manzana","version_capa":"samples-sinteticas","fuente":"sintético","distrito_id":"distrito_municipal:D01","unidad_vecinal_id":"unidad_vecinal:UV-104"},"geometry":{"type":"Polygon","coordinates":[[[-63.1857781,-17.76293],[-63.1848348,-17.76293],[-63.1848348,-17.7620256],[-63.1857781,-17.7620256],[-63.1857781,-17.76293]]]}},{"type":"Feature","id":"manzana:UV-104-095","properties":{"id":"manzana:UV-104-095","codigo":"UV-104-095","nombre":"","tipo":"manzana","version_capa":"samples-sinteticas","fuente":"sintético","distrito_id":"distrito_municipal:D01","unidad_vecinal_id":"unidad_vecinal:UV-104"},"geometry":{"type":"Polygon","coordinates":[[[-63.1857781,-17.7617995],[-63.1848348,-17.7617995],[-63.1848348,-17.7608951],[-63.1857781,-17.7608951],[-63.1857781,-17.7617995]]]}},{"type":"Feature","id":"manzana:UV-104-096","properties":{"id":"manzana:UV-104-096","codigo":"UV-104-096","nombre":"","tipo":"manzana","version_capa":"samples-sinteticas","fuente":"sintético","distrito_id":"distrito_municipal:D01","unidad_vecinal_id":"unidad_vecinal:UV-104"},"geometry":{"type":"Polygon","coordinates":[[[-63.1857781,-17.7606691],[-63.1848348,-17.7606691],[-63.1848348,-17.7597647],[-63.1857781,-17.7597647],[-63.1857781,-17.7606691]]]}},{"type":"Feature","id":"manzana:UV-105-001","properties":{"id":"manzana:UV-105-001","codigo":"UV-105-001","nombre":"","tipo":"manzana","version_capa":"samples-sinteticas","fuente":"sintético","distrito_id":"distrito_municipal:D02","unidad_vecinal_id":"unidad_vecinal:UV-105"},"geometry":{"type":"Polygon","coordinates":[[[-63.1845989,-17.7866697],[-63.1836556,-17.7866697],[-63.1836556,-17.7857654],[-63.1845989,-17.7857654],[-63.1845989,-17.7866697]]]}},{"type":"Feature","id":"manzana:UV-105-002","properties":{"id":"manzana:UV-105-002","codigo":"UV-105-002","nombre":"","tipo":"manzana","version_capa":"samples-sinteticas","fuente":"sintético","distrito_id":"distrito_municipal:D02","unidad_vecinal_id":"unidad_vecinal:UV-105"},"geometry":{"type":"Polygon","coordinates":[[[-63.1845989,-17.7855393],[-63.1836556,-17.7855393],[-63.1836556,-17.7846349],[-63.1845989,-17.7846349],[-63.1845989,-17.7855393]]]}},{"type":"Feature","id":"manzana:UV-105-003","properties":{"id":"manzana:UV-105-003","codigo":"UV-105-003","nombre":"","tipo":"manzana","version_capa":"samples-sinteticas","fuente":"sintético","distrito_id":"distrito_municipal:D02","unidad_vecinal_id":"unidad_vecinal:UV-105"},"geometry":{"type":"Polygon","coordinates":[[[-63.1845989,-17.7844088],[-63.1836556,-17.7844088],[-63.1836556,-17.7835044],[-63.1845989,-17.7835044],[-63.1845989,-17.7844088]]]}},{"type":"Feature","id":"manzana:UV-105-004","properties":{"id":"manzana:UV-105-004","codigo":"UV-105-004","nombre":"","tipo":"manzana","version_capa":"samples-sinteticas","fuente":"sintético","distrito_id":"distrito_municipal:D02","unidad_vecinal_id":"unidad_vecinal:UV-105"},"geometry":{"type":"Polygon","coordinates":[[[-63.1845989,-17.7832783],[-63.1836556,-17.7832783],[-63.1836556,-17.782374],[-63.1845989,-17.782374],[-63.1845989,-17.7832783]]]}},{"type":"Feature","id":"manzana:UV-105-005","properties":{"id":"manzana:UV-105-005","codigo":"UV-105-005","nombre":"","tipo":"manzana","version_capa":"samples-sinteticas","fuente":"sintético","distrito_id":"distrito_municipal:D02","unidad_vecinal_id":"unidad_vecinal:UV-105"},"geometry":{"type":"Polygon","coordinates":[[[-63.1845989,-17.7821479],[-63.1836556,-17.7821479],[-63.1836556,-17.7812435],[-63.1845989,-17.7812435],[-63.1845989,-17.7821479]]]}},{"type":"Feature","id":"manzana:UV-105-006","properties":{"id":"manzana:UV-105-006","codigo":"UV-105-006","nombre":"","tipo":"manzana","version_capa":"samples-sinteticas","fuente":"sintético","distrito_id":"distrito_municipal:D02","unidad_vecinal_id":"unidad_vecinal:UV-105"},"geometry":{"type":"Polygon","coordinates":[[[-63.1845989,-17.7810174],[-63.1836556,-17.7810174],[-63.1836556,-17.780113],[-63.1845989,-17.780113],[-63.1845989,-17.7810174]]]}},{"type":"Feature","id":"manzana:UV-105-007","properties":{"id":"manzana:UV-105-007","codigo":"UV-105-007","nombre":"","tipo":"manzana","version_capa":"samples-sinteticas","fuente":"sintético","distrito_id":"distrito_municipal:D02","unidad_vecinal_id":"unidad_vecinal:UV-105"},"geometry":{"type":"Polygon","coordinates":[[[-63.1845989,-17.779887],[-63.1836556,-17.779887],[-63.1836556,-17.7789826],[-63.1845989,-17.7789826],[-63.1845989,-17.779887]]]}},{"type":"Feature","id":"manzana:UV-105-008","properties":{"id":"manzana:UV-105-008","codigo":"UV-105-008","nombre":"","tipo":"manzana","version_capa":"samples-sinteticas","fuente":"sintético","distrito_id":"distrito_municipal:D02","unidad_vecinal_id":"unidad_vecinal:UV-105"},"geometry":{"type":"Polygon","coordinates":[[[-63.1845989,-17.7787565],[-63.1836556,-17.7787565],[-63.1836556,-17.7778521],[-63.1845989,-17.7778521],[-63.1845989,-17.7787565]]]}},{"type":"Feature","id":"manzana:UV-105-009","properties":{"id":"manzana:UV-105-009","codigo":"UV-105-009","nombre":"","tipo":"manzana","version_capa":"samples-sinteticas","fuente":"sintético","distrito_id":"distrito_municipal:D02","unidad_vecinal_id":"unidad_vecinal:UV-105"},"geometry":{"type":"Polygon","coordinates":[[[-63.1845989,-17.777626],[-63.1836556,-17.777626],[-63.1836556,-17.7767217],[-63.1845989,-17.7767217],[-63.1845989,-17.777626]]]}},{"type":"Feature","id":"manzana:UV-105-010","properties":{"id":"manzana:UV-105-010","codigo":"UV-105-010","nombre":"","tipo":"manzana","version_capa":"samples-sinteticas","fuente":"sintético","distrito_id":"distrito_municipal:D02","unidad_vecinal_id":"unidad_vecinal:UV-105"},"geometry":{"type":"Polygon","coordinates":[[[-63.1845989,-17.7764956],[-63.1836556,-17.7764956],[-63.1836556,-17.7755912],[-63.1845989,-17.7755912],[-63.1845989,-17.7764956]]]}},{"type":"Feature","id":"manzana:UV-105-011","properties":{"id":"manzana:UV-105-011","codigo":"UV-105-011","nombre":"","tipo":"manzana","version_capa":"samples-sinteticas","fuente":"sintético","distrito_id":"distrito_municipal:D02","unidad_vecinal_id":"unidad_vecinal:UV-105"},"geometry":{"type":"Polygon","coordinates":[[[-63.1845989,-17.7753651],[-63.1836556,-17.7753651],[-63.1836556,-17.7744607],[-63.1845989,-17.7744607],[-63.1845989,-17.7753651]]]}},{"type":"Feature","id":"manzana:UV-105-012","properties":{"id":"manzana:UV-105-012","codigo":"UV-105-012","nombre":"","tipo":"manzana","version_capa":"samples-sinteticas","fuente":"sintético","distrito_id":"distrito_municipal:D02","unidad_vecinal_id":"unidad_vecinal:UV-105"},"geometry":{"type":"Polygon","coordinates":[[[-63.1845989,-17.7742346],[-63.1836556,-17.7742346],[-63.1836556,-17.7733303],[-63.1845989,-17.7733303],[-63.1845989,-17.7742346]]]}},{"type":"Feature","id":"manzana:UV-105-013","properties":{"id":"manzana:UV-105-013","codigo":"UV-105-013","nombre":"","tipo":"manzana","version_capa":"samples-sinteticas","fuente":"sintético","distrito_id":"distrito_municipal:D02","unidad_vecinal_id":"unidad_vecinal:UV-105"},"geometry":{"type":"Polygon","coordinates":[[[-63.1834197,-17.7866697],[-63.1824763,-17.7866697],[-63.1824763,-17.7857654],[-63.1834197,-17.7857654],[-63.1834197,-17.7866697]]]}},{"type":"Feature","id":"manzana:UV-105-014","properties":{"id":"manzana:UV-105-014","codigo":"UV-105-014","nombre":"","tipo":"manzana","version_capa":"samples-sinteticas","fuente":"sintético","distrito_id":"distrito_municipal:D02","unidad_vecinal_id":"unidad_vecinal:UV-105"},"geometry":{"type":"Polygon","coordinates":[[[-63.1834197,-17.7855393],[-63.1824763,-17.7855393],[-63.1824763,-17.7846349],[-63.1834197,-17.7846349],[-63.1834197,-17.7855393]]]}},{"type":"Feature","id":"manzana:UV-105-015","properties":{"id":"manzana:UV-105-015","codigo":"UV-105-015","nombre":"","tipo":"manzana","version_capa":"samples-sinteticas","fuente":"sintético","distrito_id":"distrito_municipal:D02","unidad_vecinal_id":"unidad_vecinal:UV-105"},"geometry":{"type":"Polygon","coordinates":[[[-63.1834197,-17.7844088],[-63.1824763,-17.7844088],[-63.1824763,-17.7835044],[-63.1834197,-17.7835044],[-63.1834197,-17.7844088]]]}},{"type":"Feature","id":"manzana:UV-105-016","properties":{"id":"manzana:UV-105-016","codigo":"UV-105-016","nombre":"","tipo":"manzana","version_capa":"samples-sinteticas","fuente":"sintético","distrito_id":"distrito_municipal:D02","unidad_vecinal_id":"unidad_vecinal:UV-105"},"geometry":{"type":"Polygon","coordinates":[[[-63.1834197,-17.7832783],[-63.1824763,-17.7832783],[-63.1824763,-17.782374],[-63.1834197,-17.782374],[-63.1834197,-17.7832783]]]}},{"type":"Feature","id":"manzana:UV-105-017","properties":{"id":"manzana:UV-105-017","codigo":"UV-105-017","nombre":"","tipo":"manzana","version_capa":"samples-sinteticas","fuente":"sintético","distrito_id":"distrito_municipal:D02","unidad_vecinal_id":"unidad_vecinal:UV-105"},"geometry":{"type":"Polygon","coordinates":[[[-63.1834197,-17.7821479],[-63.1824763,-17.7821479],[-63.1824763,-17.7812435],[-63.1834197,-17.7812435],[-63.1834197,-17.7821479]]]}},{"type":"Feature","id":"manzana:UV-105-018","properties":{"id":"manzana:UV-105-018","codigo":"UV-105-018","nombre":"","tipo":"manzana","version_capa":"samples-sinteticas","fuente":"sintético","distrito_id":"distrito_municipal:D02","unidad_vecinal_id":"unidad_vecinal:UV-105"},"geometry":{"type":"Polygon","coordinates":[[[-63.1834197,-17.7810174],[-63.1824763,-17.7810174],[-63.1824763,-17.780113],[-63.1834197,-17.780113],[-63.1834197,-17.7810174]]]}},{"type":"Feature","id":"manzana:UV-105-019","properties":{"id":"manzana:UV-105-019","codigo":"UV-105-019","nombre":"","tipo":"manzana","version_capa":"samples-sinteticas","fuente":"sintético","distrito_id":"distrito_municipal:D02","unidad_vecinal_id":"unidad_vecinal:UV-105"},"geometry":{"type":"Polygon","coordinates":[[[-63.1834197,-17.779887],[-63.1824763,-17.779887],[-63.1824763,-17.7789826],[-63.1834197,-17.7789826],[-63.1834197,-17.779887]]]}},{"type":"Feature","id":"manzana:UV-105-020","properties":{"id":"manzana:UV-105-020","codigo":"UV-105-020","nombre":"","tipo":"manzana","version_capa":"samples-sinteticas","fuente":"sintético","distrito_id":"distrito_municipal:D02","unidad_vecinal_id":"unidad_vecinal:UV-105"},"geometry":{"type":"Polygon","coordinates":[[[-63.1834197,-17.7787565],[-63.1824763,-17.7787565],[-63.1824763,-17.7778521],[-63.1834197,-17.7778521],[-63.1834197,-17.7787565]]]}},{"type":"Feature","id":"manzana:UV-105-021","properties":{"id":"manzana:UV-105-021","codigo":"UV-105-021","nombre":"","tipo":"manzana","version_capa":"samples-sinteticas","fuente":"sintético","distrito_id":"distrito_municipal:D02","unidad_vecinal_id":"unidad_vecinal:UV-105"},"geometry":{"type":"Polygon","coordinates":[[[-63.1834197,-17.777626],[-63.1824763,-17.777626],[-63.1824763,-17.7767217],[-63.1834197,-17.7767217],[-63.1834197,-17.777626]]]}},{"type":"Feature","id":"manzana:UV-105-022","properties":{"id":"manzana:UV-105-022","codigo":"UV-105-022","nombre":"","tipo":"manzana","version_capa":"samples-sinteticas","fuente":"sintético","distrito_id":"distrito_municipal:D02","unidad_vecinal_id":"unidad_vecinal:UV-105"},"geometry":{"type":"Polygon","coordinates":[[[-63.1834197,-17.7764956],[-63.1824763,-17.7764956],[-63.1824763,-17.7755912],[-63.1834197,-17.7755912],[-63.1834197,-17.7764956]]]}},{"type":"Feature","id":"manzana:UV-105-023","properties":{"id":"manzana:UV-105-023","codigo":"UV-105-023","nombre":"","tipo":"manzana","version_capa":"samples-sinteticas","fuente":"sintético","distrito_id":"distrito_municipal:D02","unidad_vecinal_id":"unidad_vecinal:UV-105"},"geometry":{"type":"Polygon","coordinates":[[[-63.1834197,-17.7753651],[-63.1824763,-17.7753651],[-63.1824763,-17.7744607],[-63.1834197,-17.7744607],[-63.1834197,-17.7753651]]]}},{"type":"Feature","id":"manzana:UV-105-024","properties":{"id":"manzana:UV-105-024","codigo":"UV-105-024","nombre":"","tipo":"manzana","version_capa":"samples-sinteticas","fuente":"sintético","distrito_id":"distrito_municipal:D02","unidad_vecinal_id":"unidad_vecinal:UV-105"},"geometry":{"type":"Polygon","coordinates":[[[-63.1834197,-17.7742346],[-63.1824763,-17.7742346],[-63.1824763,-17.7733303],[-63.1834197,-17.7733303],[-63.1834197,-17.7742346]]]}},{"type":"Feature","id":"manzana:UV-105-025","properties":{"id":"manzana:UV-105-025","codigo":"UV-105-025","nombre":"","tipo":"manzana","version_capa":"samples-sinteticas","fuente":"sintético","distrito_id":"distrito_municipal:D02","unidad_vecinal_id":"unidad_vecinal:UV-105"},"geometry":{"type":"Polygon","coordinates":[[[-63.1822405,-17.7866697],[-63.1812971,-17.7866697],[-63.1812971,-17.7857654],[-63.1822405,-17.7857654],[-63.1822405,-17.7866697]]]}},{"type":"Feature","id":"manzana:UV-105-026","properties":{"id":"manzana:UV-105-026","codigo":"UV-105-026","nombre":"","tipo":"manzana","version_capa":"samples-sinteticas","fuente":"sintético","distrito_id":"distrito_municipal:D02","unidad_vecinal_id":"unidad_vecinal:UV-105"},"geometry":{"type":"Polygon","coordinates":[[[-63.1822405,-17.7855393],[-63.1812971,-17.7855393],[-63.1812971,-17.7846349],[-63.1822405,-17.7846349],[-63.1822405,-17.7855393]]]}},{"type":"Feature","id":"manzana:UV-105-027","properties":{"id":"manzana:UV-105-027","codigo":"UV-105-027","nombre":"","tipo":"manzana","version_capa":"samples-sinteticas","fuente":"sintético","distrito_id":"distrito_municipal:D02","unidad_vecinal_id":"unidad_vecinal:UV-105"},"geometry":{"type":"Polygon","coordinates":[[[-63.1822405,-17.7844088],[-63.1812971,-17.7844088],[-63.1812971,-17.7835044],[-63.1822405,-17.7835044],[-63.1822405,-17.7844088]]]}},{"type":"Feature","id":"manzana:UV-105-028","properties":{"id":"manzana:UV-105-028","codigo":"UV-105-028","nombre":"","tipo":"manzana","version_capa":"samples-sinteticas","fuente":"sintético","distrito_id":"distrito_municipal:D02","unidad_vecinal_id":"unidad_vecinal:UV-105"},"geometry":{"type":"Polygon","coordinates":[[[-63.1822405,-17.7832783],[-63.1812971,-17.7832783],[-63.1812971,-17.782374],[-63.1822405,-17.782374],[-63.1822405,-17.7832783]]]}},{"type":"Feature","id":"manzana:UV-105-029","properties":{"id":"manzana:UV-105-029","codigo":"UV-105-029","nombre":"","tipo":"manzana","version_capa":"samples-sinteticas","fuente":"sintético","distrito_id":"distrito_municipal:D02","unidad_vecinal_id":"unidad_vecinal:UV-105"},"geometry":{"type":"Polygon","coordinates":[[[-63.1822405,-17.7821479],[-63.1812971,-17.7821479],[-63.1812971,-17.7812435],[-63.1822405,-17.7812435],[-63.1822405,-17.7821479]]]}},{"type":"Feature","id":"manzana:UV-105-030","properties":{"id":"manzana:UV-105-030","codigo":"UV-105-030","nombre":"","tipo":"manzana","version_capa":"samples-sinteticas","fuente":"sintético","distrito_id":"distrito_municipal:D02","unidad_vecinal_id":"unidad_vecinal:UV-105"},"geometry":{"type":"Polygon","coordinates":[[[-63.1822405,-17.7810174],[-63.1812971,-17.7810174],[-63.1812971,-17.780113],[-63.1822405,-17.780113],[-63.1822405,-17.7810174]]]}},{"type":"Feature","id":"manzana:UV-105-031","properties":{"id":"manzana:UV-105-031","codigo":"UV-105-031","nombre":"","tipo":"manzana","version_capa":"samples-sinteticas","fuente":"sintético","distrito_id":"distrito_municipal:D02","unidad_vecinal_id":"unidad_vecinal:UV-105"},"geometry":{"type":"Polygon","coordinates":[[[-63.1822405,-17.779887],[-63.1812971,-17.779887],[-63.1812971,-17.7789826],[-63.1822405,-17.7789826],[-63.1822405,-17.779887]]]}},{"type":"Feature","id":"manzana:UV-105-032","properties":{"id":"manzana:UV-105-032","codigo":"UV-105-032","nombre":"","tipo":"manzana","version_capa":"samples-sinteticas","fuente":"sintético","distrito_id":"distrito_municipal:D02","unidad_vecinal_id":"unidad_vecinal:UV-105"},"geometry":{"type":"Polygon","coordinates":[[[-63.1822405,-17.7787565],[-63.1812971,-17.7787565],[-63.1812971,-17.7778521],[-63.1822405,-17.7778521],[-63.1822405,-17.7787565]]]}},{"type":"Feature","id":"manzana:UV-105-033","properties":{"id":"manzana:UV-105-033","codigo":"UV-105-033","nombre":"","tipo":"manzana","version_capa":"samples-sinteticas","fuente":"sintético","distrito_id":"distrito_municipal:D02","unidad_vecinal_id":"unidad_vecinal:UV-105"},"geometry":{"type":"Polygon","coordinates":[[[-63.1822405,-17.777626],[-63.1812971,-17.777626],[-63.1812971,-17.7767217],[-63.1822405,-17.7767217],[-63.1822405,-17.777626]]]}},{"type":"Feature","id":"manzana:UV-105-034","properties":{"id":"manzana:UV-105-034","codigo":"UV-105-034","nombre":"","tipo":"manzana","version_capa":"samples-sinteticas","fuente":"sintético","distrito_id":"distrito_municipal:D02","unidad_vecinal_id":"unidad_vecinal:UV-105"},"geometry":{"type":"Polygon","coordinates":[[[-63.1822405,-17.7764956],[-63.1812971,-17.7764956],[-63.1812971,-17.7755912],[-63.1822405,-17.7755912],[-63.1822405,-17.7764956]]]}},{"type":"Feature","id":"manzana:UV-105-035","properties":{"id":"manzana:UV-105-035","codigo":"UV-105-035","nombre":"","tipo":"manzana","version_capa":"samples-sinteticas","fuente":"sintético","distrito_id":"distrito_municipal:D02","unidad_vecinal_id":"unidad_vecinal:UV-105"},"geometry":{"type":"Polygon","coordinates":[[[-63.1822405,-17.7753651],[-63.1812971,-17.7753651],[-63.1812971,-17.7744607],[-63.1822405,-17.7744607],[-63.1822405,-17.7753651]]]}},{"type":"Feature","id":"manzana:UV-105-036","properties":{"id":"manzana:UV-105-036","codigo":"UV-105-036","nombre":"","tipo":"manzana","version_capa":"samples-sinteticas","fuente":"sintético","distrito_id":"distrito_municipal:D02","unidad_vecinal_id":"unidad_vecinal:UV-105"},"geometry":{"type":"Polygon","coordinates":[[[-63.1822405,-17.7742346],[-63.1812971,-17.7742346],[-63.1812971,-17.7733303],[-63.1822405,-17.7733303],[-63.1822405,-17.7742346]]]}},{"type":"Feature","id":"manzana:UV-105-037","properties":{"id":"manzana:UV-105-037","codigo":"UV-105-037","nombre":"","tipo":"manzana","version_capa":"samples-sinteticas","fuente":"sintético","distrito_id":"distrito_municipal:D02","unidad_vecinal_id":"unidad_vecinal:UV-105"},"geometry":{"type":"Polygon","coordinates":[[[-63.1810613,-17.7866697],[-63.1801179,-17.7866697],[-63.1801179,-17.7857654],[-63.1810613,-17.7857654],[-63.1810613,-17.7866697]]]}},{"type":"Feature","id":"manzana:UV-105-038","properties":{"id":"manzana:UV-105-038","codigo":"UV-105-038","nombre":"","tipo":"manzana","version_capa":"samples-sinteticas","fuente":"sintético","distrito_id":"distrito_municipal:D02","unidad_vecinal_id":"unidad_vecinal:UV-105"},"geometry":{"type":"Polygon","coordinates":[[[-63.1810613,-17.7855393],[-63.1801179,-17.7855393],[-63.1801179,-17.7846349],[-63.1810613,-17.7846349],[-63.1810613,-17.7855393]]]}},{"type":"Feature","id":"manzana:UV-105-039","properties":{"id":"manzana:UV-105-039","codigo":"UV-105-039","nombre":"","tipo":"manzana","version_capa":"samples-sinteticas","fuente":"sintético","distrito_id":"distrito_municipal:D02","unidad_vecinal_id":"unidad_vecinal:UV-105"},"geometry":{"type":"Polygon","coordinates":[[[-63.1810613,-17.7844088],[-63.1801179,-17.7844088],[-63.1801179,-17.7835044],[-63.1810613,-17.7835044],[-63.1810613,-17.7844088]]]}},{"type":"Feature","id":"manzana:UV-105-040","properties":{"id":"manzana:UV-105-040","codigo":"UV-105-040","nombre":"","tipo":"manzana","version_capa":"samples-sinteticas","fuente":"sintético","distrito_id":"distrito_municipal:D02","unidad_vecinal_id":"unidad_vecinal:UV-105"},"geometry":{"type":"Polygon","coordinates":[[[-63.1810613,-17.7832783],[-63.1801179,-17.7832783],[-63.1801179,-17.782374],[-63.1810613,-17.782374],[-63.1810613,-17.7832783]]]}},{"type":"Feature","id":"manzana:UV-105-041","properties":{"id":"manzana:UV-105-041","codigo":"UV-105-041","nombre":"","tipo":"manzana","version_capa":"samples-sinteticas","fuente":"sintético","distrito_id":"distrito_municipal:D02","unidad_vecinal_id":"unidad_vecinal:UV-105"},"geometry":{"type":"Polygon","coordinates":[[[-63.1810613,-17.7821479],[-63.1801179,-17.7821479],[-63.1801179,-17.7812435],[-63.1810613,-17.7812435],[-63.1810613,-17.7821479]]]}},{"type":"Feature","id":"manzana:UV-105-042","properties":{"id":"manzana:UV-105-042","codigo":"UV-105-042","nombre":"","tipo":"manzana","version_capa":"samples-sinteticas","fuente":"sintético","distrito_id":"distrito_municipal:D02","unidad_vecinal_id":"unidad_vecinal:UV-105"},"geometry":{"type":"Polygon","coordinates":[[[-63.1810613,-17.7810174],[-63.1801179,-17.7810174],[-63.1801179,-17.780113],[-63.1810613,-17.780113],[-63.1810613,-17.7810174]]]}},{"type":"Feature","id":"manzana:UV-105-043","properties":{"id":"manzana:UV-105-043","codigo":"UV-105-043","nombre":"","tipo":"manzana","version_capa":"samples-sinteticas","fuente":"sintético","distrito_id":"distrito_municipal:D02","unidad_vecinal_id":"unidad_vecinal:UV-105"},"geometry":{"type":"Polygon","coordinates":[[[-63.1810613,-17.779887],[-63.1801179,-17.779887],[-63.1801179,-17.7789826],[-63.1810613,-17.7789826],[-63.1810613,-17.779887]]]}},{"type":"Feature","id":"manzana:UV-105-044","properties":{"id":"manzana:UV-105-044","codigo":"UV-105-044","nombre":"","tipo":"manzana","version_capa":"samples-sinteticas","fuente":"sintético","distrito_id":"distrito_municipal:D02","unidad_vecinal_id":"unidad_vecinal:UV-105"},"geometry":{"type":"Polygon","coordinates":[[[-63.1810613,-17.7787565],[-63.1801179,-17.7787565],[-63.1801179,-17.7778521],[-63.1810613,-17.7778521],[-63.1810613,-17.7787565]]]}},{"type":"Feature","id":"manzana:UV-105-045","properties":{"id":"manzana:UV-105-045","codigo":"UV-105-045","nombre":"","tipo":"manzana","version_capa":"samples-sinteticas","fuente":"sintético","distrito_id":"distrito_municipal:D02","unidad_vecinal_id":"unidad_vecinal:UV-105"},"geometry":{"type":"Polygon","coordinates":[[[-63.1810613,-17.777626],[-63.1801179,-17.777626],[-63.1801179,-17.7767217],[-63.1810613,-17.7767217],[-63.1810613,-17.777626]]]}},{"type":"Feature","id":"manzana:UV-105-046","properties":{"id":"manzana:UV-105-046","codigo":"UV-105-046","nombre":"","tipo":"manzana","version_capa":"samples-sinteticas","fuente":"sintético","distrito_id":"distrito_municipal:D02","unidad_vecinal_id":"unidad_vecinal:UV-105"},"geometry":{"type":"Polygon","coordinates":[[[-63.1810613,-17.7764956],[-63.1801179,-17.7764956],[-63.1801179,-17.7755912],[-63.1810613,-17.7755912],[-63.1810613,-17.7764956]]]}},{"type":"Feature","id":"manzana:UV-105-047","properties":{"id":"manzana:UV-105-047","codigo":"UV-105-047","nombre":"","tipo":"manzana","version_capa":"samples-sinteticas","fuente":"sintético","distrito_id":"distrito_municipal:D02","unidad_vecinal_id":"unidad_vecinal:UV-105"},"geometry":{"type":"Polygon","coordinates":[[[-63.1810613,-17.7753651],[-63.1801179,-17.7753651],[-63.1801179,-17.7744607],[-63.1810613,-17.7744607],[-63.1810613,-17.7753651]]]}},{"type":"Feature","id":"manzana:UV-105-048","properties":{"id":"manzana:UV-105-048","codigo":"UV-105-048","nombre":"","tipo":"manzana","version_capa":"samples-sinteticas","fuente":"sintético","distrito_id":"distrito_municipal:D02","unidad_vecinal_id":"unidad_vecinal:UV-105"},"geometry":{"type":"Polygon","coordinates":[[[-63.1810613,-17.7742346],[-63.1801179,-17.7742346],[-63.1801179,-17.7733303],[-63.1810613,-17.7733303],[-63.1810613,-17.7742346]]]}},{"type":"Feature","id":"manzana:UV-105-049","properties":{"id":"manzana:UV-105-049","codigo":"UV-105-049","nombre":"","tipo":"manzana","version_capa":"samples-sinteticas","fuente":"sintético","distrito_id":"distrito_municipal:D02","unidad_vecinal_id":"unidad_vecinal:UV-105"},"geometry":{"type":"Polygon","coordinates":[[[-63.1798821,-17.7866697],[-63.1789387,-17.7866697],[-63.1789387,-17.7857654],[-63.1798821,-17.7857654],[-63.1798821,-17.7866697]]]}},{"type":"Feature","id":"manzana:UV-105-050","properties":{"id":"manzana:UV-105-050","codigo":"UV-105-050","nombre":"","tipo":"manzana","version_capa":"samples-sinteticas","fuente":"sintético","distrito_id":"distrito_municipal:D02","unidad_vecinal_id":"unidad_vecinal:UV-105"},"geometry":{"type":"Polygon","coordinates":[[[-63.1798821,-17.7855393],[-63.1789387,-17.7855393],[-63.1789387,-17.7846349],[-63.1798821,-17.7846349],[-63.1798821,-17.7855393]]]}},{"type":"Feature","id":"manzana:UV-105-051","properties":{"id":"manzana:UV-105-051","codigo":"UV-105-051","nombre":"","tipo":"manzana","version_capa":"samples-sinteticas","fuente":"sintético","distrito_id":"distrito_municipal:D02","unidad_vecinal_id":"unidad_vecinal:UV-105"},"geometry":{"type":"Polygon","coordinates":[[[-63.1798821,-17.7844088],[-63.1789387,-17.7844088],[-63.1789387,-17.7835044],[-63.1798821,-17.7835044],[-63.1798821,-17.7844088]]]}},{"type":"Feature","id":"manzana:UV-105-052","properties":{"id":"manzana:UV-105-052","codigo":"UV-105-052","nombre":"","tipo":"manzana","version_capa":"samples-sinteticas","fuente":"sintético","distrito_id":"distrito_municipal:D02","unidad_vecinal_id":"unidad_vecinal:UV-105"},"geometry":{"type":"Polygon","coordinates":[[[-63.1798821,-17.7832783],[-63.1789387,-17.7832783],[-63.1789387,-17.782374],[-63.1798821,-17.782374],[-63.1798821,-17.7832783]]]}},{"type":"Feature","id":"manzana:UV-105-053","properties":{"id":"manzana:UV-105-053","codigo":"UV-105-053","nombre":"","tipo":"manzana","version_capa":"samples-sinteticas","fuente":"sintético","distrito_id":"distrito_municipal:D02","unidad_vecinal_id":"unidad_vecinal:UV-105"},"geometry":{"type":"Polygon","coordinates":[[[-63.1798821,-17.7821479],[-63.1789387,-17.7821479],[-63.1789387,-17.7812435],[-63.1798821,-17.7812435],[-63.1798821,-17.7821479]]]}},{"type":"Feature","id":"manzana:UV-105-054","properties":{"id":"manzana:UV-105-054","codigo":"UV-105-054","nombre":"","tipo":"manzana","version_capa":"samples-sinteticas","fuente":"sintético","distrito_id":"distrito_municipal:D02","unidad_vecinal_id":"unidad_vecinal:UV-105"},"geometry":{"type":"Polygon","coordinates":[[[-63.1798821,-17.7810174],[-63.1789387,-17.7810174],[-63.1789387,-17.780113],[-63.1798821,-17.780113],[-63.1798821,-17.7810174]]]}},{"type":"Feature","id":"manzana:UV-105-055","properties":{"id":"manzana:UV-105-055","codigo":"UV-105-055","nombre":"","tipo":"manzana","version_capa":"samples-sinteticas","fuente":"sintético","distrito_id":"distrito_municipal:D02","unidad_vecinal_id":"unidad_vecinal:UV-105"},"geometry":{"type":"Polygon","coordinates":[[[-63.1798821,-17.779887],[-63.1789387,-17.779887],[-63.1789387,-17.7789826],[-63.1798821,-17.7789826],[-63.1798821,-17.779887]]]}},{"type":"Feature","id":"manzana:UV-105-056","properties":{"id":"manzana:UV-105-056","codigo":"UV-105-056","nombre":"","tipo":"manzana","version_capa":"samples-sinteticas","fuente":"sintético","distrito_id":"distrito_municipal:D02","unidad_vecinal_id":"unidad_vecinal:UV-105"},"geometry":{"type":"Polygon","coordinates":[[[-63.1798821,-17.7787565],[-63.1789387,-17.7787565],[-63.1789387,-17.7778521],[-63.1798821,-17.7778521],[-63.1798821,-17.7787565]]]}},{"type":"Feature","id":"manzana:UV-105-057","properties":{"id":"manzana:UV-105-057","codigo":"UV-105-057","nombre":"","tipo":"manzana","version_capa":"samples-sinteticas","fuente":"sintético","distrito_id":"distrito_municipal:D02","unidad_vecinal_id":"unidad_vecinal:UV-105"},"geometry":{"type":"Polygon","coordinates":[[[-63.1798821,-17.777626],[-63.1789387,-17.777626],[-63.1789387,-17.7767217],[-63.1798821,-17.7767217],[-63.1798821,-17.777626]]]}},{"type":"Feature","id":"manzana:UV-105-058","properties":{"id":"manzana:UV-105-058","codigo":"UV-105-058","nombre":"","tipo":"manzana","version_capa":"samples-sinteticas","fuente":"sintético","distrito_id":"distrito_municipal:D02","unidad_vecinal_id":"unidad_vecinal:UV-105"},"geometry":{"type":"Polygon","coordinates":[[[-63.1798821,-17.7764956],[-63.1789387,-17.7764956],[-63.1789387,-17.7755912],[-63.1798821,-17.7755912],[-63.1798821,-17.7764956]]]}},{"type":"Feature","id":"manzana:UV-105-059","properties":{"id":"manzana:UV-105-059","codigo":"UV-105-059","nombre":"","tipo":"manzana","version_capa":"samples-sinteticas","fuente":"sintético","distrito_id":"distrito_municipal:D02","unidad_vecinal_id":"unidad_vecinal:UV-105"},"geometry":{"type":"Polygon","coordinates":[[[-63.1798821,-17.7753651],[-63.1789387,-17.7753651],[-63.1789387,-17.7744607],[-63.1798821,-17.7744607],[-63.1798821,-17.7753651]]]}},{"type":"Feature","id":"manzana:UV-105-060","properties":{"id":"manzana:UV-105-060","codigo":"UV-105-060","nombre":"","tipo":"manzana","version_capa":"samples-sinteticas","fuente":"sintético","distrito_id":"distrito_municipal:D02","unidad_vecinal_id":"unidad_vecinal:UV-105"},"geometry":{"type":"Polygon","coordinates":[[[-63.1798821,-17.7742346],[-63.1789387,-17.7742346],[-63.1789387,-17.7733303],[-63.1798821,-17.7733303],[-63.1798821,-17.7742346]]]}},{"type":"Feature","id":"manzana:UV-105-061","properties":{"id":"manzana:UV-105-061","codigo":"UV-105-061","nombre":"","tipo":"manzana","version_capa":"samples-sinteticas","fuente":"sintético","distrito_id":"distrito_municipal:D02","unidad_vecinal_id":"unidad_vecinal:UV-105"},"geometry":{"type":"Polygon","coordinates":[[[-63.1787029,-17.7866697],[-63.1777595,-17.7866697],[-63.1777595,-17.7857654],[-63.1787029,-17.7857654],[-63.1787029,-17.7866697]]]}},{"type":"Feature","id":"manzana:UV-105-062","properties":{"id":"manzana:UV-105-062","codigo":"UV-105-062","nombre":"","tipo":"manzana","version_capa":"samples-sinteticas","fuente":"sintético","distrito_id":"distrito_municipal:D02","unidad_vecinal_id":"unidad_vecinal:UV-105"},"geometry":{"type":"Polygon","coordinates":[[[-63.1787029,-17.7855393],[-63.1777595,-17.7855393],[-63.1777595,-17.7846349],[-63.1787029,-17.7846349],[-63.1787029,-17.7855393]]]}},{"type":"Feature","id":"manzana:UV-105-063","properties":{"id":"manzana:UV-105-063","codigo":"UV-105-063","nombre":"","tipo":"manzana","version_capa":"samples-sinteticas","fuente":"sintético","distrito_id":"distrito_municipal:D02","unidad_vecinal_id":"unidad_vecinal:UV-105"},"geometry":{"type":"Polygon","coordinates":[[[-63.1787029,-17.7844088],[-63.1777595,-17.7844088],[-63.1777595,-17.7835044],[-63.1787029,-17.7835044],[-63.1787029,-17.7844088]]]}},{"type":"Feature","id":"manzana:UV-105-064","properties":{"id":"manzana:UV-105-064","codigo":"UV-105-064","nombre":"","tipo":"manzana","version_capa":"samples-sinteticas","fuente":"sintético","distrito_id":"distrito_municipal:D02","unidad_vecinal_id":"unidad_vecinal:UV-105"},"geometry":{"type":"Polygon","coordinates":[[[-63.1787029,-17.7832783],[-63.1777595,-17.7832783],[-63.1777595,-17.782374],[-63.1787029,-17.782374],[-63.1787029,-17.7832783]]]}},{"type":"Feature","id":"manzana:UV-105-065","properties":{"id":"manzana:UV-105-065","codigo":"UV-105-065","nombre":"","tipo":"manzana","version_capa":"samples-sinteticas","fuente":"sintético","distrito_id":"distrito_municipal:D02","unidad_vecinal_id":"unidad_vecinal:UV-105"},"geometry":{"type":"Polygon","coordinates":[[[-63.1787029,-17.7821479],[-63.1777595,-17.7821479],[-63.1777595,-17.7812435],[-63.1787029,-17.7812435],[-63.1787029,-17.7821479]]]}},{"type":"Feature","id":"manzana:UV-105-066","properties":{"id":"manzana:UV-105-066","codigo":"UV-105-066","nombre":"","tipo":"manzana","version_capa":"samples-sinteticas","fuente":"sintético","distrito_id":"distrito_municipal:D02","unidad_vecinal_id":"unidad_vecinal:UV-105"},"geometry":{"type":"Polygon","coordinates":[[[-63.1787029,-17.7810174],[-63.1777595,-17.7810174],[-63.1777595,-17.780113],[-63.1787029,-17.780113],[-63.1787029,-17.7810174]]]}},{"type":"Feature","id":"manzana:UV-105-067","properties":{"id":"manzana:UV-105-067","codigo":"UV-105-067","nombre":"","tipo":"manzana","version_capa":"samples-sinteticas","fuente":"sintético","distrito_id":"distrito_municipal:D02","unidad_vecinal_id":"unidad_vecinal:UV-105"},"geometry":{"type":"Polygon","coordinates":[[[-63.1787029,-17.779887],[-63.1777595,-17.779887],[-63.1777595,-17.7789826],[-63.1787029,-17.7789826],[-63.1787029,-17.779887]]]}},{"type":"Feature","id":"manzana:UV-105-068","properties":{"id":"manzana:UV-105-068","codigo":"UV-105-068","nombre":"","tipo":"manzana","version_capa":"samples-sinteticas","fuente":"sintético","distrito_id":"distrito_municipal:D02","unidad_vecinal_id":"unidad_vecinal:UV-105"},"geometry":{"type":"Polygon","coordinates":[[[-63.1787029,-17.7787565],[-63.1777595,-17.7787565],[-63.1777595,-17.7778521],[-63.1787029,-17.7778521],[-63.1787029,-17.7787565]]]}},{"type":"Feature","id":"manzana:UV-105-069","properties":{"id":"manzana:UV-105-069","codigo":"UV-105-069","nombre":"","tipo":"manzana","version_capa":"samples-sinteticas","fuente":"sintético","distrito_id":"distrito_municipal:D02","unidad_vecinal_id":"unidad_vecinal:UV-105"},"geometry":{"type":"Polygon","coordinates":[[[-63.1787029,-17.777626],[-63.1777595,-17.777626],[-63.1777595,-17.7767217],[-63.1787029,-17.7767217],[-63.1787029,-17.777626]]]}},{"type":"Feature","id":"manzana:UV-105-070","properties":{"id":"manzana:UV-105-070","codigo":"UV-105-070","nombre":"","tipo":"manzana","version_capa":"samples-sinteticas","fuente":"sintético","distrito_id":"distrito_municipal:D02","unidad_vecinal_id":"unidad_vecinal:UV-105"},"geometry":{"type":"Polygon","coordinates":[[[-63.1787029,-17.7764956],[-63.1777595,-17.7764956],[-63.1777595,-17.7755912],[-63.1787029,-17.7755912],[-63.1787029,-17.7764956]]]}},{"type":"Feature","id":"manzana:UV-105-071","properties":{"id":"manzana:UV-105-071","codigo":"UV-105-071","nombre":"","tipo":"manzana","version_capa":"samples-sinteticas","fuente":"sintético","distrito_id":"distrito_municipal:D02","unidad_vecinal_id":"unidad_vecinal:UV-105"},"geometry":{"type":"Polygon","coordinates":[[[-63.1787029,-17.7753651],[-63.1777595,-17.7753651],[-63.1777595,-17.7744607],[-63.1787029,-17.7744607],[-63.1787029,-17.7753651]]]}},{"type":"Feature","id":"manzana:UV-105-072","properties":{"id":"manzana:UV-105-072","codigo":"UV-105-072","nombre":"","tipo":"manzana","version_capa":"samples-sinteticas","fuente":"sintético","distrito_id":"distrito_municipal:D02","unidad_vecinal_id":"unidad_vecinal:UV-105"},"geometry":{"type":"Polygon","coordinates":[[[-63.1787029,-17.7742346],[-63.1777595,-17.7742346],[-63.1777595,-17.7733303],[-63.1787029,-17.7733303],[-63.1787029,-17.7742346]]]}},{"type":"Feature","id":"manzana:UV-105-073","properties":{"id":"manzana:UV-105-073","codigo":"UV-105-073","nombre":"","tipo":"manzana","version_capa":"samples-sinteticas","fuente":"sintético","distrito_id":"distrito_municipal:D02","unidad_vecinal_id":"unidad_vecinal:UV-105"},"geometry":{"type":"Polygon","coordinates":[[[-63.1775237,-17.7866697],[-63.1765803,-17.7866697],[-63.1765803,-17.7857654],[-63.1775237,-17.7857654],[-63.1775237,-17.7866697]]]}},{"type":"Feature","id":"manzana:UV-105-074","properties":{"id":"manzana:UV-105-074","codigo":"UV-105-074","nombre":"","tipo":"manzana","version_capa":"samples-sinteticas","fuente":"sintético","distrito_id":"distrito_municipal:D02","unidad_vecinal_id":"unidad_vecinal:UV-105"},"geometry":{"type":"Polygon","coordinates":[[[-63.1775237,-17.7855393],[-63.1765803,-17.7855393],[-63.1765803,-17.7846349],[-63.1775237,-17.7846349],[-63.1775237,-17.7855393]]]}},{"type":"Feature","id":"manzana:UV-105-075","properties":{"id":"manzana:UV-105-075","codigo":"UV-105-075","nombre":"","tipo":"manzana","version_capa":"samples-sinteticas","fuente":"sintético","distrito_id":"distrito_municipal:D02","unidad_vecinal_id":"unidad_vecinal:UV-105"},"geometry":{"type":"Polygon","coordinates":[[[-63.1775237,-17.7844088],[-63.1765803,-17.7844088],[-63.1765803,-17.7835044],[-63.1775237,-17.7835044],[-63.1775237,-17.7844088]]]}},{"type":"Feature","id":"manzana:UV-105-076","properties":{"id":"manzana:UV-105-076","codigo":"UV-105-076","nombre":"","tipo":"manzana","version_capa":"samples-sinteticas","fuente":"sintético","distrito_id":"distrito_municipal:D02","unidad_vecinal_id":"unidad_vecinal:UV-105"},"geometry":{"type":"Polygon","coordinates":[[[-63.1775237,-17.7832783],[-63.1765803,-17.7832783],[-63.1765803,-17.782374],[-63.1775237,-17.782374],[-63.1775237,-17.7832783]]]}},{"type":"Feature","id":"manzana:UV-105-077","properties":{"id":"manzana:UV-105-077","codigo":"UV-105-077","nombre":"","tipo":"manzana","version_capa":"samples-sinteticas","fuente":"sintético","distrito_id":"distrito_municipal:D02","unidad_vecinal_id":"unidad_vecinal:UV-105"},"geometry":{"type":"Polygon","coordinates":[[[-63.1775237,-17.7821479],[-63.1765803,-17.7821479],[-63.1765803,-17.7812435],[-63.1775237,-17.7812435],[-63.1775237,-17.7821479]]]}},{"type":"Feature","id":"manzana:UV-105-078","properties":{"id":"manzana:UV-105-078","codigo":"UV-105-078","nombre":"","tipo":"manzana","version_capa":"samples-sinteticas","fuente":"sintético","distrito_id":"distrito_municipal:D02","unidad_vecinal_id":"unidad_vecinal:UV-105"},"geometry":{"type":"Polygon","coordinates":[[[-63.1775237,-17.7810174],[-63.1765803,-17.7810174],[-63.1765803,-17.780113],[-63.1775237,-17.780113],[-63.1775237,-17.7810174]]]}},{"type":"Feature","id":"manzana:UV-105-079","properties":{"id":"manzana:UV-105-079","codigo":"UV-105-079","nombre":"","tipo":"manzana","version_capa":"samples-sinteticas","fuente":"sintético","distrito_id":"distrito_municipal:D02","unidad_vecinal_id":"unidad_vecinal:UV-105"},"geometry":{"type":"Polygon","coordinates":[[[-63.1775237,-17.779887],[-63.1765803,-17.779887],[-63.1765803,-17.7789826],[-63.1775237,-17.7789826],[-63.1775237,-17.779887]]]}},{"type":"Feature","id":"manzana:UV-105-080","properties":{"id":"manzana:UV-105-080","codigo":"UV-105-080","nombre":"","tipo":"manzana","version_capa":"samples-sinteticas","fuente":"sintético","distrito_id":"distrito_municipal:D02","unidad_vecinal_id":"unidad_vecinal:UV-105"},"geometry":{"type":"Polygon","coordinates":[[[-63.1775237,-17.7787565],[-63.1765803,-17.7787565],[-63.1765803,-17.7778521],[-63.1775237,-17.7778521],[-63.1775237,-17.7787565]]]}},{"type":"Feature","id":"manzana:UV-105-081","properties":{"id":"manzana:UV-105-081","codigo":"UV-105-081","nombre":"","tipo":"manzana","version_capa":"samples-sinteticas","fuente":"sintético","distrito_id":"distrito_municipal:D02","unidad_vecinal_id":"unidad_vecinal:UV-105"},"geometry":{"type":"Polygon","coordinates":[[[-63.1775237,-17.777626],[-63.1765803,-17.777626],[-63.1765803,-17.7767217],[-63.1775237,-17.7767217],[-63.1775237,-17.777626]]]}},{"type":"Feature","id":"manzana:UV-105-082","properties":{"id":"manzana:UV-105-082","codigo":"UV-105-082","nombre":"","tipo":"manzana","version_capa":"samples-sinteticas","fuente":"sintético","distrito_id":"distrito_municipal:D02","unidad_vecinal_id":"unidad_vecinal:UV-105"},"geometry":{"type":"Polygon","coordinates":[[[-63.1775237,-17.7764956],[-63.1765803,-17.7764956],[-63.1765803,-17.7755912],[-63.1775237,-17.7755912],[-63.1775237,-17.7764956]]]}},{"type":"Feature","id":"manzana:UV-105-083","properties":{"id":"manzana:UV-105-083","codigo":"UV-105-083","nombre":"","tipo":"manzana","version_capa":"samples-sinteticas","fuente":"sintético","distrito_id":"distrito_municipal:D02","unidad_vecinal_id":"unidad_vecinal:UV-105"},"geometry":{"type":"Polygon","coordinates":[[[-63.1775237,-17.7753651],[-63.1765803,-17.7753651],[-63.1765803,-17.7744607],[-63.1775237,-17.7744607],[-63.1775237,-17.7753651]]]}},{"type":"Feature","id":"manzana:UV-105-084","properties":{"id":"manzana:UV-105-084","codigo":"UV-105-084","nombre":"","tipo":"manzana","version_capa":"samples-sinteticas","fuente":"sintético","distrito_id":"distrito_municipal:D02","unidad_vecinal_id":"unidad_vecinal:UV-105"},"geometry":{"type":"Polygon","coordinates":[[[-63.1775237,-17.7742346],[-63.1765803,-17.7742346],[-63.1765803,-17.7733303],[-63.1775237,-17.7733303],[-63.1775237,-17.7742346]]]}},{"type":"Feature","id":"manzana:UV-105-085","properties":{"id":"manzana:UV-105-085","codigo":"UV-105-085","nombre":"","tipo":"manzana","version_capa":"samples-sinteticas","fuente":"sintético","distrito_id":"distrito_municipal:D02","unidad_vecinal_id":"unidad_vecinal:UV-105"},"geometry":{"type":"Polygon","coordinates":[[[-63.1763444,-17.7866697],[-63.1754011,-17.7866697],[-63.1754011,-17.7857654],[-63.1763444,-17.7857654],[-63.1763444,-17.7866697]]]}},{"type":"Feature","id":"manzana:UV-105-086","properties":{"id":"manzana:UV-105-086","codigo":"UV-105-086","nombre":"","tipo":"manzana","version_capa":"samples-sinteticas","fuente":"sintético","distrito_id":"distrito_municipal:D02","unidad_vecinal_id":"unidad_vecinal:UV-105"},"geometry":{"type":"Polygon","coordinates":[[[-63.1763444,-17.7855393],[-63.1754011,-17.7855393],[-63.1754011,-17.7846349],[-63.1763444,-17.7846349],[-63.1763444,-17.7855393]]]}},{"type":"Feature","id":"manzana:UV-105-087","properties":{"id":"manzana:UV-105-087","codigo":"UV-105-087","nombre":"","tipo":"manzana","version_capa":"samples-sinteticas","fuente":"sintético","distrito_id":"distrito_municipal:D02","unidad_vecinal_id":"unidad_vecinal:UV-105"},"geometry":{"type":"Polygon","coordinates":[[[-63.1763444,-17.7844088],[-63.1754011,-17.7844088],[-63.1754011,-17.7835044],[-63.1763444,-17.7835044],[-63.1763444,-17.7844088]]]}},{"type":"Feature","id":"manzana:UV-105-088","properties":{"id":"manzana:UV-105-088","codigo":"UV-105-088","nombre":"","tipo":"manzana","version_capa":"samples-sinteticas","fuente":"sintético","distrito_id":"distrito_municipal:D02","unidad_vecinal_id":"unidad_vecinal:UV-105"},"geometry":{"type":"Polygon","coordinates":[[[-63.1763444,-17.7832783],[-63.1754011,-17.7832783],[-63.1754011,-17.782374],[-63.1763444,-17.782374],[-63.1763444,-17.7832783]]]}},{"type":"Feature","id":"manzana:UV-105-089","properties":{"id":"manzana:UV-105-089","codigo":"UV-105-089","nombre":"","tipo":"manzana","version_capa":"samples-sinteticas","fuente":"sintético","distrito_id":"distrito_municipal:D02","unidad_vecinal_id":"unidad_vecinal:UV-105"},"geometry":{"type":"Polygon","coordinates":[[[-63.1763444,-17.7821479],[-63.1754011,-17.7821479],[-63.1754011,-17.7812435],[-63.1763444,-17.7812435],[-63.1763444,-17.7821479]]]}},{"type":"Feature","id":"manzana:UV-105-090","properties":{"id":"manzana:UV-105-090","codigo":"UV-105-090","nombre":"","tipo":"manzana","version_capa":"samples-sinteticas","fuente":"sintético","distrito_id":"distrito_municipal:D02","unidad_vecinal_id":"unidad_vecinal:UV-105"},"geometry":{"type":"Polygon","coordinates":[[[-63.1763444,-17.7810174],[-63.1754011,-17.7810174],[-63.1754011,-17.780113],[-63.1763444,-17.780113],[-63.1763444,-17.7810174]]]}},{"type":"Feature","id":"manzana:UV-105-091","properties":{"id":"manzana:UV-105-091","codigo":"UV-105-091","nombre":"","tipo":"manzana","version_capa":"samples-sinteticas","fuente":"sintético","distrito_id":"distrito_municipal:D02","unidad_vecinal_id":"unidad_vecinal:UV-105"},"geometry":{"type":"Polygon","coordinates":[[[-63.1763444,-17.779887],[-63.1754011,-17.779887],[-63.1754011,-17.7789826],[-63.1763444,-17.7789826],[-63.1763444,-17.779887]]]}},{"type":"Feature","id":"manzana:UV-105-092","properties":{"id":"manzana:UV-105-092","codigo":"UV-105-092","nombre":"","tipo":"manzana","version_capa":"samples-sinteticas","fuente":"sintético","distrito_id":"distrito_municipal:D02","unidad_vecinal_id":"unidad_vecinal:UV-105"},"geometry":{"type":"Polygon","coordinates":[[[-63.1763444,-17.7787565],[-63.1754011,-17.7787565],[-63.1754011,-17.7778521],[-63.1763444,-17.7778521],[-63.1763444,-17.7787565]]]}},{"type":"Feature","id":"manzana:UV-105-093","properties":{"id":"manzana:UV-105-093","codigo":"UV-105-093","nombre":"","tipo":"manzana","version_capa":"samples-sinteticas","fuente":"sintético","distrito_id":"distrito_municipal:D02","unidad_vecinal_id":"unidad_vecinal:UV-105"},"geometry":{"type":"Polygon","coordinates":[[[-63.1763444,-17.777626],[-63.1754011,-17.777626],[-63.1754011,-17.7767217],[-63.1763444,-17.7767217],[-63.1763444,-17.777626]]]}},{"type":"Feature","id":"manzana:UV-105-094","properties":{"id":"manzana:UV-105-094","codigo":"UV-105-094","nombre":"","tipo":"manzana","version_capa":"samples-sinteticas","fuente":"sintético","distrito_id":"distrito_municipal:D02","unidad_vecinal_id":"unidad_vecinal:UV-105"},"geometry":{"type":"Polygon","coordinates":[[[-63.1763444,-17.7764956],[-63.1754011,-17.7764956],[-63.1754011,-17.7755912],[-63.1763444,-17.7755912],[-63.1763444,-17.7764956]]]}},{"type":"Feature","id":"manzana:UV-105-095","properties":{"id":"manzana:UV-105-095","codigo":"UV-105-095","nombre":"","tipo":"manzana","version_capa":"samples-sinteticas","fuente":"sintético","distrito_id":"distrito_municipal:D02","unidad_vecinal_id":"unidad_vecinal:UV-105"},"geometry":{"type":"Polygon","coordinates":[[[-63.1763444,-17.7753651],[-63.1754011,-17.7753651],[-63.1754011,-17.7744607],[-63.1763444,-17.7744607],[-63.1763444,-17.7753651]]]}},{"type":"Feature","id":"manzana:UV-105-096","properties":{"id":"manzana:UV-105-096","codigo":"UV-105-096","nombre":"","tipo":"manzana","version_capa":"samples-sinteticas","fuente":"sintético","distrito_id":"distrito_municipal:D02","unidad_vecinal_id":"unidad_vecinal:UV-105"},"geometry":{"type":"Polygon","coordinates":[[[-63.1763444,-17.7742346],[-63.1754011,-17.7742346],[-63.1754011,-17.7733303],[-63.1763444,-17.7733303],[-63.1763444,-17.7742346]]]}},{"type":"Feature","id":"manzana:UV-106-001","properties":{"id":"manzana:UV-106-001","codigo":"UV-106-001","nombre":"","tipo":"manzana","version_capa":"samples-sinteticas","fuente":"sintético","distrito_id":"distrito_municipal:D02","unidad_vecinal_id":"unidad_vecinal:UV-106"},"geometry":{"type":"Polygon","coordinates":[[[-63.1845989,-17.7731042],[-63.1836556,-17.7731042],[-63.1836556,-17.7721998],[-63.1845989,-17.7721998],[-63.1845989,-17.7731042]]]}},{"type":"Feature","id":"manzana:UV-106-002","properties":{"id":"manzana:UV-106-002","codigo":"UV-106-002","nombre":"","tipo":"manzana","version_capa":"samples-sinteticas","fuente":"sintético","distrito_id":"distrito_municipal:D02","unidad_vecinal_id":"unidad_vecinal:UV-106"},"geometry":{"type":"Polygon","coordinates":[[[-63.1845989,-17.7719737],[-63.1836556,-17.7719737],[-63.1836556,-17.7710693],[-63.1845989,-17.7710693],[-63.1845989,-17.7719737]]]}},{"type":"Feature","id":"manzana:UV-106-003","properties":{"id":"manzana:UV-106-003","codigo":"UV-106-003","nombre":"","tipo":"manzana","version_capa":"samples-sinteticas","fuente":"sintético","distrito_id":"distrito_municipal:D02","unidad_vecinal_id":"unidad_vecinal:UV-106"},"geometry":{"type":"Polygon","coordinates":[[[-63.1845989,-17.7708432],[-63.1836556,-17.7708432],[-63.1836556,-17.7699389],[-63.1845989,-17.7699389],[-63.1845989,-17.7708432]]]}},{"type":"Feature","id":"manzana:UV-106-004","properties":{"id":"manzana:UV-106-004","codigo":"UV-106-004","nombre":"","tipo":"manzana","version_capa":"samples-sinteticas","fuente":"sintético","distrito_id":"distrito_municipal:D02","unidad_vecinal_id":"unidad_vecinal:UV-106"},"geometry":{"type":"Polygon","coordinates":[[[-63.1845989,-17.7697128],[-63.1836556,-17.7697128],[-63.1836556,-17.7688084],[-63.1845989,-17.7688084],[-63.1845989,-17.7697128]]]}},{"type":"Feature","id":"manzana:UV-106-005","properties":{"id":"manzana:UV-106-005","codigo":"UV-106-005","nombre":"","tipo":"manzana","version_capa":"samples-sinteticas","fuente":"sintético","distrito_id":"distrito_municipal:D02","unidad_vecinal_id":"unidad_vecinal:UV-106"},"geometry":{"type":"Polygon","coordinates":[[[-63.1845989,-17.7685823],[-63.1836556,-17.7685823],[-63.1836556,-17.7676779],[-63.1845989,-17.7676779],[-63.1845989,-17.7685823]]]}},{"type":"Feature","id":"manzana:UV-106-006","properties":{"id":"manzana:UV-106-006","codigo":"UV-106-006","nombre":"","tipo":"manzana","version_capa":"samples-sinteticas","fuente":"sintético","distrito_id":"distrito_municipal:D02","unidad_vecinal_id":"unidad_vecinal:UV-106"},"geometry":{"type":"Polygon","coordinates":[[[-63.1845989,-17.7674518],[-63.1836556,-17.7674518],[-63.1836556,-17.7665475],[-63.1845989,-17.7665475],[-63.1845989,-17.7674518]]]}},{"type":"Feature","id":"manzana:UV-106-007","properties":{"id":"manzana:UV-106-007","codigo":"UV-106-007","nombre":"","tipo":"manzana","version_capa":"samples-sinteticas","fuente":"sintético","distrito_id":"distrito_municipal:D02","unidad_vecinal_id":"unidad_vecinal:UV-106"},"geometry":{"type":"Polygon","coordinates":[[[-63.1845989,-17.7663214],[-63.1836556,-17.7663214],[-63.1836556,-17.765417],[-63.1845989,-17.765417],[-63.1845989,-17.7663214]]]}},{"type":"Feature","id":"manzana:UV-106-008","properties":{"id":"manzana:UV-106-008","codigo":"UV-106-008","nombre":"","tipo":"manzana","version_capa":"samples-sinteticas","fuente":"sintético","distrito_id":"distrito_municipal:D02","unidad_vecinal_id":"unidad_vecinal:UV-106"},"geometry":{"type":"Polygon","coordinates":[[[-63.1845989,-17.7651909],[-63.1836556,-17.7651909],[-63.1836556,-17.7642865],[-63.1845989,-17.7642865],[-63.1845989,-17.7651909]]]}},{"type":"Feature","id":"manzana:UV-106-009","properties":{"id":"manzana:UV-106-009","codigo":"UV-106-009","nombre":"","tipo":"manzana","version_capa":"samples-sinteticas","fuente":"sintético","distrito_id":"distrito_municipal:D02","unidad_vecinal_id":"unidad_vecinal:UV-106"},"geometry":{"type":"Polygon","coordinates":[[[-63.1845989,-17.7640604],[-63.1836556,-17.7640604],[-63.1836556,-17.7631561],[-63.1845989,-17.7631561],[-63.1845989,-17.7640604]]]}},{"type":"Feature","id":"manzana:UV-106-010","properties":{"id":"manzana:UV-106-010","codigo":"UV-106-010","nombre":"","tipo":"manzana","version_capa":"samples-sinteticas","fuente":"sintético","distrito_id":"distrito_municipal:D02","unidad_vecinal_id":"unidad_vecinal:UV-106"},"geometry":{"type":"Polygon","coordinates":[[[-63.1845989,-17.76293],[-63.1836556,-17.76293],[-63.1836556,-17.7620256],[-63.1845989,-17.7620256],[-63.1845989,-17.76293]]]}},{"type":"Feature","id":"manzana:UV-106-011","properties":{"id":"manzana:UV-106-011","codigo":"UV-106-011","nombre":"","tipo":"manzana","version_capa":"samples-sinteticas","fuente":"sintético","distrito_id":"distrito_municipal:D02","unidad_vecinal_id":"unidad_vecinal:UV-106"},"geometry":{"type":"Polygon","coordinates":[[[-63.1845989,-17.7617995],[-63.1836556,-17.7617995],[-63.1836556,-17.7608951],[-63.1845989,-17.7608951],[-63.1845989,-17.7617995]]]}},{"type":"Feature","id":"manzana:UV-106-012","properties":{"id":"manzana:UV-106-012","codigo":"UV-106-012","nombre":"","tipo":"manzana","version_capa":"samples-sinteticas","fuente":"sintético","distrito_id":"distrito_municipal:D02","unidad_vecinal_id":"unidad_vecinal:UV-106"},"geometry":{"type":"Polygon","coordinates":[[[-63.1845989,-17.7606691],[-63.1836556,-17.7606691],[-63.1836556,-17.7597647],[-63.1845989,-17.7597647],[-63.1845989,-17.7606691]]]}},{"type":"Feature","id":"manzana:UV-106-013","properties":{"id":"manzana:UV-106-013","codigo":"UV-106-013","nombre":"","tipo":"manzana","version_capa":"samples-sinteticas","fuente":"sintético","distrito_id":"distrito_municipal:D02","unidad_vecinal_id":"unidad_vecinal:UV-106"},"geometry":{"type":"Polygon","coordinates":[[[-63.1834197,-17.7731042],[-63.1824763,-17.7731042],[-63.1824763,-17.7721998],[-63.1834197,-17.7721998],[-63.1834197,-17.7731042]]]}},{"type":"Feature","id":"manzana:UV-106-014","properties":{"id":"manzana:UV-106-014","codigo":"UV-106-014","nombre":"","tipo":"manzana","version_capa":"samples-sinteticas","fuente":"sintético","distrito_id":"distrito_municipal:D02","unidad_vecinal_id":"unidad_vecinal:UV-106"},"geometry":{"type":"Polygon","coordinates":[[[-63.1834197,-17.7719737],[-63.1824763,-17.7719737],[-63.1824763,-17.7710693],[-63.1834197,-17.7710693],[-63.1834197,-17.7719737]]]}},{"type":"Feature","id":"manzana:UV-106-015","properties":{"id":"manzana:UV-106-015","codigo":"UV-106-015","nombre":"","tipo":"manzana","version_capa":"samples-sinteticas","fuente":"sintético","distrito_id":"distrito_municipal:D02","unidad_vecinal_id":"unidad_vecinal:UV-106"},"geometry":{"type":"Polygon","coordinates":[[[-63.1834197,-17.7708432],[-63.1824763,-17.7708432],[-63.1824763,-17.7699389],[-63.1834197,-17.7699389],[-63.1834197,-17.7708432]]]}},{"type":"Feature","id":"manzana:UV-106-016","properties":{"id":"manzana:UV-106-016","codigo":"UV-106-016","nombre":"","tipo":"manzana","version_capa":"samples-sinteticas","fuente":"sintético","distrito_id":"distrito_municipal:D02","unidad_vecinal_id":"unidad_vecinal:UV-106"},"geometry":{"type":"Polygon","coordinates":[[[-63.1834197,-17.7697128],[-63.1824763,-17.7697128],[-63.1824763,-17.7688084],[-63.1834197,-17.7688084],[-63.1834197,-17.7697128]]]}},{"type":"Feature","id":"manzana:UV-106-017","properties":{"id":"manzana:UV-106-017","codigo":"UV-106-017","nombre":"","tipo":"manzana","version_capa":"samples-sinteticas","fuente":"sintético","distrito_id":"distrito_municipal:D02","unidad_vecinal_id":"unidad_vecinal:UV-106"},"geometry":{"type":"Polygon","coordinates":[[[-63.1834197,-17.7685823],[-63.1824763,-17.7685823],[-63.1824763,-17.7676779],[-63.1834197,-17.7676779],[-63.1834197,-17.7685823]]]}},{"type":"Feature","id":"manzana:UV-106-018","properties":{"id":"manzana:UV-106-018","codigo":"UV-106-018","nombre":"","tipo":"manzana","version_capa":"samples-sinteticas","fuente":"sintético","distrito_id":"distrito_municipal:D02","unidad_vecinal_id":"unidad_vecinal:UV-106"},"geometry":{"type":"Polygon","coordinates":[[[-63.1834197,-17.7674518],[-63.1824763,-17.7674518],[-63.1824763,-17.7665475],[-63.1834197,-17.7665475],[-63.1834197,-17.7674518]]]}},{"type":"Feature","id":"manzana:UV-106-019","properties":{"id":"manzana:UV-106-019","codigo":"UV-106-019","nombre":"","tipo":"manzana","version_capa":"samples-sinteticas","fuente":"sintético","distrito_id":"distrito_municipal:D02","unidad_vecinal_id":"unidad_vecinal:UV-106"},"geometry":{"type":"Polygon","coordinates":[[[-63.1834197,-17.7663214],[-63.1824763,-17.7663214],[-63.1824763,-17.765417],[-63.1834197,-17.765417],[-63.1834197,-17.7663214]]]}},{"type":"Feature","id":"manzana:UV-106-020","properties":{"id":"manzana:UV-106-020","codigo":"UV-106-020","nombre":"","tipo":"manzana","version_capa":"samples-sinteticas","fuente":"sintético","distrito_id":"distrito_municipal:D02","unidad_vecinal_id":"unidad_vecinal:UV-106"},"geometry":{"type":"Polygon","coordinates":[[[-63.1834197,-17.7651909],[-63.1824763,-17.7651909],[-63.1824763,-17.7642865],[-63.1834197,-17.7642865],[-63.1834197,-17.7651909]]]}},{"type":"Feature","id":"manzana:UV-106-021","properties":{"id":"manzana:UV-106-021","codigo":"UV-106-021","nombre":"","tipo":"manzana","version_capa":"samples-sinteticas","fuente":"sintético","distrito_id":"distrito_municipal:D02","unidad_vecinal_id":"unidad_vecinal:UV-106"},"geometry":{"type":"Polygon","coordinates":[[[-63.1834197,-17.7640604],[-63.1824763,-17.7640604],[-63.1824763,-17.7631561],[-63.1834197,-17.7631561],[-63.1834197,-17.7640604]]]}},{"type":"Feature","id":"manzana:UV-106-022","properties":{"id":"manzana:UV-106-022","codigo":"UV-106-022","nombre":"","tipo":"manzana","version_capa":"samples-sinteticas","fuente":"sintético","distrito_id":"distrito_municipal:D02","unidad_vecinal_id":"unidad_vecinal:UV-106"},"geometry":{"type":"Polygon","coordinates":[[[-63.1834197,-17.76293],[-63.1824763,-17.76293],[-63.1824763,-17.7620256],[-63.1834197,-17.7620256],[-63.1834197,-17.76293]]]}},{"type":"Feature","id":"manzana:UV-106-023","properties":{"id":"manzana:UV-106-023","codigo":"UV-106-023","nombre":"","tipo":"manzana","version_capa":"samples-sinteticas","fuente":"sintético","distrito_id":"distrito_municipal:D02","unidad_vecinal_id":"unidad_vecinal:UV-106"},"geometry":{"type":"Polygon","coordinates":[[[-63.1834197,-17.7617995],[-63.1824763,-17.7617995],[-63.1824763,-17.7608951],[-63.1834197,-17.7608951],[-63.1834197,-17.7617995]]]}},{"type":"Feature","id":"manzana:UV-106-024","properties":{"id":"manzana:UV-106-024","codigo":"UV-106-024","nombre":"","tipo":"manzana","version_capa":"samples-sinteticas","fuente":"sintético","distrito_id":"distrito_municipal:D02","unidad_vecinal_id":"unidad_vecinal:UV-106"},"geometry":{"type":"Polygon","coordinates":[[[-63.1834197,-17.7606691],[-63.1824763,-17.7606691],[-63.1824763,-17.7597647],[-63.1834197,-17.7597647],[-63.1834197,-17.7606691]]]}},{"type":"Feature","id":"manzana:UV-106-025","properties":{"id":"manzana:UV-106-025","codigo":"UV-106-025","nombre":"","tipo":"manzana","version_capa":"samples-sinteticas","fuente":"sintético","distrito_id":"distrito_municipal:D02","unidad_vecinal_id":"unidad_vecinal:UV-106"},"geometry":{"type":"Polygon","coordinates":[[[-63.1822405,-17.7731042],[-63.1812971,-17.7731042],[-63.1812971,-17.7721998],[-63.1822405,-17.7721998],[-63.1822405,-17.7731042]]]}},{"type":"Feature","id":"manzana:UV-106-026","properties":{"id":"manzana:UV-106-026","codigo":"UV-106-026","nombre":"","tipo":"manzana","version_capa":"samples-sinteticas","fuente":"sintético","distrito_id":"distrito_municipal:D02","unidad_vecinal_id":"unidad_vecinal:UV-106"},"geometry":{"type":"Polygon","coordinates":[[[-63.1822405,-17.7719737],[-63.1812971,-17.7719737],[-63.1812971,-17.7710693],[-63.1822405,-17.7710693],[-63.1822405,-17.7719737]]]}},{"type":"Feature","id":"manzana:UV-106-027","properties":{"id":"manzana:UV-106-027","codigo":"UV-106-027","nombre":"","tipo":"manzana","version_capa":"samples-sinteticas","fuente":"sintético","distrito_id":"distrito_municipal:D02","unidad_vecinal_id":"unidad_vecinal:UV-106"},"geometry":{"type":"Polygon","coordinates":[[[-63.1822405,-17.7708432],[-63.1812971,-17.7708432],[-63.1812971,-17.7699389],[-63.1822405,-17.7699389],[-63.1822405,-17.7708432]]]}},{"type":"Feature","id":"manzana:UV-106-028","properties":{"id":"manzana:UV-106-028","codigo":"UV-106-028","nombre":"","tipo":"manzana","version_capa":"samples-sinteticas","fuente":"sintético","distrito_id":"distrito_municipal:D02","unidad_vecinal_id":"unidad_vecinal:UV-106"},"geometry":{"type":"Polygon","coordinates":[[[-63.1822405,-17.7697128],[-63.1812971,-17.7697128],[-63.1812971,-17.7688084],[-63.1822405,-17.7688084],[-63.1822405,-17.7697128]]]}},{"type":"Feature","id":"manzana:UV-106-029","properties":{"id":"manzana:UV-106-029","codigo":"UV-106-029","nombre":"","tipo":"manzana","version_capa":"samples-sinteticas","fuente":"sintético","distrito_id":"distrito_municipal:D02","unidad_vecinal_id":"unidad_vecinal:UV-106"},"geometry":{"type":"Polygon","coordinates":[[[-63.1822405,-17.7685823],[-63.1812971,-17.7685823],[-63.1812971,-17.7676779],[-63.1822405,-17.7676779],[-63.1822405,-17.7685823]]]}},{"type":"Feature","id":"manzana:UV-106-030","properties":{"id":"manzana:UV-106-030","codigo":"UV-106-030","nombre":"","tipo":"manzana","version_capa":"samples-sinteticas","fuente":"sintético","distrito_id":"distrito_municipal:D02","unidad_vecinal_id":"unidad_vecinal:UV-106"},"geometry":{"type":"Polygon","coordinates":[[[-63.1822405,-17.7674518],[-63.1812971,-17.7674518],[-63.1812971,-17.7665475],[-63.1822405,-17.7665475],[-63.1822405,-17.7674518]]]}},{"type":"Feature","id":"manzana:UV-106-031","properties":{"id":"manzana:UV-106-031","codigo":"UV-106-031","nombre":"","tipo":"manzana","version_capa":"samples-sinteticas","fuente":"sintético","distrito_id":"distrito_municipal:D02","unidad_vecinal_id":"unidad_vecinal:UV-106"},"geometry":{"type":"Polygon","coordinates":[[[-63.1822405,-17.7663214],[-63.1812971,-17.7663214],[-63.1812971,-17.765417],[-63.1822405,-17.765417],[-63.1822405,-17.7663214]]]}},{"type":"Feature","id":"manzana:UV-106-032","properties":{"id":"manzana:UV-106-032","codigo":"UV-106-032","nombre":"","tipo":"manzana","version_capa":"samples-sinteticas","fuente":"sintético","distrito_id":"distrito_municipal:D02","unidad_vecinal_id":"unidad_vecinal:UV-106"},"geometry":{"type":"Polygon","coordinates":[[[-63.1822405,-17.7651909],[-63.1812971,-17.7651909],[-63.1812971,-17.7642865],[-63.1822405,-17.7642865],[-63.1822405,-17.7651909]]]}},{"type":"Feature","id":"manzana:UV-106-033","properties":{"id":"manzana:UV-106-033","codigo":"UV-106-033","nombre":"","tipo":"manzana","version_capa":"samples-sinteticas","fuente":"sintético","distrito_id":"distrito_municipal:D02","unidad_vecinal_id":"unidad_vecinal:UV-106"},"geometry":{"type":"Polygon","coordinates":[[[-63.1822405,-17.7640604],[-63.1812971,-17.7640604],[-63.1812971,-17.7631561],[-63.1822405,-17.7631561],[-63.1822405,-17.7640604]]]}},{"type":"Feature","id":"manzana:UV-106-034","properties":{"id":"manzana:UV-106-034","codigo":"UV-106-034","nombre":"","tipo":"manzana","version_capa":"samples-sinteticas","fuente":"sintético","distrito_id":"distrito_municipal:D02","unidad_vecinal_id":"unidad_vecinal:UV-106"},"geometry":{"type":"Polygon","coordinates":[[[-63.1822405,-17.76293],[-63.1812971,-17.76293],[-63.1812971,-17.7620256],[-63.1822405,-17.7620256],[-63.1822405,-17.76293]]]}},{"type":"Feature","id":"manzana:UV-106-035","properties":{"id":"manzana:UV-106-035","codigo":"UV-106-035","nombre":"","tipo":"manzana","version_capa":"samples-sinteticas","fuente":"sintético","distrito_id":"distrito_municipal:D02","unidad_vecinal_id":"unidad_vecinal:UV-106"},"geometry":{"type":"Polygon","coordinates":[[[-63.1822405,-17.7617995],[-63.1812971,-17.7617995],[-63.1812971,-17.7608951],[-63.1822405,-17.7608951],[-63.1822405,-17.7617995]]]}},{"type":"Feature","id":"manzana:UV-106-036","properties":{"id":"manzana:UV-106-036","codigo":"UV-106-036","nombre":"","tipo":"manzana","version_capa":"samples-sinteticas","fuente":"sintético","distrito_id":"distrito_municipal:D02","unidad_vecinal_id":"unidad_vecinal:UV-106"},"geometry":{"type":"Polygon","coordinates":[[[-63.1822405,-17.7606691],[-63.1812971,-17.7606691],[-63.1812971,-17.7597647],[-63.1822405,-17.7597647],[-63.1822405,-17.7606691]]]}},{"type":"Feature","id":"manzana:UV-106-037","properties":{"id":"manzana:UV-106-037","codigo":"UV-106-037","nombre":"","tipo":"manzana","version_capa":"samples-sinteticas","fuente":"sintético","distrito_id":"distrito_municipal:D02","unidad_vecinal_id":"unidad_vecinal:UV-106"},"geometry":{"type":"Polygon","coordinates":[[[-63.1810613,-17.7731042],[-63.1801179,-17.7731042],[-63.1801179,-17.7721998],[-63.1810613,-17.7721998],[-63.1810613,-17.7731042]]]}},{"type":"Feature","id":"manzana:UV-106-038","properties":{"id":"manzana:UV-106-038","codigo":"UV-106-038","nombre":"","tipo":"manzana","version_capa":"samples-sinteticas","fuente":"sintético","distrito_id":"distrito_municipal:D02","unidad_vecinal_id":"unidad_vecinal:UV-106"},"geometry":{"type":"Polygon","coordinates":[[[-63.1810613,-17.7719737],[-63.1801179,-17.7719737],[-63.1801179,-17.7710693],[-63.1810613,-17.7710693],[-63.1810613,-17.7719737]]]}},{"type":"Feature","id":"manzana:UV-106-039","properties":{"id":"manzana:UV-106-039","codigo":"UV-106-039","nombre":"","tipo":"manzana","version_capa":"samples-sinteticas","fuente":"sintético","distrito_id":"distrito_municipal:D02","unidad_vecinal_id":"unidad_vecinal:UV-106"},"geometry":{"type":"Polygon","coordinates":[[[-63.1810613,-17.7708432],[-63.1801179,-17.7708432],[-63.1801179,-17.7699389],[-63.1810613,-17.7699389],[-63.1810613,-17.7708432]]]}},{"type":"Feature","id":"manzana:UV-106-040","properties":{"id":"manzana:UV-106-040","codigo":"UV-106-040","nombre":"","tipo":"manzana","version_capa":"samples-sinteticas","fuente":"sintético","distrito_id":"distrito_municipal:D02","unidad_vecinal_id":"unidad_vecinal:UV-106"},"geometry":{"type":"Polygon","coordinates":[[[-63.1810613,-17.7697128],[-63.1801179,-17.7697128],[-63.1801179,-17.7688084],[-63.1810613,-17.7688084],[-63.1810613,-17.7697128]]]}},{"type":"Feature","id":"manzana:UV-106-041","properties":{"id":"manzana:UV-106-041","codigo":"UV-106-041","nombre":"","tipo":"manzana","version_capa":"samples-sinteticas","fuente":"sintético","distrito_id":"distrito_municipal:D02","unidad_vecinal_id":"unidad_vecinal:UV-106"},"geometry":{"type":"Polygon","coordinates":[[[-63.1810613,-17.7685823],[-63.1801179,-17.7685823],[-63.1801179,-17.7676779],[-63.1810613,-17.7676779],[-63.1810613,-17.7685823]]]}},{"type":"Feature","id":"manzana:UV-106-042","properties":{"id":"manzana:UV-106-042","codigo":"UV-106-042","nombre":"","tipo":"manzana","version_capa":"samples-sinteticas","fuente":"sintético","distrito_id":"distrito_municipal:D02","unidad_vecinal_id":"unidad_vecinal:UV-106"},"geometry":{"type":"Polygon","coordinates":[[[-63.1810613,-17.7674518],[-63.1801179,-17.7674518],[-63.1801179,-17.7665475],[-63.1810613,-17.7665475],[-63.1810613,-17.7674518]]]}},{"type":"Feature","id":"manzana:UV-106-043","properties":{"id":"manzana:UV-106-043","codigo":"UV-106-043","nombre":"","tipo":"manzana","version_capa":"samples-sinteticas","fuente":"sintético","distrito_id":"distrito_municipal:D02","unidad_vecinal_id":"unidad_vecinal:UV-106"},"geometry":{"type":"Polygon","coordinates":[[[-63.1810613,-17.7663214],[-63.1801179,-17.7663214],[-63.1801179,-17.765417],[-63.1810613,-17.765417],[-63.1810613,-17.7663214]]]}},{"type":"Feature","id":"manzana:UV-106-044","properties":{"id":"manzana:UV-106-044","codigo":"UV-106-044","nombre":"","tipo":"manzana","version_capa":"samples-sinteticas","fuente":"sintético","distrito_id":"distrito_municipal:D02","unidad_vecinal_id":"unidad_vecinal:UV-106"},"geometry":{"type":"Polygon","coordinates":[[[-63.1810613,-17.7651909],[-63.1801179,-17.7651909],[-63.1801179,-17.7642865],[-63.1810613,-17.7642865],[-63.1810613,-17.7651909]]]}},{"type":"Feature","id":"manzana:UV-106-045","properties":{"id":"manzana:UV-106-045","codigo":"UV-106-045","nombre":"","tipo":"manzana","version_capa":"samples-sinteticas","fuente":"sintético","distrito_id":"distrito_municipal:D02","unidad_vecinal_id":"unidad_vecinal:UV-106"},"geometry":{"type":"Polygon","coordinates":[[[-63.1810613,-17.7640604],[-63.1801179,-17.7640604],[-63.1801179,-17.7631561],[-63.1810613,-17.7631561],[-63.1810613,-17.7640604]]]}},{"type":"Feature","id":"manzana:UV-106-046","properties":{"id":"manzana:UV-106-046","codigo":"UV-106-046","nombre":"","tipo":"manzana","version_capa":"samples-sinteticas","fuente":"sintético","distrito_id":"distrito_municipal:D02","unidad_vecinal_id":"unidad_vecinal:UV-106"},"geometry":{"type":"Polygon","coordinates":[[[-63.1810613,-17.76293],[-63.1801179,-17.76293],[-63.1801179,-17.7620256],[-63.1810613,-17.7620256],[-63.1810613,-17.76293]]]}},{"type":"Feature","id":"manzana:UV-106-047","properties":{"id":"manzana:UV-106-047","codigo":"UV-106-047","nombre":"","tipo":"manzana","version_capa":"samples-sinteticas","fuente":"sintético","distrito_id":"distrito_municipal:D02","unidad_vecinal_id":"unidad_vecinal:UV-106"},"geometry":{"type":"Polygon","coordinates":[[[-63.1810613,-17.7617995],[-63.1801179,-17.7617995],[-63.1801179,-17.7608951],[-63.1810613,-17.7608951],[-63.1810613,-17.7617995]]]}},{"type":"Feature","id":"manzana:UV-106-048","properties":{"id":"manzana:UV-106-048","codigo":"UV-106-048","nombre":"","tipo":"manzana","version_capa":"samples-sinteticas","fuente":"sintético","distrito_id":"distrito_municipal:D02","unidad_vecinal_id":"unidad_vecinal:UV-106"},"geometry":{"type":"Polygon","coordinates":[[[-63.1810613,-17.7606691],[-63.1801179,-17.7606691],[-63.1801179,-17.7597647],[-63.1810613,-17.7597647],[-63.1810613,-17.7606691]]]}},{"type":"Feature","id":"manzana:UV-106-049","properties":{"id":"manzana:UV-106-049","codigo":"UV-106-049","nombre":"","tipo":"manzana","version_capa":"samples-sinteticas","fuente":"sintético","distrito_id":"distrito_municipal:D02","unidad_vecinal_id":"unidad_vecinal:UV-106"},"geometry":{"type":"Polygon","coordinates":[[[-63.1798821,-17.7731042],[-63.1789387,-17.7731042],[-63.1789387,-17.7721998],[-63.1798821,-17.7721998],[-63.1798821,-17.7731042]]]}},{"type":"Feature","id":"manzana:UV-106-050","properties":{"id":"manzana:UV-106-050","codigo":"UV-106-050","nombre":"","tipo":"manzana","version_capa":"samples-sinteticas","fuente":"sintético","distrito_id":"distrito_municipal:D02","unidad_vecinal_id":"unidad_vecinal:UV-106"},"geometry":{"type":"Polygon","coordinates":[[[-63.1798821,-17.7719737],[-63.1789387,-17.7719737],[-63.1789387,-17.7710693],[-63.1798821,-17.7710693],[-63.1798821,-17.7719737]]]}},{"type":"Feature","id":"manzana:UV-106-051","properties":{"id":"manzana:UV-106-051","codigo":"UV-106-051","nombre":"","tipo":"manzana","version_capa":"samples-sinteticas","fuente":"sintético","distrito_id":"distrito_municipal:D02","unidad_vecinal_id":"unidad_vecinal:UV-106"},"geometry":{"type":"Polygon","coordinates":[[[-63.1798821,-17.7708432],[-63.1789387,-17.7708432],[-63.1789387,-17.7699389],[-63.1798821,-17.7699389],[-63.1798821,-17.7708432]]]}},{"type":"Feature","id":"manzana:UV-106-052","properties":{"id":"manzana:UV-106-052","codigo":"UV-106-052","nombre":"","tipo":"manzana","version_capa":"samples-sinteticas","fuente":"sintético","distrito_id":"distrito_municipal:D02","unidad_vecinal_id":"unidad_vecinal:UV-106"},"geometry":{"type":"Polygon","coordinates":[[[-63.1798821,-17.7697128],[-63.1789387,-17.7697128],[-63.1789387,-17.7688084],[-63.1798821,-17.7688084],[-63.1798821,-17.7697128]]]}},{"type":"Feature","id":"manzana:UV-106-053","properties":{"id":"manzana:UV-106-053","codigo":"UV-106-053","nombre":"","tipo":"manzana","version_capa":"samples-sinteticas","fuente":"sintético","distrito_id":"distrito_municipal:D02","unidad_vecinal_id":"unidad_vecinal:UV-106"},"geometry":{"type":"Polygon","coordinates":[[[-63.1798821,-17.7685823],[-63.1789387,-17.7685823],[-63.1789387,-17.7676779],[-63.1798821,-17.7676779],[-63.1798821,-17.7685823]]]}},{"type":"Feature","id":"manzana:UV-106-054","properties":{"id":"manzana:UV-106-054","codigo":"UV-106-054","nombre":"","tipo":"manzana","version_capa":"samples-sinteticas","fuente":"sintético","distrito_id":"distrito_municipal:D02","unidad_vecinal_id":"unidad_vecinal:UV-106"},"geometry":{"type":"Polygon","coordinates":[[[-63.1798821,-17.7674518],[-63.1789387,-17.7674518],[-63.1789387,-17.7665475],[-63.1798821,-17.7665475],[-63.1798821,-17.7674518]]]}},{"type":"Feature","id":"manzana:UV-106-055","properties":{"id":"manzana:UV-106-055","codigo":"UV-106-055","nombre":"","tipo":"manzana","version_capa":"samples-sinteticas","fuente":"sintético","distrito_id":"distrito_municipal:D02","unidad_vecinal_id":"unidad_vecinal:UV-106"},"geometry":{"type":"Polygon","coordinates":[[[-63.1798821,-17.7663214],[-63.1789387,-17.7663214],[-63.1789387,-17.765417],[-63.1798821,-17.765417],[-63.1798821,-17.7663214]]]}},{"type":"Feature","id":"manzana:UV-106-056","properties":{"id":"manzana:UV-106-056","codigo":"UV-106-056","nombre":"","tipo":"manzana","version_capa":"samples-sinteticas","fuente":"sintético","distrito_id":"distrito_municipal:D02","unidad_vecinal_id":"unidad_vecinal:UV-106"},"geometry":{"type":"Polygon","coordinates":[[[-63.1798821,-17.7651909],[-63.1789387,-17.7651909],[-63.1789387,-17.7642865],[-63.1798821,-17.7642865],[-63.1798821,-17.7651909]]]}},{"type":"Feature","id":"manzana:UV-106-057","properties":{"id":"manzana:UV-106-057","codigo":"UV-106-057","nombre":"","tipo":"manzana","version_capa":"samples-sinteticas","fuente":"sintético","distrito_id":"distrito_municipal:D02","unidad_vecinal_id":"unidad_vecinal:UV-106"},"geometry":{"type":"Polygon","coordinates":[[[-63.1798821,-17.7640604],[-63.1789387,-17.7640604],[-63.1789387,-17.7631561],[-63.1798821,-17.7631561],[-63.1798821,-17.7640604]]]}},{"type":"Feature","id":"manzana:UV-106-058","properties":{"id":"manzana:UV-106-058","codigo":"UV-106-058","nombre":"","tipo":"manzana","version_capa":"samples-sinteticas","fuente":"sintético","distrito_id":"distrito_municipal:D02","unidad_vecinal_id":"unidad_vecinal:UV-106"},"geometry":{"type":"Polygon","coordinates":[[[-63.1798821,-17.76293],[-63.1789387,-17.76293],[-63.1789387,-17.7620256],[-63.1798821,-17.7620256],[-63.1798821,-17.76293]]]}},{"type":"Feature","id":"manzana:UV-106-059","properties":{"id":"manzana:UV-106-059","codigo":"UV-106-059","nombre":"","tipo":"manzana","version_capa":"samples-sinteticas","fuente":"sintético","distrito_id":"distrito_municipal:D02","unidad_vecinal_id":"unidad_vecinal:UV-106"},"geometry":{"type":"Polygon","coordinates":[[[-63.1798821,-17.7617995],[-63.1789387,-17.7617995],[-63.1789387,-17.7608951],[-63.1798821,-17.7608951],[-63.1798821,-17.7617995]]]}},{"type":"Feature","id":"manzana:UV-106-060","properties":{"id":"manzana:UV-106-060","codigo":"UV-106-060","nombre":"","tipo":"manzana","version_capa":"samples-sinteticas","fuente":"sintético","distrito_id":"distrito_municipal:D02","unidad_vecinal_id":"unidad_vecinal:UV-106"},"geometry":{"type":"Polygon","coordinates":[[[-63.1798821,-17.7606691],[-63.1789387,-17.7606691],[-63.1789387,-17.7597647],[-63.1798821,-17.7597647],[-63.1798821,-17.7606691]]]}},{"type":"Feature","id":"manzana:UV-106-061","properties":{"id":"manzana:UV-106-061","codigo":"UV-106-061","nombre":"","tipo":"manzana","version_capa":"samples-sinteticas","fuente":"sintético","distrito_id":"distrito_municipal:D02","unidad_vecinal_id":"unidad_vecinal:UV-106"},"geometry":{"type":"Polygon","coordinates":[[[-63.1787029,-17.7731042],[-63.1777595,-17.7731042],[-63.1777595,-17.7721998],[-63.1787029,-17.7721998],[-63.1787029,-17.7731042]]]}},{"type":"Feature","id":"manzana:UV-106-062","properties":{"id":"manzana:UV-106-062","codigo":"UV-106-062","nombre":"","tipo":"manzana","version_capa":"samples-sinteticas","fuente":"sintético","distrito_id":"distrito_municipal:D02","unidad_vecinal_id":"unidad_vecinal:UV-106"},"geometry":{"type":"Polygon","coordinates":[[[-63.1787029,-17.7719737],[-63.1777595,-17.7719737],[-63.1777595,-17.7710693],[-63.1787029,-17.7710693],[-63.1787029,-17.7719737]]]}},{"type":"Feature","id":"manzana:UV-106-063","properties":{"id":"manzana:UV-106-063","codigo":"UV-106-063","nombre":"","tipo":"manzana","version_capa":"samples-sinteticas","fuente":"sintético","distrito_id":"distrito_municipal:D02","unidad_vecinal_id":"unidad_vecinal:UV-106"},"geometry":{"type":"Polygon","coordinates":[[[-63.1787029,-17.7708432],[-63.1777595,-17.7708432],[-63.1777595,-17.7699389],[-63.1787029,-17.7699389],[-63.1787029,-17.7708432]]]}},{"type":"Feature","id":"manzana:UV-106-064","properties":{"id":"manzana:UV-106-064","codigo":"UV-106-064","nombre":"","tipo":"manzana","version_capa":"samples-sinteticas","fuente":"sintético","distrito_id":"distrito_municipal:D02","unidad_vecinal_id":"unidad_vecinal:UV-106"},"geometry":{"type":"Polygon","coordinates":[[[-63.1787029,-17.7697128],[-63.1777595,-17.7697128],[-63.1777595,-17.7688084],[-63.1787029,-17.7688084],[-63.1787029,-17.7697128]]]}},{"type":"Feature","id":"manzana:UV-106-065","properties":{"id":"manzana:UV-106-065","codigo":"UV-106-065","nombre":"","tipo":"manzana","version_capa":"samples-sinteticas","fuente":"sintético","distrito_id":"distrito_municipal:D02","unidad_vecinal_id":"unidad_vecinal:UV-106"},"geometry":{"type":"Polygon","coordinates":[[[-63.1787029,-17.7685823],[-63.1777595,-17.7685823],[-63.1777595,-17.7676779],[-63.1787029,-17.7676779],[-63.1787029,-17.7685823]]]}},{"type":"Feature","id":"manzana:UV-106-066","properties":{"id":"manzana:UV-106-066","codigo":"UV-106-066","nombre":"","tipo":"manzana","version_capa":"samples-sinteticas","fuente":"sintético","distrito_id":"distrito_municipal:D02","unidad_vecinal_id":"unidad_vecinal:UV-106"},"geometry":{"type":"Polygon","coordinates":[[[-63.1787029,-17.7674518],[-63.1777595,-17.7674518],[-63.1777595,-17.7665475],[-63.1787029,-17.7665475],[-63.1787029,-17.7674518]]]}},{"type":"Feature","id":"manzana:UV-106-067","properties":{"id":"manzana:UV-106-067","codigo":"UV-106-067","nombre":"","tipo":"manzana","version_capa":"samples-sinteticas","fuente":"sintético","distrito_id":"distrito_municipal:D02","unidad_vecinal_id":"unidad_vecinal:UV-106"},"geometry":{"type":"Polygon","coordinates":[[[-63.1787029,-17.7663214],[-63.1777595,-17.7663214],[-63.1777595,-17.765417],[-63.1787029,-17.765417],[-63.1787029,-17.7663214]]]}},{"type":"Feature","id":"manzana:UV-106-068","properties":{"id":"manzana:UV-106-068","codigo":"UV-106-068","nombre":"","tipo":"manzana","version_capa":"samples-sinteticas","fuente":"sintético","distrito_id":"distrito_municipal:D02","unidad_vecinal_id":"unidad_vecinal:UV-106"},"geometry":{"type":"Polygon","coordinates":[[[-63.1787029,-17.7651909],[-63.1777595,-17.7651909],[-63.1777595,-17.7642865],[-63.1787029,-17.7642865],[-63.1787029,-17.7651909]]]}},{"type":"Feature","id":"manzana:UV-106-069","properties":{"id":"manzana:UV-106-069","codigo":"UV-106-069","nombre":"","tipo":"manzana","version_capa":"samples-sinteticas","fuente":"sintético","distrito_id":"distrito_municipal:D02","unidad_vecinal_id":"unidad_vecinal:UV-106"},"geometry":{"type":"Polygon","coordinates":[[[-63.1787029,-17.7640604],[-63.1777595,-17.7640604],[-63.1777595,-17.7631561],[-63.1787029,-17.7631561],[-63.1787029,-17.7640604]]]}},{"type":"Feature","id":"manzana:UV-106-070","properties":{"id":"manzana:UV-106-070","codigo":"UV-106-070","nombre":"","tipo":"manzana","version_capa":"samples-sinteticas","fuente":"sintético","distrito_id":"distrito_municipal:D02","unidad_vecinal_id":"unidad_vecinal:UV-106"},"geometry":{"type":"Polygon","coordinates":[[[-63.1787029,-17.76293],[-63.1777595,-17.76293],[-63.1777595,-17.7620256],[-63.1787029,-17.7620256],[-63.1787029,-17.76293]]]}},{"type":"Feature","id":"manzana:UV-106-071","properties":{"id":"manzana:UV-106-071","codigo":"UV-106-071","nombre":"","tipo":"manzana","version_capa":"samples-sinteticas","fuente":"sintético","distrito_id":"distrito_municipal:D02","unidad_vecinal_id":"unidad_vecinal:UV-106"},"geometry":{"type":"Polygon","coordinates":[[[-63.1787029,-17.7617995],[-63.1777595,-17.7617995],[-63.1777595,-17.7608951],[-63.1787029,-17.7608951],[-63.1787029,-17.7617995]]]}},{"type":"Feature","id":"manzana:UV-106-072","properties":{"id":"manzana:UV-106-072","codigo":"UV-106-072","nombre":"","tipo":"manzana","version_capa":"samples-sinteticas","fuente":"sintético","distrito_id":"distrito_municipal:D02","unidad_vecinal_id":"unidad_vecinal:UV-106"},"geometry":{"type":"Polygon","coordinates":[[[-63.1787029,-17.7606691],[-63.1777595,-17.7606691],[-63.1777595,-17.7597647],[-63.1787029,-17.7597647],[-63.1787029,-17.7606691]]]}},{"type":"Feature","id":"manzana:UV-106-073","properties":{"id":"manzana:UV-106-073","codigo":"UV-106-073","nombre":"","tipo":"manzana","version_capa":"samples-sinteticas","fuente":"sintético","distrito_id":"distrito_municipal:D02","unidad_vecinal_id":"unidad_vecinal:UV-106"},"geometry":{"type":"Polygon","coordinates":[[[-63.1775237,-17.7731042],[-63.1765803,-17.7731042],[-63.1765803,-17.7721998],[-63.1775237,-17.7721998],[-63.1775237,-17.7731042]]]}},{"type":"Feature","id":"manzana:UV-106-074","properties":{"id":"manzana:UV-106-074","codigo":"UV-106-074","nombre":"","tipo":"manzana","version_capa":"samples-sinteticas","fuente":"sintético","distrito_id":"distrito_municipal:D02","unidad_vecinal_id":"unidad_vecinal:UV-106"},"geometry":{"type":"Polygon","coordinates":[[[-63.1775237,-17.7719737],[-63.1765803,-17.7719737],[-63.1765803,-17.7710693],[-63.1775237,-17.7710693],[-63.1775237,-17.7719737]]]}},{"type":"Feature","id":"manzana:UV-106-075","properties":{"id":"manzana:UV-106-075","codigo":"UV-106-075","nombre":"","tipo":"manzana","version_capa":"samples-sinteticas","fuente":"sintético","distrito_id":"distrito_municipal:D02","unidad_vecinal_id":"unidad_vecinal:UV-106"},"geometry":{"type":"Polygon","coordinates":[[[-63.1775237,-17.7708432],[-63.1765803,-17.7708432],[-63.1765803,-17.7699389],[-63.1775237,-17.7699389],[-63.1775237,-17.7708432]]]}},{"type":"Feature","id":"manzana:UV-106-076","properties":{"id":"manzana:UV-106-076","codigo":"UV-106-076","nombre":"","tipo":"manzana","version_capa":"samples-sinteticas","fuente":"sintético","distrito_id":"distrito_municipal:D02","unidad_vecinal_id":"unidad_vecinal:UV-106"},"geometry":{"type":"Polygon","coordinates":[[[-63.1775237,-17.7697128],[-63.1765803,-17.7697128],[-63.1765803,-17.7688084],[-63.1775237,-17.7688084],[-63.1775237,-17.7697128]]]}},{"type":"Feature","id":"manzana:UV-106-077","properties":{"id":"manzana:UV-106-077","codigo":"UV-106-077","nombre":"","tipo":"manzana","version_capa":"samples-sinteticas","fuente":"sintético","distrito_id":"distrito_municipal:D02","unidad_vecinal_id":"unidad_vecinal:UV-106"},"geometry":{"type":"Polygon","coordinates":[[[-63.1775237,-17.7685823],[-63.1765803,-17.7685823],[-63.1765803,-17.7676779],[-63.1775237,-17.7676779],[-63.1775237,-17.7685823]]]}},{"type":"Feature","id":"manzana:UV-106-078","properties":{"id":"manzana:UV-106-078","codigo":"UV-106-078","nombre":"","tipo":"manzana","version_capa":"samples-sinteticas","fuente":"sintético","distrito_id":"distrito_municipal:D02","unidad_vecinal_id":"unidad_vecinal:UV-106"},"geometry":{"type":"Polygon","coordinates":[[[-63.1775237,-17.7674518],[-63.1765803,-17.7674518],[-63.1765803,-17.7665475],[-63.1775237,-17.7665475],[-63.1775237,-17.7674518]]]}},{"type":"Feature","id":"manzana:UV-106-079","properties":{"id":"manzana:UV-106-079","codigo":"UV-106-079","nombre":"","tipo":"manzana","version_capa":"samples-sinteticas","fuente":"sintético","distrito_id":"distrito_municipal:D02","unidad_vecinal_id":"unidad_vecinal:UV-106"},"geometry":{"type":"Polygon","coordinates":[[[-63.1775237,-17.7663214],[-63.1765803,-17.7663214],[-63.1765803,-17.765417],[-63.1775237,-17.765417],[-63.1775237,-17.7663214]]]}},{"type":"Feature","id":"manzana:UV-106-080","properties":{"id":"manzana:UV-106-080","codigo":"UV-106-080","nombre":"","tipo":"manzana","version_capa":"samples-sinteticas","fuente":"sintético","distrito_id":"distrito_municipal:D02","unidad_vecinal_id":"unidad_vecinal:UV-106"},"geometry":{"type":"Polygon","coordinates":[[[-63.1775237,-17.7651909],[-63.1765803,-17.7651909],[-63.1765803,-17.7642865],[-63.1775237,-17.7642865],[-63.1775237,-17.7651909]]]}},{"type":"Feature","id":"manzana:UV-106-081","properties":{"id":"manzana:UV-106-081","codigo":"UV-106-081","nombre":"","tipo":"manzana","version_capa":"samples-sinteticas","fuente":"sintético","distrito_id":"distrito_municipal:D02","unidad_vecinal_id":"unidad_vecinal:UV-106"},"geometry":{"type":"Polygon","coordinates":[[[-63.1775237,-17.7640604],[-63.1765803,-17.7640604],[-63.1765803,-17.7631561],[-63.1775237,-17.7631561],[-63.1775237,-17.7640604]]]}},{"type":"Feature","id":"manzana:UV-106-082","properties":{"id":"manzana:UV-106-082","codigo":"UV-106-082","nombre":"","tipo":"manzana","version_capa":"samples-sinteticas","fuente":"sintético","distrito_id":"distrito_municipal:D02","unidad_vecinal_id":"unidad_vecinal:UV-106"},"geometry":{"type":"Polygon","coordinates":[[[-63.1775237,-17.76293],[-63.1765803,-17.76293],[-63.1765803,-17.7620256],[-63.1775237,-17.7620256],[-63.1775237,-17.76293]]]}},{"type":"Feature","id":"manzana:UV-106-083","properties":{"id":"manzana:UV-106-083","codigo":"UV-106-083","nombre":"","tipo":"manzana","version_capa":"samples-sinteticas","fuente":"sintético","distrito_id":"distrito_municipal:D02","unidad_vecinal_id":"unidad_vecinal:UV-106"},"geometry":{"type":"Polygon","coordinates":[[[-63.1775237,-17.7617995],[-63.1765803,-17.7617995],[-63.1765803,-17.7608951],[-63.1775237,-17.7608951],[-63.1775237,-17.7617995]]]}},{"type":"Feature","id":"manzana:UV-106-084","properties":{"id":"manzana:UV-106-084","codigo":"UV-106-084","nombre":"","tipo":"manzana","version_capa":"samples-sinteticas","fuente":"sintético","distrito_id":"distrito_municipal:D02","unidad_vecinal_id":"unidad_vecinal:UV-106"},"geometry":{"type":"Polygon","coordinates":[[[-63.1775237,-17.7606691],[-63.1765803,-17.7606691],[-63.1765803,-17.7597647],[-63.1775237,-17.7597647],[-63.1775237,-17.7606691]]]}},{"type":"Feature","id":"manzana:UV-106-085","properties":{"id":"manzana:UV-106-085","codigo":"UV-106-085","nombre":"","tipo":"manzana","version_capa":"samples-sinteticas","fuente":"sintético","distrito_id":"distrito_municipal:D02","unidad_vecinal_id":"unidad_vecinal:UV-106"},"geometry":{"type":"Polygon","coordinates":[[[-63.1763444,-17.7731042],[-63.1754011,-17.7731042],[-63.1754011,-17.7721998],[-63.1763444,-17.7721998],[-63.1763444,-17.7731042]]]}},{"type":"Feature","id":"manzana:UV-106-086","properties":{"id":"manzana:UV-106-086","codigo":"UV-106-086","nombre":"","tipo":"manzana","version_capa":"samples-sinteticas","fuente":"sintético","distrito_id":"distrito_municipal:D02","unidad_vecinal_id":"unidad_vecinal:UV-106"},"geometry":{"type":"Polygon","coordinates":[[[-63.1763444,-17.7719737],[-63.1754011,-17.7719737],[-63.1754011,-17.7710693],[-63.1763444,-17.7710693],[-63.1763444,-17.7719737]]]}},{"type":"Feature","id":"manzana:UV-106-087","properties":{"id":"manzana:UV-106-087","codigo":"UV-106-087","nombre":"","tipo":"manzana","version_capa":"samples-sinteticas","fuente":"sintético","distrito_id":"distrito_municipal:D02","unidad_vecinal_id":"unidad_vecinal:UV-106"},"geometry":{"type":"Polygon","coordinates":[[[-63.1763444,-17.7708432],[-63.1754011,-17.7708432],[-63.1754011,-17.7699389],[-63.1763444,-17.7699389],[-63.1763444,-17.7708432]]]}},{"type":"Feature","id":"manzana:UV-106-088","properties":{"id":"manzana:UV-106-088","codigo":"UV-106-088","nombre":"","tipo":"manzana","version_capa":"samples-sinteticas","fuente":"sintético","distrito_id":"distrito_municipal:D02","unidad_vecinal_id":"unidad_vecinal:UV-106"},"geometry":{"type":"Polygon","coordinates":[[[-63.1763444,-17.7697128],[-63.1754011,-17.7697128],[-63.1754011,-17.7688084],[-63.1763444,-17.7688084],[-63.1763444,-17.7697128]]]}},{"type":"Feature","id":"manzana:UV-106-089","properties":{"id":"manzana:UV-106-089","codigo":"UV-106-089","nombre":"","tipo":"manzana","version_capa":"samples-sinteticas","fuente":"sintético","distrito_id":"distrito_municipal:D02","unidad_vecinal_id":"unidad_vecinal:UV-106"},"geometry":{"type":"Polygon","coordinates":[[[-63.1763444,-17.7685823],[-63.1754011,-17.7685823],[-63.1754011,-17.7676779],[-63.1763444,-17.7676779],[-63.1763444,-17.7685823]]]}},{"type":"Feature","id":"manzana:UV-106-090","properties":{"id":"manzana:UV-106-090","codigo":"UV-106-090","nombre":"","tipo":"manzana","version_capa":"samples-sinteticas","fuente":"sintético","distrito_id":"distrito_municipal:D02","unidad_vecinal_id":"unidad_vecinal:UV-106"},"geometry":{"type":"Polygon","coordinates":[[[-63.1763444,-17.7674518],[-63.1754011,-17.7674518],[-63.1754011,-17.7665475],[-63.1763444,-17.7665475],[-63.1763444,-17.7674518]]]}},{"type":"Feature","id":"manzana:UV-106-091","properties":{"id":"manzana:UV-106-091","codigo":"UV-106-091","nombre":"","tipo":"manzana","version_capa":"samples-sinteticas","fuente":"sintético","distrito_id":"distrito_municipal:D02","unidad_vecinal_id":"unidad_vecinal:UV-106"},"geometry":{"type":"Polygon","coordinates":[[[-63.1763444,-17.7663214],[-63.1754011,-17.7663214],[-63.1754011,-17.765417],[-63.1763444,-17.765417],[-63.1763444,-17.7663214]]]}},{"type":"Feature","id":"manzana:UV-106-092","properties":{"id":"manzana:UV-106-092","codigo":"UV-106-092","nombre":"","tipo":"manzana","version_capa":"samples-sinteticas","fuente":"sintético","distrito_id":"distrito_municipal:D02","unidad_vecinal_id":"unidad_vecinal:UV-106"},"geometry":{"type":"Polygon","coordinates":[[[-63.1763444,-17.7651909],[-63.1754011,-17.7651909],[-63.1754011,-17.7642865],[-63.1763444,-17.7642865],[-63.1763444,-17.7651909]]]}},{"type":"Feature","id":"manzana:UV-106-093","properties":{"id":"manzana:UV-106-093","codigo":"UV-106-093","nombre":"","tipo":"manzana","version_capa":"samples-sinteticas","fuente":"sintético","distrito_id":"distrito_municipal:D02","unidad_vecinal_id":"unidad_vecinal:UV-106"},"geometry":{"type":"Polygon","coordinates":[[[-63.1763444,-17.7640604],[-63.1754011,-17.7640604],[-63.1754011,-17.7631561],[-63.1763444,-17.7631561],[-63.1763444,-17.7640604]]]}},{"type":"Feature","id":"manzana:UV-106-094","properties":{"id":"manzana:UV-106-094","codigo":"UV-106-094","nombre":"","tipo":"manzana","version_capa":"samples-sinteticas","fuente":"sintético","distrito_id":"distrito_municipal:D02","unidad_vecinal_id":"unidad_vecinal:UV-106"},"geometry":{"type":"Polygon","coordinates":[[[-63.1763444,-17.76293],[-63.1754011,-17.76293],[-63.1754011,-17.7620256],[-63.1763444,-17.7620256],[-63.1763444,-17.76293]]]}},{"type":"Feature","id":"manzana:UV-106-095","properties":{"id":"manzana:UV-106-095","codigo":"UV-106-095","nombre":"","tipo":"manzana","version_capa":"samples-sinteticas","fuente":"sintético","distrito_id":"distrito_municipal:D02","unidad_vecinal_id":"unidad_vecinal:UV-106"},"geometry":{"type":"Polygon","coordinates":[[[-63.1763444,-17.7617995],[-63.1754011,-17.7617995],[-63.1754011,-17.7608951],[-63.1763444,-17.7608951],[-63.1763444,-17.7617995]]]}},{"type":"Feature","id":"manzana:UV-106-096","properties":{"id":"manzana:UV-106-096","codigo":"UV-106-096","nombre":"","tipo":"manzana","version_capa":"samples-sinteticas","fuente":"sintético","distrito_id":"distrito_municipal:D02","unidad_vecinal_id":"unidad_vecinal:UV-106"},"geometry":{"type":"Polygon","coordinates":[[[-63.1763444,-17.7606691],[-63.1754011,-17.7606691],[-63.1754011,-17.7597647],[-63.1763444,-17.7597647],[-63.1763444,-17.7606691]]]}},{"type":"Feature","id":"manzana:UV-107-001","properties":{"id":"manzana:UV-107-001","codigo":"UV-107-001","nombre":"","tipo":"manzana","version_capa":"samples-sinteticas","fuente":"sintético","distrito_id":"distrito_municipal:D02","unidad_vecinal_id":"unidad_vecinal:UV-107"},"geometry":{"type":"Polygon","coordinates":[[[-63.1751652,-17.7866697],[-63.1742219,-17.7866697],[-63.1742219,-17.7857654],[-63.1751652,-17.7857654],[-63.1751652,-17.7866697]]]}},{"type":"Feature","id":"manzana:UV-107-002","properties":{"id":"manzana:UV-107-002","codigo":"UV-107-002","nombre":"","tipo":"manzana","version_capa":"samples-sinteticas","fuente":"sintético","distrito_id":"distrito_municipal:D02","unidad_vecinal_id":"unidad_vecinal:UV-107"},"geometry":{"type":"Polygon","coordinates":[[[-63.1751652,-17.7855393],[-63.1742219,-17.7855393],[-63.1742219,-17.7846349],[-63.1751652,-17.7846349],[-63.1751652,-17.7855393]]]}},{"type":"Feature","id":"manzana:UV-107-003","properties":{"id":"manzana:UV-107-003","codigo":"UV-107-003","nombre":"","tipo":"manzana","version_capa":"samples-sinteticas","fuente":"sintético","distrito_id":"distrito_municipal:D02","unidad_vecinal_id":"unidad_vecinal:UV-107"},"geometry":{"type":"Polygon","coordinates":[[[-63.1751652,-17.7844088],[-63.1742219,-17.7844088],[-63.1742219,-17.7835044],[-63.1751652,-17.7835044],[-63.1751652,-17.7844088]]]}},{"type":"Feature","id":"manzana:UV-107-004","properties":{"id":"manzana:UV-107-004","codigo":"UV-107-004","nombre":"","tipo":"manzana","version_capa":"samples-sinteticas","fuente":"sintético","distrito_id":"distrito_municipal:D02","unidad_vecinal_id":"unidad_vecinal:UV-107"},"geometry":{"type":"Polygon","coordinates":[[[-63.1751652,-17.7832783],[-63.1742219,-17.7832783],[-63.1742219,-17.782374],[-63.1751652,-17.782374],[-63.1751652,-17.7832783]]]}},{"type":"Feature","id":"manzana:UV-107-005","properties":{"id":"manzana:UV-107-005","codigo":"UV-107-005","nombre":"","tipo":"manzana","version_capa":"samples-sinteticas","fuente":"sintético","distrito_id":"distrito_municipal:D02","unidad_vecinal_id":"unidad_vecinal:UV-107"},"geometry":{"type":"Polygon","coordinates":[[[-63.1751652,-17.7821479],[-63.1742219,-17.7821479],[-63.1742219,-17.7812435],[-63.1751652,-17.7812435],[-63.1751652,-17.7821479]]]}},{"type":"Feature","id":"manzana:UV-107-006","properties":{"id":"manzana:UV-107-006","codigo":"UV-107-006","nombre":"","tipo":"manzana","version_capa":"samples-sinteticas","fuente":"sintético","distrito_id":"distrito_municipal:D02","unidad_vecinal_id":"unidad_vecinal:UV-107"},"geometry":{"type":"Polygon","coordinates":[[[-63.1751652,-17.7810174],[-63.1742219,-17.7810174],[-63.1742219,-17.780113],[-63.1751652,-17.780113],[-63.1751652,-17.7810174]]]}},{"type":"Feature","id":"manzana:UV-107-007","properties":{"id":"manzana:UV-107-007","codigo":"UV-107-007","nombre":"","tipo":"manzana","version_capa":"samples-sinteticas","fuente":"sintético","distrito_id":"distrito_municipal:D02","unidad_vecinal_id":"unidad_vecinal:UV-107"},"geometry":{"type":"Polygon","coordinates":[[[-63.1751652,-17.779887],[-63.1742219,-17.779887],[-63.1742219,-17.7789826],[-63.1751652,-17.7789826],[-63.1751652,-17.779887]]]}},{"type":"Feature","id":"manzana:UV-107-008","properties":{"id":"manzana:UV-107-008","codigo":"UV-107-008","nombre":"","tipo":"manzana","version_capa":"samples-sinteticas","fuente":"sintético","distrito_id":"distrito_municipal:D02","unidad_vecinal_id":"unidad_vecinal:UV-107"},"geometry":{"type":"Polygon","coordinates":[[[-63.1751652,-17.7787565],[-63.1742219,-17.7787565],[-63.1742219,-17.7778521],[-63.1751652,-17.7778521],[-63.1751652,-17.7787565]]]}},{"type":"Feature","id":"manzana:UV-107-009","properties":{"id":"manzana:UV-107-009","codigo":"UV-107-009","nombre":"","tipo":"manzana","version_capa":"samples-sinteticas","fuente":"sintético","distrito_id":"distrito_municipal:D02","unidad_vecinal_id":"unidad_vecinal:UV-107"},"geometry":{"type":"Polygon","coordinates":[[[-63.1751652,-17.777626],[-63.1742219,-17.777626],[-63.1742219,-17.7767217],[-63.1751652,-17.7767217],[-63.1751652,-17.777626]]]}},{"type":"Feature","id":"manzana:UV-107-010","properties":{"id":"manzana:UV-107-010","codigo":"UV-107-010","nombre":"","tipo":"manzana","version_capa":"samples-sinteticas","fuente":"sintético","distrito_id":"distrito_municipal:D02","unidad_vecinal_id":"unidad_vecinal:UV-107"},"geometry":{"type":"Polygon","coordinates":[[[-63.1751652,-17.7764956],[-63.1742219,-17.7764956],[-63.1742219,-17.7755912],[-63.1751652,-17.7755912],[-63.1751652,-17.7764956]]]}},{"type":"Feature","id":"manzana:UV-107-011","properties":{"id":"manzana:UV-107-011","codigo":"UV-107-011","nombre":"","tipo":"manzana","version_capa":"samples-sinteticas","fuente":"sintético","distrito_id":"distrito_municipal:D02","unidad_vecinal_id":"unidad_vecinal:UV-107"},"geometry":{"type":"Polygon","coordinates":[[[-63.1751652,-17.7753651],[-63.1742219,-17.7753651],[-63.1742219,-17.7744607],[-63.1751652,-17.7744607],[-63.1751652,-17.7753651]]]}},{"type":"Feature","id":"manzana:UV-107-012","properties":{"id":"manzana:UV-107-012","codigo":"UV-107-012","nombre":"","tipo":"manzana","version_capa":"samples-sinteticas","fuente":"sintético","distrito_id":"distrito_municipal:D02","unidad_vecinal_id":"unidad_vecinal:UV-107"},"geometry":{"type":"Polygon","coordinates":[[[-63.1751652,-17.7742346],[-63.1742219,-17.7742346],[-63.1742219,-17.7733303],[-63.1751652,-17.7733303],[-63.1751652,-17.7742346]]]}},{"type":"Feature","id":"manzana:UV-107-013","properties":{"id":"manzana:UV-107-013","codigo":"UV-107-013","nombre":"","tipo":"manzana","version_capa":"samples-sinteticas","fuente":"sintético","distrito_id":"distrito_municipal:D02","unidad_vecinal_id":"unidad_vecinal:UV-107"},"geometry":{"type":"Polygon","coordinates":[[[-63.173986,-17.7866697],[-63.1730426,-17.7866697],[-63.1730426,-17.7857654],[-63.173986,-17.7857654],[-63.173986,-17.7866697]]]}},{"type":"Feature","id":"manzana:UV-107-014","properties":{"id":"manzana:UV-107-014","codigo":"UV-107-014","nombre":"","tipo":"manzana","version_capa":"samples-sinteticas","fuente":"sintético","distrito_id":"distrito_municipal:D02","unidad_vecinal_id":"unidad_vecinal:UV-107"},"geometry":{"type":"Polygon","coordinates":[[[-63.173986,-17.7855393],[-63.1730426,-17.7855393],[-63.1730426,-17.7846349],[-63.173986,-17.7846349],[-63.173986,-17.7855393]]]}},{"type":"Feature","id":"manzana:UV-107-015","properties":{"id":"manzana:UV-107-015","codigo":"UV-107-015","nombre":"","tipo":"manzana","version_capa":"samples-sinteticas","fuente":"sintético","distrito_id":"distrito_municipal:D02","unidad_vecinal_id":"unidad_vecinal:UV-107"},"geometry":{"type":"Polygon","coordinates":[[[-63.173986,-17.7844088],[-63.1730426,-17.7844088],[-63.1730426,-17.7835044],[-63.173986,-17.7835044],[-63.173986,-17.7844088]]]}},{"type":"Feature","id":"manzana:UV-107-016","properties":{"id":"manzana:UV-107-016","codigo":"UV-107-016","nombre":"","tipo":"manzana","version_capa":"samples-sinteticas","fuente":"sintético","distrito_id":"distrito_municipal:D02","unidad_vecinal_id":"unidad_vecinal:UV-107"},"geometry":{"type":"Polygon","coordinates":[[[-63.173986,-17.7832783],[-63.1730426,-17.7832783],[-63.1730426,-17.782374],[-63.173986,-17.782374],[-63.173986,-17.7832783]]]}},{"type":"Feature","id":"manzana:UV-107-017","properties":{"id":"manzana:UV-107-017","codigo":"UV-107-017","nombre":"","tipo":"manzana","version_capa":"samples-sinteticas","fuente":"sintético","distrito_id":"distrito_municipal:D02","unidad_vecinal_id":"unidad_vecinal:UV-107"},"geometry":{"type":"Polygon","coordinates":[[[-63.173986,-17.7821479],[-63.1730426,-17.7821479],[-63.1730426,-17.7812435],[-63.173986,-17.7812435],[-63.173986,-17.7821479]]]}},{"type":"Feature","id":"manzana:UV-107-018","properties":{"id":"manzana:UV-107-018","codigo":"UV-107-018","nombre":"","tipo":"manzana","version_capa":"samples-sinteticas","fuente":"sintético","distrito_id":"distrito_municipal:D02","unidad_vecinal_id":"unidad_vecinal:UV-107"},"geometry":{"type":"Polygon","coordinates":[[[-63.173986,-17.7810174],[-63.1730426,-17.7810174],[-63.1730426,-17.780113],[-63.173986,-17.780113],[-63.173986,-17.7810174]]]}},{"type":"Feature","id":"manzana:UV-107-019","properties":{"id":"manzana:UV-107-019","codigo":"UV-107-019","nombre":"","tipo":"manzana","version_capa":"samples-sinteticas","fuente":"sintético","distrito_id":"distrito_municipal:D02","unidad_vecinal_id":"unidad_vecinal:UV-107"},"geometry":{"type":"Polygon","coordinates":[[[-63.173986,-17.779887],[-63.1730426,-17.779887],[-63.1730426,-17.7789826],[-63.173986,-17.7789826],[-63.173986,-17.779887]]]}},{"type":"Feature","id":"manzana:UV-107-020","properties":{"id":"manzana:UV-107-020","codigo":"UV-107-020","nombre":"","tipo":"manzana","version_capa":"samples-sinteticas","fuente":"sintético","distrito_id":"distrito_municipal:D02","unidad_vecinal_id":"unidad_vecinal:UV-107"},"geometry":{"type":"Polygon","coordinates":[[[-63.173986,-17.7787565],[-63.1730426,-17.7787565],[-63.1730426,-17.7778521],[-63.173986,-17.7778521],[-63.173986,-17.7787565]]]}},{"type":"Feature","id":"manzana:UV-107-021","properties":{"id":"manzana:UV-107-021","codigo":"UV-107-021","nombre":"","tipo":"manzana","version_capa":"samples-sinteticas","fuente":"sintético","distrito_id":"distrito_municipal:D02","unidad_vecinal_id":"unidad_vecinal:UV-107"},"geometry":{"type":"Polygon","coordinates":[[[-63.173986,-17.777626],[-63.1730426,-17.777626],[-63.1730426,-17.7767217],[-63.173986,-17.7767217],[-63.173986,-17.777626]]]}},{"type":"Feature","id":"manzana:UV-107-022","properties":{"id":"manzana:UV-107-022","codigo":"UV-107-022","nombre":"","tipo":"manzana","version_capa":"samples-sinteticas","fuente":"sintético","distrito_id":"distrito_municipal:D02","unidad_vecinal_id":"unidad_vecinal:UV-107"},"geometry":{"type":"Polygon","coordinates":[[[-63.173986,-17.7764956],[-63.1730426,-17.7764956],[-63.1730426,-17.7755912],[-63.173986,-17.7755912],[-63.173986,-17.7764956]]]}},{"type":"Feature","id":"manzana:UV-107-023","properties":{"id":"manzana:UV-107-023","codigo":"UV-107-023","nombre":"","tipo":"manzana","version_capa":"samples-sinteticas","fuente":"sintético","distrito_id":"distrito_municipal:D02","unidad_vecinal_id":"unidad_vecinal:UV-107"},"geometry":{"type":"Polygon","coordinates":[[[-63.173986,-17.7753651],[-63.1730426,-17.7753651],[-63.1730426,-17.7744607],[-63.173986,-17.7744607],[-63.173986,-17.7753651]]]}},{"type":"Feature","id":"manzana:UV-107-024","properties":{"id":"manzana:UV-107-024","codigo":"UV-107-024","nombre":"","tipo":"manzana","version_capa":"samples-sinteticas","fuente":"sintético","distrito_id":"distrito_municipal:D02","unidad_vecinal_id":"unidad_vecinal:UV-107"},"geometry":{"type":"Polygon","coordinates":[[[-63.173986,-17.7742346],[-63.1730426,-17.7742346],[-63.1730426,-17.7733303],[-63.173986,-17.7733303],[-63.173986,-17.7742346]]]}},{"type":"Feature","id":"manzana:UV-107-025","properties":{"id":"manzana:UV-107-025","codigo":"UV-107-025","nombre":"","tipo":"manzana","version_capa":"samples-sinteticas","fuente":"sintético","distrito_id":"distrito_municipal:D02","unidad_vecinal_id":"unidad_vecinal:UV-107"},"geometry":{"type":"Polygon","coordinates":[[[-63.1728068,-17.7866697],[-63.1718634,-17.7866697],[-63.1718634,-17.7857654],[-63.1728068,-17.7857654],[-63.1728068,-17.7866697]]]}},{"type":"Feature","id":"manzana:UV-107-026","properties":{"id":"manzana:UV-107-026","codigo":"UV-107-026","nombre":"","tipo":"manzana","version_capa":"samples-sinteticas","fuente":"sintético","distrito_id":"distrito_municipal:D02","unidad_vecinal_id":"unidad_vecinal:UV-107"},"geometry":{"type":"Polygon","coordinates":[[[-63.1728068,-17.7855393],[-63.1718634,-17.7855393],[-63.1718634,-17.7846349],[-63.1728068,-17.7846349],[-63.1728068,-17.7855393]]]}},{"type":"Feature","id":"manzana:UV-107-027","properties":{"id":"manzana:UV-107-027","codigo":"UV-107-027","nombre":"","tipo":"manzana","version_capa":"samples-sinteticas","fuente":"sintético","distrito_id":"distrito_municipal:D02","unidad_vecinal_id":"unidad_vecinal:UV-107"},"geometry":{"type":"Polygon","coordinates":[[[-63.1728068,-17.7844088],[-63.1718634,-17.7844088],[-63.1718634,-17.7835044],[-63.1728068,-17.7835044],[-63.1728068,-17.7844088]]]}},{"type":"Feature","id":"manzana:UV-107-028","properties":{"id":"manzana:UV-107-028","codigo":"UV-107-028","nombre":"","tipo":"manzana","version_capa":"samples-sinteticas","fuente":"sintético","distrito_id":"distrito_municipal:D02","unidad_vecinal_id":"unidad_vecinal:UV-107"},"geometry":{"type":"Polygon","coordinates":[[[-63.1728068,-17.7832783],[-63.1718634,-17.7832783],[-63.1718634,-17.782374],[-63.1728068,-17.782374],[-63.1728068,-17.7832783]]]}},{"type":"Feature","id":"manzana:UV-107-029","properties":{"id":"manzana:UV-107-029","codigo":"UV-107-029","nombre":"","tipo":"manzana","version_capa":"samples-sinteticas","fuente":"sintético","distrito_id":"distrito_municipal:D02","unidad_vecinal_id":"unidad_vecinal:UV-107"},"geometry":{"type":"Polygon","coordinates":[[[-63.1728068,-17.7821479],[-63.1718634,-17.7821479],[-63.1718634,-17.7812435],[-63.1728068,-17.7812435],[-63.1728068,-17.7821479]]]}},{"type":"Feature","id":"manzana:UV-107-030","properties":{"id":"manzana:UV-107-030","codigo":"UV-107-030","nombre":"","tipo":"manzana","version_capa":"samples-sinteticas","fuente":"sintético","distrito_id":"distrito_municipal:D02","unidad_vecinal_id":"unidad_vecinal:UV-107"},"geometry":{"type":"Polygon","coordinates":[[[-63.1728068,-17.7810174],[-63.1718634,-17.7810174],[-63.1718634,-17.780113],[-63.1728068,-17.780113],[-63.1728068,-17.7810174]]]}},{"type":"Feature","id":"manzana:UV-107-031","properties":{"id":"manzana:UV-107-031","codigo":"UV-107-031","nombre":"","tipo":"manzana","version_capa":"samples-sinteticas","fuente":"sintético","distrito_id":"distrito_municipal:D02","unidad_vecinal_id":"unidad_vecinal:UV-107"},"geometry":{"type":"Polygon","coordinates":[[[-63.1728068,-17.779887],[-63.1718634,-17.779887],[-63.1718634,-17.7789826],[-63.1728068,-17.7789826],[-63.1728068,-17.779887]]]}},{"type":"Feature","id":"manzana:UV-107-032","properties":{"id":"manzana:UV-107-032","codigo":"UV-107-032","nombre":"","tipo":"manzana","version_capa":"samples-sinteticas","fuente":"sintético","distrito_id":"distrito_municipal:D02","unidad_vecinal_id":"unidad_vecinal:UV-107"},"geometry":{"type":"Polygon","coordinates":[[[-63.1728068,-17.7787565],[-63.1718634,-17.7787565],[-63.1718634,-17.7778521],[-63.1728068,-17.7778521],[-63.1728068,-17.7787565]]]}},{"type":"Feature","id":"manzana:UV-107-033","properties":{"id":"manzana:UV-107-033","codigo":"UV-107-033","nombre":"","tipo":"manzana","version_capa":"samples-sinteticas","fuente":"sintético","distrito_id":"distrito_municipal:D02","unidad_vecinal_id":"unidad_vecinal:UV-107"},"geometry":{"type":"Polygon","coordinates":[[[-63.1728068,-17.777626],[-63.1718634,-17.777626],[-63.1718634,-17.7767217],[-63.1728068,-17.7767217],[-63.1728068,-17.777626]]]}},{"type":"Feature","id":"manzana:UV-107-034","properties":{"id":"manzana:UV-107-034","codigo":"UV-107-034","nombre":"","tipo":"manzana","version_capa":"samples-sinteticas","fuente":"sintético","distrito_id":"distrito_municipal:D02","unidad_vecinal_id":"unidad_vecinal:UV-107"},"geometry":{"type":"Polygon","coordinates":[[[-63.1728068,-17.7764956],[-63.1718634,-17.7764956],[-63.1718634,-17.7755912],[-63.1728068,-17.7755912],[-63.1728068,-17.7764956]]]}},{"type":"Feature","id":"manzana:UV-107-035","properties":{"id":"manzana:UV-107-035","codigo":"UV-107-035","nombre":"","tipo":"manzana","version_capa":"samples-sinteticas","fuente":"sintético","distrito_id":"distrito_municipal:D02","unidad_vecinal_id":"unidad_vecinal:UV-107"},"geometry":{"type":"Polygon","coordinates":[[[-63.1728068,-17.7753651],[-63.1718634,-17.7753651],[-63.1718634,-17.7744607],[-63.1728068,-17.7744607],[-63.1728068,-17.7753651]]]}},{"type":"Feature","id":"manzana:UV-107-036","properties":{"id":"manzana:UV-107-036","codigo":"UV-107-036","nombre":"","tipo":"manzana","version_capa":"samples-sinteticas","fuente":"sintético","distrito_id":"distrito_municipal:D02","unidad_vecinal_id":"unidad_vecinal:UV-107"},"geometry":{"type":"Polygon","coordinates":[[[-63.1728068,-17.7742346],[-63.1718634,-17.7742346],[-63.1718634,-17.7733303],[-63.1728068,-17.7733303],[-63.1728068,-17.7742346]]]}},{"type":"Feature","id":"manzana:UV-107-037","properties":{"id":"manzana:UV-107-037","codigo":"UV-107-037","nombre":"","tipo":"manzana","version_capa":"samples-sinteticas","fuente":"sintético","distrito_id":"distrito_municipal:D02","unidad_vecinal_id":"unidad_vecinal:UV-107"},"geometry":{"type":"Polygon","coordinates":[[[-63.1716276,-17.7866697],[-63.1706842,-17.7866697],[-63.1706842,-17.7857654],[-63.1716276,-17.7857654],[-63.1716276,-17.7866697]]]}},{"type":"Feature","id":"manzana:UV-107-038","properties":{"id":"manzana:UV-107-038","codigo":"UV-107-038","nombre":"","tipo":"manzana","version_capa":"samples-sinteticas","fuente":"sintético","distrito_id":"distrito_municipal:D02","unidad_vecinal_id":"unidad_vecinal:UV-107"},"geometry":{"type":"Polygon","coordinates":[[[-63.1716276,-17.7855393],[-63.1706842,-17.7855393],[-63.1706842,-17.7846349],[-63.1716276,-17.7846349],[-63.1716276,-17.7855393]]]}},{"type":"Feature","id":"manzana:UV-107-039","properties":{"id":"manzana:UV-107-039","codigo":"UV-107-039","nombre":"","tipo":"manzana","version_capa":"samples-sinteticas","fuente":"sintético","distrito_id":"distrito_municipal:D02","unidad_vecinal_id":"unidad_vecinal:UV-107"},"geometry":{"type":"Polygon","coordinates":[[[-63.1716276,-17.7844088],[-63.1706842,-17.7844088],[-63.1706842,-17.7835044],[-63.1716276,-17.7835044],[-63.1716276,-17.7844088]]]}},{"type":"Feature","id":"manzana:UV-107-040","properties":{"id":"manzana:UV-107-040","codigo":"UV-107-040","nombre":"","tipo":"manzana","version_capa":"samples-sinteticas","fuente":"sintético","distrito_id":"distrito_municipal:D02","unidad_vecinal_id":"unidad_vecinal:UV-107"},"geometry":{"type":"Polygon","coordinates":[[[-63.1716276,-17.7832783],[-63.1706842,-17.7832783],[-63.1706842,-17.782374],[-63.1716276,-17.782374],[-63.1716276,-17.7832783]]]}},{"type":"Feature","id":"manzana:UV-107-041","properties":{"id":"manzana:UV-107-041","codigo":"UV-107-041","nombre":"","tipo":"manzana","version_capa":"samples-sinteticas","fuente":"sintético","distrito_id":"distrito_municipal:D02","unidad_vecinal_id":"unidad_vecinal:UV-107"},"geometry":{"type":"Polygon","coordinates":[[[-63.1716276,-17.7821479],[-63.1706842,-17.7821479],[-63.1706842,-17.7812435],[-63.1716276,-17.7812435],[-63.1716276,-17.7821479]]]}},{"type":"Feature","id":"manzana:UV-107-042","properties":{"id":"manzana:UV-107-042","codigo":"UV-107-042","nombre":"","tipo":"manzana","version_capa":"samples-sinteticas","fuente":"sintético","distrito_id":"distrito_municipal:D02","unidad_vecinal_id":"unidad_vecinal:UV-107"},"geometry":{"type":"Polygon","coordinates":[[[-63.1716276,-17.7810174],[-63.1706842,-17.7810174],[-63.1706842,-17.780113],[-63.1716276,-17.780113],[-63.1716276,-17.7810174]]]}},{"type":"Feature","id":"manzana:UV-107-043","properties":{"id":"manzana:UV-107-043","codigo":"UV-107-043","nombre":"","tipo":"manzana","version_capa":"samples-sinteticas","fuente":"sintético","distrito_id":"distrito_municipal:D02","unidad_vecinal_id":"unidad_vecinal:UV-107"},"geometry":{"type":"Polygon","coordinates":[[[-63.1716276,-17.779887],[-63.1706842,-17.779887],[-63.1706842,-17.7789826],[-63.1716276,-17.7789826],[-63.1716276,-17.779887]]]}},{"type":"Feature","id":"manzana:UV-107-044","properties":{"id":"manzana:UV-107-044","codigo":"UV-107-044","nombre":"","tipo":"manzana","version_capa":"samples-sinteticas","fuente":"sintético","distrito_id":"distrito_municipal:D02","unidad_vecinal_id":"unidad_vecinal:UV-107"},"geometry":{"type":"Polygon","coordinates":[[[-63.1716276,-17.7787565],[-63.1706842,-17.7787565],[-63.1706842,-17.7778521],[-63.1716276,-17.7778521],[-63.1716276,-17.7787565]]]}},{"type":"Feature","id":"manzana:UV-107-045","properties":{"id":"manzana:UV-107-045","codigo":"UV-107-045","nombre":"","tipo":"manzana","version_capa":"samples-sinteticas","fuente":"sintético","distrito_id":"distrito_municipal:D02","unidad_vecinal_id":"unidad_vecinal:UV-107"},"geometry":{"type":"Polygon","coordinates":[[[-63.1716276,-17.777626],[-63.1706842,-17.777626],[-63.1706842,-17.7767217],[-63.1716276,-17.7767217],[-63.1716276,-17.777626]]]}},{"type":"Feature","id":"manzana:UV-107-046","properties":{"id":"manzana:UV-107-046","codigo":"UV-107-046","nombre":"","tipo":"manzana","version_capa":"samples-sinteticas","fuente":"sintético","distrito_id":"distrito_municipal:D02","unidad_vecinal_id":"unidad_vecinal:UV-107"},"geometry":{"type":"Polygon","coordinates":[[[-63.1716276,-17.7764956],[-63.1706842,-17.7764956],[-63.1706842,-17.7755912],[-63.1716276,-17.7755912],[-63.1716276,-17.7764956]]]}},{"type":"Feature","id":"manzana:UV-107-047","properties":{"id":"manzana:UV-107-047","codigo":"UV-107-047","nombre":"","tipo":"manzana","version_capa":"samples-sinteticas","fuente":"sintético","distrito_id":"distrito_municipal:D02","unidad_vecinal_id":"unidad_vecinal:UV-107"},"geometry":{"type":"Polygon","coordinates":[[[-63.1716276,-17.7753651],[-63.1706842,-17.7753651],[-63.1706842,-17.7744607],[-63.1716276,-17.7744607],[-63.1716276,-17.7753651]]]}},{"type":"Feature","id":"manzana:UV-107-048","properties":{"id":"manzana:UV-107-048","codigo":"UV-107-048","nombre":"","tipo":"manzana","version_capa":"samples-sinteticas","fuente":"sintético","distrito_id":"distrito_municipal:D02","unidad_vecinal_id":"unidad_vecinal:UV-107"},"geometry":{"type":"Polygon","coordinates":[[[-63.1716276,-17.7742346],[-63.1706842,-17.7742346],[-63.1706842,-17.7733303],[-63.1716276,-17.7733303],[-63.1716276,-17.7742346]]]}},{"type":"Feature","id":"manzana:UV-107-049","properties":{"id":"manzana:UV-107-049","codigo":"UV-107-049","nombre":"","tipo":"manzana","version_capa":"samples-sinteticas","fuente":"sintético","distrito_id":"distrito_municipal:D02","unidad_vecinal_id":"unidad_vecinal:UV-107"},"geometry":{"type":"Polygon","coordinates":[[[-63.1704484,-17.7866697],[-63.169505,-17.7866697],[-63.169505,-17.7857654],[-63.1704484,-17.7857654],[-63.1704484,-17.7866697]]]}},{"type":"Feature","id":"manzana:UV-107-050","properties":{"id":"manzana:UV-107-050","codigo":"UV-107-050","nombre":"","tipo":"manzana","version_capa":"samples-sinteticas","fuente":"sintético","distrito_id":"distrito_municipal:D02","unidad_vecinal_id":"unidad_vecinal:UV-107"},"geometry":{"type":"Polygon","coordinates":[[[-63.1704484,-17.7855393],[-63.169505,-17.7855393],[-63.169505,-17.7846349],[-63.1704484,-17.7846349],[-63.1704484,-17.7855393]]]}},{"type":"Feature","id":"manzana:UV-107-051","properties":{"id":"manzana:UV-107-051","codigo":"UV-107-051","nombre":"","tipo":"manzana","version_capa":"samples-sinteticas","fuente":"sintético","distrito_id":"distrito_municipal:D02","unidad_vecinal_id":"unidad_vecinal:UV-107"},"geometry":{"type":"Polygon","coordinates":[[[-63.1704484,-17.7844088],[-63.169505,-17.7844088],[-63.169505,-17.7835044],[-63.1704484,-17.7835044],[-63.1704484,-17.7844088]]]}},{"type":"Feature","id":"manzana:UV-107-052","properties":{"id":"manzana:UV-107-052","codigo":"UV-107-052","nombre":"","tipo":"manzana","version_capa":"samples-sinteticas","fuente":"sintético","distrito_id":"distrito_municipal:D02","unidad_vecinal_id":"unidad_vecinal:UV-107"},"geometry":{"type":"Polygon","coordinates":[[[-63.1704484,-17.7832783],[-63.169505,-17.7832783],[-63.169505,-17.782374],[-63.1704484,-17.782374],[-63.1704484,-17.7832783]]]}},{"type":"Feature","id":"manzana:UV-107-053","properties":{"id":"manzana:UV-107-053","codigo":"UV-107-053","nombre":"","tipo":"manzana","version_capa":"samples-sinteticas","fuente":"sintético","distrito_id":"distrito_municipal:D02","unidad_vecinal_id":"unidad_vecinal:UV-107"},"geometry":{"type":"Polygon","coordinates":[[[-63.1704484,-17.7821479],[-63.169505,-17.7821479],[-63.169505,-17.7812435],[-63.1704484,-17.7812435],[-63.1704484,-17.7821479]]]}},{"type":"Feature","id":"manzana:UV-107-054","properties":{"id":"manzana:UV-107-054","codigo":"UV-107-054","nombre":"","tipo":"manzana","version_capa":"samples-sinteticas","fuente":"sintético","distrito_id":"distrito_municipal:D02","unidad_vecinal_id":"unidad_vecinal:UV-107"},"geometry":{"type":"Polygon","coordinates":[[[-63.1704484,-17.7810174],[-63.169505,-17.7810174],[-63.169505,-17.780113],[-63.1704484,-17.780113],[-63.1704484,-17.7810174]]]}},{"type":"Feature","id":"manzana:UV-107-055","properties":{"id":"manzana:UV-107-055","codigo":"UV-107-055","nombre":"","tipo":"manzana","version_capa":"samples-sinteticas","fuente":"sintético","distrito_id":"distrito_municipal:D02","unidad_vecinal_id":"unidad_vecinal:UV-107"},"geometry":{"type":"Polygon","coordinates":[[[-63.1704484,-17.779887],[-63.169505,-17.779887],[-63.169505,-17.7789826],[-63.1704484,-17.7789826],[-63.1704484,-17.779887]]]}},{"type":"Feature","id":"manzana:UV-107-056","properties":{"id":"manzana:UV-107-056","codigo":"UV-107-056","nombre":"","tipo":"manzana","version_capa":"samples-sinteticas","fuente":"sintético","distrito_id":"distrito_municipal:D02","unidad_vecinal_id":"unidad_vecinal:UV-107"},"geometry":{"type":"Polygon","coordinates":[[[-63.1704484,-17.7787565],[-63.169505,-17.7787565],[-63.169505,-17.7778521],[-63.1704484,-17.7778521],[-63.1704484,-17.7787565]]]}},{"type":"Feature","id":"manzana:UV-107-057","properties":{"id":"manzana:UV-107-057","codigo":"UV-107-057","nombre":"","tipo":"manzana","version_capa":"samples-sinteticas","fuente":"sintético","distrito_id":"distrito_municipal:D02","unidad_vecinal_id":"unidad_vecinal:UV-107"},"geometry":{"type":"Polygon","coordinates":[[[-63.1704484,-17.777626],[-63.169505,-17.777626],[-63.169505,-17.7767217],[-63.1704484,-17.7767217],[-63.1704484,-17.777626]]]}},{"type":"Feature","id":"manzana:UV-107-058","properties":{"id":"manzana:UV-107-058","codigo":"UV-107-058","nombre":"","tipo":"manzana","version_capa":"samples-sinteticas","fuente":"sintético","distrito_id":"distrito_municipal:D02","unidad_vecinal_id":"unidad_vecinal:UV-107"},"geometry":{"type":"Polygon","coordinates":[[[-63.1704484,-17.7764956],[-63.169505,-17.7764956],[-63.169505,-17.7755912],[-63.1704484,-17.7755912],[-63.1704484,-17.7764956]]]}},{"type":"Feature","id":"manzana:UV-107-059","properties":{"id":"manzana:UV-107-059","codigo":"UV-107-059","nombre":"","tipo":"manzana","version_capa":"samples-sinteticas","fuente":"sintético","distrito_id":"distrito_municipal:D02","unidad_vecinal_id":"unidad_vecinal:UV-107"},"geometry":{"type":"Polygon","coordinates":[[[-63.1704484,-17.7753651],[-63.169505,-17.7753651],[-63.169505,-17.7744607],[-63.1704484,-17.7744607],[-63.1704484,-17.7753651]]]}},{"type":"Feature","id":"manzana:UV-107-060","properties":{"id":"manzana:UV-107-060","codigo":"UV-107-060","nombre":"","tipo":"manzana","version_capa":"samples-sinteticas","fuente":"sintético","distrito_id":"distrito_municipal:D02","unidad_vecinal_id":"unidad_vecinal:UV-107"},"geometry":{"type":"Polygon","coordinates":[[[-63.1704484,-17.7742346],[-63.169505,-17.7742346],[-63.169505,-17.7733303],[-63.1704484,-17.7733303],[-63.1704484,-17.7742346]]]}},{"type":"Feature","id":"manzana:UV-107-061","properties":{"id":"manzana:UV-107-061","codigo":"UV-107-061","nombre":"","tipo":"manzana","version_capa":"samples-sinteticas","fuente":"sintético","distrito_id":"distrito_municipal:D02","unidad_vecinal_id":"unidad_vecinal:UV-107"},"geometry":{"type":"Polygon","coordinates":[[[-63.1692692,-17.7866697],[-63.1683258,-17.7866697],[-63.1683258,-17.7857654],[-63.1692692,-17.7857654],[-63.1692692,-17.7866697]]]}},{"type":"Feature","id":"manzana:UV-107-062","properties":{"id":"manzana:UV-107-062","codigo":"UV-107-062","nombre":"","tipo":"manzana","version_capa":"samples-sinteticas","fuente":"sintético","distrito_id":"distrito_municipal:D02","unidad_vecinal_id":"unidad_vecinal:UV-107"},"geometry":{"type":"Polygon","coordinates":[[[-63.1692692,-17.7855393],[-63.1683258,-17.7855393],[-63.1683258,-17.7846349],[-63.1692692,-17.7846349],[-63.1692692,-17.7855393]]]}},{"type":"Feature","id":"manzana:UV-107-063","properties":{"id":"manzana:UV-107-063","codigo":"UV-107-063","nombre":"","tipo":"manzana","version_capa":"samples-sinteticas","fuente":"sintético","distrito_id":"distrito_municipal:D02","unidad_vecinal_id":"unidad_vecinal:UV-107"},"geometry":{"type":"Polygon","coordinates":[[[-63.1692692,-17.7844088],[-63.1683258,-17.7844088],[-63.1683258,-17.7835044],[-63.1692692,-17.7835044],[-63.1692692,-17.7844088]]]}},{"type":"Feature","id":"manzana:UV-107-064","properties":{"id":"manzana:UV-107-064","codigo":"UV-107-064","nombre":"","tipo":"manzana","version_capa":"samples-sinteticas","fuente":"sintético","distrito_id":"distrito_municipal:D02","unidad_vecinal_id":"unidad_vecinal:UV-107"},"geometry":{"type":"Polygon","coordinates":[[[-63.1692692,-17.7832783],[-63.1683258,-17.7832783],[-63.1683258,-17.782374],[-63.1692692,-17.782374],[-63.1692692,-17.7832783]]]}},{"type":"Feature","id":"manzana:UV-107-065","properties":{"id":"manzana:UV-107-065","codigo":"UV-107-065","nombre":"","tipo":"manzana","version_capa":"samples-sinteticas","fuente":"sintético","distrito_id":"distrito_municipal:D02","unidad_vecinal_id":"unidad_vecinal:UV-107"},"geometry":{"type":"Polygon","coordinates":[[[-63.1692692,-17.7821479],[-63.1683258,-17.7821479],[-63.1683258,-17.7812435],[-63.1692692,-17.7812435],[-63.1692692,-17.7821479]]]}},{"type":"Feature","id":"manzana:UV-107-066","properties":{"id":"manzana:UV-107-066","codigo":"UV-107-066","nombre":"","tipo":"manzana","version_capa":"samples-sinteticas","fuente":"sintético","distrito_id":"distrito_municipal:D02","unidad_vecinal_id":"unidad_vecinal:UV-107"},"geometry":{"type":"Polygon","coordinates":[[[-63.1692692,-17.7810174],[-63.1683258,-17.7810174],[-63.1683258,-17.780113],[-63.1692692,-17.780113],[-63.1692692,-17.7810174]]]}},{"type":"Feature","id":"manzana:UV-107-067","properties":{"id":"manzana:UV-107-067","codigo":"UV-107-067","nombre":"","tipo":"manzana","version_capa":"samples-sinteticas","fuente":"sintético","distrito_id":"distrito_municipal:D02","unidad_vecinal_id":"unidad_vecinal:UV-107"},"geometry":{"type":"Polygon","coordinates":[[[-63.1692692,-17.779887],[-63.1683258,-17.779887],[-63.1683258,-17.7789826],[-63.1692692,-17.7789826],[-63.1692692,-17.779887]]]}},{"type":"Feature","id":"manzana:UV-107-068","properties":{"id":"manzana:UV-107-068","codigo":"UV-107-068","nombre":"","tipo":"manzana","version_capa":"samples-sinteticas","fuente":"sintético","distrito_id":"distrito_municipal:D02","unidad_vecinal_id":"unidad_vecinal:UV-107"},"geometry":{"type":"Polygon","coordinates":[[[-63.1692692,-17.7787565],[-63.1683258,-17.7787565],[-63.1683258,-17.7778521],[-63.1692692,-17.7778521],[-63.1692692,-17.7787565]]]}},{"type":"Feature","id":"manzana:UV-107-069","properties":{"id":"manzana:UV-107-069","codigo":"UV-107-069","nombre":"","tipo":"manzana","version_capa":"samples-sinteticas","fuente":"sintético","distrito_id":"distrito_municipal:D02","unidad_vecinal_id":"unidad_vecinal:UV-107"},"geometry":{"type":"Polygon","coordinates":[[[-63.1692692,-17.777626],[-63.1683258,-17.777626],[-63.1683258,-17.7767217],[-63.1692692,-17.7767217],[-63.1692692,-17.777626]]]}},{"type":"Feature","id":"manzana:UV-107-070","properties":{"id":"manzana:UV-107-070","codigo":"UV-107-070","nombre":"","tipo":"manzana","version_capa":"samples-sinteticas","fuente":"sintético","distrito_id":"distrito_municipal:D02","unidad_vecinal_id":"unidad_vecinal:UV-107"},"geometry":{"type":"Polygon","coordinates":[[[-63.1692692,-17.7764956],[-63.1683258,-17.7764956],[-63.1683258,-17.7755912],[-63.1692692,-17.7755912],[-63.1692692,-17.7764956]]]}},{"type":"Feature","id":"manzana:UV-107-071","properties":{"id":"manzana:UV-107-071","codigo":"UV-107-071","nombre":"","tipo":"manzana","version_capa":"samples-sinteticas","fuente":"sintético","distrito_id":"distrito_municipal:D02","unidad_vecinal_id":"unidad_vecinal:UV-107"},"geometry":{"type":"Polygon","coordinates":[[[-63.1692692,-17.7753651],[-63.1683258,-17.7753651],[-63.1683258,-17.7744607],[-63.1692692,-17.7744607],[-63.1692692,-17.7753651]]]}},{"type":"Feature","id":"manzana:UV-107-072","properties":{"id":"manzana:UV-107-072","codigo":"UV-107-072","nombre":"","tipo":"manzana","version_capa":"samples-sinteticas","fuente":"sintético","distrito_id":"distrito_municipal:D02","unidad_vecinal_id":"unidad_vecinal:UV-107"},"geometry":{"type":"Polygon","coordinates":[[[-63.1692692,-17.7742346],[-63.1683258,-17.7742346],[-63.1683258,-17.7733303],[-63.1692692,-17.7733303],[-63.1692692,-17.7742346]]]}},{"type":"Feature","id":"manzana:UV-107-073","properties":{"id":"manzana:UV-107-073","codigo":"UV-107-073","nombre":"","tipo":"manzana","version_capa":"samples-sinteticas","fuente":"sintético","distrito_id":"distrito_municipal:D02","unidad_vecinal_id":"unidad_vecinal:UV-107"},"geometry":{"type":"Polygon","coordinates":[[[-63.16809,-17.7866697],[-63.1671466,-17.7866697],[-63.1671466,-17.7857654],[-63.16809,-17.7857654],[-63.16809,-17.7866697]]]}},{"type":"Feature","id":"manzana:UV-107-074","properties":{"id":"manzana:UV-107-074","codigo":"UV-107-074","nombre":"","tipo":"manzana","version_capa":"samples-sinteticas","fuente":"sintético","distrito_id":"distrito_municipal:D02","unidad_vecinal_id":"unidad_vecinal:UV-107"},"geometry":{"type":"Polygon","coordinates":[[[-63.16809,-17.7855393],[-63.1671466,-17.7855393],[-63.1671466,-17.7846349],[-63.16809,-17.7846349],[-63.16809,-17.7855393]]]}},{"type":"Feature","id":"manzana:UV-107-075","properties":{"id":"manzana:UV-107-075","codigo":"UV-107-075","nombre":"","tipo":"manzana","version_capa":"samples-sinteticas","fuente":"sintético","distrito_id":"distrito_municipal:D02","unidad_vecinal_id":"unidad_vecinal:UV-107"},"geometry":{"type":"Polygon","coordinates":[[[-63.16809,-17.7844088],[-63.1671466,-17.7844088],[-63.1671466,-17.7835044],[-63.16809,-17.7835044],[-63.16809,-17.7844088]]]}},{"type":"Feature","id":"manzana:UV-107-076","properties":{"id":"manzana:UV-107-076","codigo":"UV-107-076","nombre":"","tipo":"manzana","version_capa":"samples-sinteticas","fuente":"sintético","distrito_id":"distrito_municipal:D02","unidad_vecinal_id":"unidad_vecinal:UV-107"},"geometry":{"type":"Polygon","coordinates":[[[-63.16809,-17.7832783],[-63.1671466,-17.7832783],[-63.1671466,-17.782374],[-63.16809,-17.782374],[-63.16809,-17.7832783]]]}},{"type":"Feature","id":"manzana:UV-107-077","properties":{"id":"manzana:UV-107-077","codigo":"UV-107-077","nombre":"","tipo":"manzana","version_capa":"samples-sinteticas","fuente":"sintético","distrito_id":"distrito_municipal:D02","unidad_vecinal_id":"unidad_vecinal:UV-107"},"geometry":{"type":"Polygon","coordinates":[[[-63.16809,-17.7821479],[-63.1671466,-17.7821479],[-63.1671466,-17.7812435],[-63.16809,-17.7812435],[-63.16809,-17.7821479]]]}},{"type":"Feature","id":"manzana:UV-107-078","properties":{"id":"manzana:UV-107-078","codigo":"UV-107-078","nombre":"","tipo":"manzana","version_capa":"samples-sinteticas","fuente":"sintético","distrito_id":"distrito_municipal:D02","unidad_vecinal_id":"unidad_vecinal:UV-107"},"geometry":{"type":"Polygon","coordinates":[[[-63.16809,-17.7810174],[-63.1671466,-17.7810174],[-63.1671466,-17.780113],[-63.16809,-17.780113],[-63.16809,-17.7810174]]]}},{"type":"Feature","id":"manzana:UV-107-079","properties":{"id":"manzana:UV-107-079","codigo":"UV-107-079","nombre":"","tipo":"manzana","version_capa":"samples-sinteticas","fuente":"sintético","distrito_id":"distrito_municipal:D02","unidad_vecinal_id":"unidad_vecinal:UV-107"},"geometry":{"type":"Polygon","coordinates":[[[-63.16809,-17.779887],[-63.1671466,-17.779887],[-63.1671466,-17.7789826],[-63.16809,-17.7789826],[-63.16809,-17.779887]]]}},{"type":"Feature","id":"manzana:UV-107-080","properties":{"id":"manzana:UV-107-080","codigo":"UV-107-080","nombre":"","tipo":"manzana","version_capa":"samples-sinteticas","fuente":"sintético","distrito_id":"distrito_municipal:D02","unidad_vecinal_id":"unidad_vecinal:UV-107"},"geometry":{"type":"Polygon","coordinates":[[[-63.16809,-17.7787565],[-63.1671466,-17.7787565],[-63.1671466,-17.7778521],[-63.16809,-17.7778521],[-63.16809,-17.7787565]]]}},{"type":"Feature","id":"manzana:UV-107-081","properties":{"id":"manzana:UV-107-081","codigo":"UV-107-081","nombre":"","tipo":"manzana","version_capa":"samples-sinteticas","fuente":"sintético","distrito_id":"distrito_municipal:D02","unidad_vecinal_id":"unidad_vecinal:UV-107"},"geometry":{"type":"Polygon","coordinates":[[[-63.16809,-17.777626],[-63.1671466,-17.777626],[-63.1671466,-17.7767217],[-63.16809,-17.7767217],[-63.16809,-17.777626]]]}},{"type":"Feature","id":"manzana:UV-107-082","properties":{"id":"manzana:UV-107-082","codigo":"UV-107-082","nombre":"","tipo":"manzana","version_capa":"samples-sinteticas","fuente":"sintético","distrito_id":"distrito_municipal:D02","unidad_vecinal_id":"unidad_vecinal:UV-107"},"geometry":{"type":"Polygon","coordinates":[[[-63.16809,-17.7764956],[-63.1671466,-17.7764956],[-63.1671466,-17.7755912],[-63.16809,-17.7755912],[-63.16809,-17.7764956]]]}},{"type":"Feature","id":"manzana:UV-107-083","properties":{"id":"manzana:UV-107-083","codigo":"UV-107-083","nombre":"","tipo":"manzana","version_capa":"samples-sinteticas","fuente":"sintético","distrito_id":"distrito_municipal:D02","unidad_vecinal_id":"unidad_vecinal:UV-107"},"geometry":{"type":"Polygon","coordinates":[[[-63.16809,-17.7753651],[-63.1671466,-17.7753651],[-63.1671466,-17.7744607],[-63.16809,-17.7744607],[-63.16809,-17.7753651]]]}},{"type":"Feature","id":"manzana:UV-107-084","properties":{"id":"manzana:UV-107-084","codigo":"UV-107-084","nombre":"","tipo":"manzana","version_capa":"samples-sinteticas","fuente":"sintético","distrito_id":"distrito_municipal:D02","unidad_vecinal_id":"unidad_vecinal:UV-107"},"geometry":{"type":"Polygon","coordinates":[[[-63.16809,-17.7742346],[-63.1671466,-17.7742346],[-63.1671466,-17.7733303],[-63.16809,-17.7733303],[-63.16809,-17.7742346]]]}},{"type":"Feature","id":"manzana:UV-107-085","properties":{"id":"manzana:UV-107-085","codigo":"UV-107-085","nombre":"","tipo":"manzana","version_capa":"samples-sinteticas","fuente":"sintético","distrito_id":"distrito_municipal:D02","unidad_vecinal_id":"unidad_vecinal:UV-107"},"geometry":{"type":"Polygon","coordinates":[[[-63.1669107,-17.7866697],[-63.1659674,-17.7866697],[-63.1659674,-17.7857654],[-63.1669107,-17.7857654],[-63.1669107,-17.7866697]]]}},{"type":"Feature","id":"manzana:UV-107-086","properties":{"id":"manzana:UV-107-086","codigo":"UV-107-086","nombre":"","tipo":"manzana","version_capa":"samples-sinteticas","fuente":"sintético","distrito_id":"distrito_municipal:D02","unidad_vecinal_id":"unidad_vecinal:UV-107"},"geometry":{"type":"Polygon","coordinates":[[[-63.1669107,-17.7855393],[-63.1659674,-17.7855393],[-63.1659674,-17.7846349],[-63.1669107,-17.7846349],[-63.1669107,-17.7855393]]]}},{"type":"Feature","id":"manzana:UV-107-087","properties":{"id":"manzana:UV-107-087","codigo":"UV-107-087","nombre":"","tipo":"manzana","version_capa":"samples-sinteticas","fuente":"sintético","distrito_id":"distrito_municipal:D02","unidad_vecinal_id":"unidad_vecinal:UV-107"},"geometry":{"type":"Polygon","coordinates":[[[-63.1669107,-17.7844088],[-63.1659674,-17.7844088],[-63.1659674,-17.7835044],[-63.1669107,-17.7835044],[-63.1669107,-17.7844088]]]}},{"type":"Feature","id":"manzana:UV-107-088","properties":{"id":"manzana:UV-107-088","codigo":"UV-107-088","nombre":"","tipo":"manzana","version_capa":"samples-sinteticas","fuente":"sintético","distrito_id":"distrito_municipal:D02","unidad_vecinal_id":"unidad_vecinal:UV-107"},"geometry":{"type":"Polygon","coordinates":[[[-63.1669107,-17.7832783],[-63.1659674,-17.7832783],[-63.1659674,-17.782374],[-63.1669107,-17.782374],[-63.1669107,-17.7832783]]]}},{"type":"Feature","id":"manzana:UV-107-089","properties":{"id":"manzana:UV-107-089","codigo":"UV-107-089","nombre":"","tipo":"manzana","version_capa":"samples-sinteticas","fuente":"sintético","distrito_id":"distrito_municipal:D02","unidad_vecinal_id":"unidad_vecinal:UV-107"},"geometry":{"type":"Polygon","coordinates":[[[-63.1669107,-17.7821479],[-63.1659674,-17.7821479],[-63.1659674,-17.7812435],[-63.1669107,-17.7812435],[-63.1669107,-17.7821479]]]}},{"type":"Feature","id":"manzana:UV-107-090","properties":{"id":"manzana:UV-107-090","codigo":"UV-107-090","nombre":"","tipo":"manzana","version_capa":"samples-sinteticas","fuente":"sintético","distrito_id":"distrito_municipal:D02","unidad_vecinal_id":"unidad_vecinal:UV-107"},"geometry":{"type":"Polygon","coordinates":[[[-63.1669107,-17.7810174],[-63.1659674,-17.7810174],[-63.1659674,-17.780113],[-63.1669107,-17.780113],[-63.1669107,-17.7810174]]]}},{"type":"Feature","id":"manzana:UV-107-091","properties":{"id":"manzana:UV-107-091","codigo":"UV-107-091","nombre":"","tipo":"manzana","version_capa":"samples-sinteticas","fuente":"sintético","distrito_id":"distrito_municipal:D02","unidad_vecinal_id":"unidad_vecinal:UV-107"},"geometry":{"type":"Polygon","coordinates":[[[-63.1669107,-17.779887],[-63.1659674,-17.779887],[-63.1659674,-17.7789826],[-63.1669107,-17.7789826],[-63.1669107,-17.779887]]]}},{"type":"Feature","id":"manzana:UV-107-092","properties":{"id":"manzana:UV-107-092","codigo":"UV-107-092","nombre":"","tipo":"manzana","version_capa":"samples-sinteticas","fuente":"sintético","distrito_id":"distrito_municipal:D02","unidad_vecinal_id":"unidad_vecinal:UV-107"},"geometry":{"type":"Polygon","coordinates":[[[-63.1669107,-17.7787565],[-63.1659674,-17.7787565],[-63.1659674,-17.7778521],[-63.1669107,-17.7778521],[-63.1669107,-17.7787565]]]}},{"type":"Feature","id":"manzana:UV-107-093","properties":{"id":"manzana:UV-107-093","codigo":"UV-107-093","nombre":"","tipo":"manzana","version_capa":"samples-sinteticas","fuente":"sintético","distrito_id":"distrito_municipal:D02","unidad_vecinal_id":"unidad_vecinal:UV-107"},"geometry":{"type":"Polygon","coordinates":[[[-63.1669107,-17.777626],[-63.1659674,-17.777626],[-63.1659674,-17.7767217],[-63.1669107,-17.7767217],[-63.1669107,-17.777626]]]}},{"type":"Feature","id":"manzana:UV-107-094","properties":{"id":"manzana:UV-107-094","codigo":"UV-107-094","nombre":"","tipo":"manzana","version_capa":"samples-sinteticas","fuente":"sintético","distrito_id":"distrito_municipal:D02","unidad_vecinal_id":"unidad_vecinal:UV-107"},"geometry":{"type":"Polygon","coordinates":[[[-63.1669107,-17.7764956],[-63.1659674,-17.7764956],[-63.1659674,-17.7755912],[-63.1669107,-17.7755912],[-63.1669107,-17.7764956]]]}},{"type":"Feature","id":"manzana:UV-107-095","properties":{"id":"manzana:UV-107-095","codigo":"UV-107-095","nombre":"","tipo":"manzana","version_capa":"samples-sinteticas","fuente":"sintético","distrito_id":"distrito_municipal:D02","unidad_vecinal_id":"unidad_vecinal:UV-107"},"geometry":{"type":"Polygon","coordinates":[[[-63.1669107,-17.7753651],[-63.1659674,-17.7753651],[-63.1659674,-17.7744607],[-63.1669107,-17.7744607],[-63.1669107,-17.7753651]]]}},{"type":"Feature","id":"manzana:UV-107-096","properties":{"id":"manzana:UV-107-096","codigo":"UV-107-096","nombre":"","tipo":"manzana","version_capa":"samples-sinteticas","fuente":"sintético","distrito_id":"distrito_municipal:D02","unidad_vecinal_id":"unidad_vecinal:UV-107"},"geometry":{"type":"Polygon","coordinates":[[[-63.1669107,-17.7742346],[-63.1659674,-17.7742346],[-63.1659674,-17.7733303],[-63.1669107,-17.7733303],[-63.1669107,-17.7742346]]]}},{"type":"Feature","id":"manzana:UV-108-001","properties":{"id":"manzana:UV-108-001","codigo":"UV-108-001","nombre":"","tipo":"manzana","version_capa":"samples-sinteticas","fuente":"sintético","distrito_id":"distrito_municipal:D02","unidad_vecinal_id":"unidad_vecinal:UV-108"},"geometry":{"type":"Polygon","coordinates":[[[-63.1751652,-17.7731042],[-63.1742219,-17.7731042],[-63.1742219,-17.7721998],[-63.1751652,-17.7721998],[-63.1751652,-17.7731042]]]}},{"type":"Feature","id":"manzana:UV-108-002","properties":{"id":"manzana:UV-108-002","codigo":"UV-108-002","nombre":"","tipo":"manzana","version_capa":"samples-sinteticas","fuente":"sintético","distrito_id":"distrito_municipal:D02","unidad_vecinal_id":"unidad_vecinal:UV-108"},"geometry":{"type":"Polygon","coordinates":[[[-63.1751652,-17.7719737],[-63.1742219,-17.7719737],[-63.1742219,-17.7710693],[-63.1751652,-17.7710693],[-63.1751652,-17.7719737]]]}},{"type":"Feature","id":"manzana:UV-108-003","properties":{"id":"manzana:UV-108-003","codigo":"UV-108-003","nombre":"","tipo":"manzana","version_capa":"samples-sinteticas","fuente":"sintético","distrito_id":"distrito_municipal:D02","unidad_vecinal_id":"unidad_vecinal:UV-108"},"geometry":{"type":"Polygon","coordinates":[[[-63.1751652,-17.7708432],[-63.1742219,-17.7708432],[-63.1742219,-17.7699389],[-63.1751652,-17.7699389],[-63.1751652,-17.7708432]]]}},{"type":"Feature","id":"manzana:UV-108-004","properties":{"id":"manzana:UV-108-004","codigo":"UV-108-004","nombre":"","tipo":"manzana","version_capa":"samples-sinteticas","fuente":"sintético","distrito_id":"distrito_municipal:D02","unidad_vecinal_id":"unidad_vecinal:UV-108"},"geometry":{"type":"Polygon","coordinates":[[[-63.1751652,-17.7697128],[-63.1742219,-17.7697128],[-63.1742219,-17.7688084],[-63.1751652,-17.7688084],[-63.1751652,-17.7697128]]]}},{"type":"Feature","id":"manzana:UV-108-005","properties":{"id":"manzana:UV-108-005","codigo":"UV-108-005","nombre":"","tipo":"manzana","version_capa":"samples-sinteticas","fuente":"sintético","distrito_id":"distrito_municipal:D02","unidad_vecinal_id":"unidad_vecinal:UV-108"},"geometry":{"type":"Polygon","coordinates":[[[-63.1751652,-17.7685823],[-63.1742219,-17.7685823],[-63.1742219,-17.7676779],[-63.1751652,-17.7676779],[-63.1751652,-17.7685823]]]}},{"type":"Feature","id":"manzana:UV-108-006","properties":{"id":"manzana:UV-108-006","codigo":"UV-108-006","nombre":"","tipo":"manzana","version_capa":"samples-sinteticas","fuente":"sintético","distrito_id":"distrito_municipal:D02","unidad_vecinal_id":"unidad_vecinal:UV-108"},"geometry":{"type":"Polygon","coordinates":[[[-63.1751652,-17.7674518],[-63.1742219,-17.7674518],[-63.1742219,-17.7665475],[-63.1751652,-17.7665475],[-63.1751652,-17.7674518]]]}},{"type":"Feature","id":"manzana:UV-108-007","properties":{"id":"manzana:UV-108-007","codigo":"UV-108-007","nombre":"","tipo":"manzana","version_capa":"samples-sinteticas","fuente":"sintético","distrito_id":"distrito_municipal:D02","unidad_vecinal_id":"unidad_vecinal:UV-108"},"geometry":{"type":"Polygon","coordinates":[[[-63.1751652,-17.7663214],[-63.1742219,-17.7663214],[-63.1742219,-17.765417],[-63.1751652,-17.765417],[-63.1751652,-17.7663214]]]}},{"type":"Feature","id":"manzana:UV-108-008","properties":{"id":"manzana:UV-108-008","codigo":"UV-108-008","nombre":"","tipo":"manzana","version_capa":"samples-sinteticas","fuente":"sintético","distrito_id":"distrito_municipal:D02","unidad_vecinal_id":"unidad_vecinal:UV-108"},"geometry":{"type":"Polygon","coordinates":[[[-63.1751652,-17.7651909],[-63.1742219,-17.7651909],[-63.1742219,-17.7642865],[-63.1751652,-17.7642865],[-63.1751652,-17.7651909]]]}},{"type":"Feature","id":"manzana:UV-108-009","properties":{"id":"manzana:UV-108-009","codigo":"UV-108-009","nombre":"","tipo":"manzana","version_capa":"samples-sinteticas","fuente":"sintético","distrito_id":"distrito_municipal:D02","unidad_vecinal_id":"unidad_vecinal:UV-108"},"geometry":{"type":"Polygon","coordinates":[[[-63.1751652,-17.7640604],[-63.1742219,-17.7640604],[-63.1742219,-17.7631561],[-63.1751652,-17.7631561],[-63.1751652,-17.7640604]]]}},{"type":"Feature","id":"manzana:UV-108-010","properties":{"id":"manzana:UV-108-010","codigo":"UV-108-010","nombre":"","tipo":"manzana","version_capa":"samples-sinteticas","fuente":"sintético","distrito_id":"distrito_municipal:D02","unidad_vecinal_id":"unidad_vecinal:UV-108"},"geometry":{"type":"Polygon","coordinates":[[[-63.1751652,-17.76293],[-63.1742219,-17.76293],[-63.1742219,-17.7620256],[-63.1751652,-17.7620256],[-63.1751652,-17.76293]]]}},{"type":"Feature","id":"manzana:UV-108-011","properties":{"id":"manzana:UV-108-011","codigo":"UV-108-011","nombre":"","tipo":"manzana","version_capa":"samples-sinteticas","fuente":"sintético","distrito_id":"distrito_municipal:D02","unidad_vecinal_id":"unidad_vecinal:UV-108"},"geometry":{"type":"Polygon","coordinates":[[[-63.1751652,-17.7617995],[-63.1742219,-17.7617995],[-63.1742219,-17.7608951],[-63.1751652,-17.7608951],[-63.1751652,-17.7617995]]]}},{"type":"Feature","id":"manzana:UV-108-012","properties":{"id":"manzana:UV-108-012","codigo":"UV-108-012","nombre":"","tipo":"manzana","version_capa":"samples-sinteticas","fuente":"sintético","distrito_id":"distrito_municipal:D02","unidad_vecinal_id":"unidad_vecinal:UV-108"},"geometry":{"type":"Polygon","coordinates":[[[-63.1751652,-17.7606691],[-63.1742219,-17.7606691],[-63.1742219,-17.7597647],[-63.1751652,-17.7597647],[-63.1751652,-17.7606691]]]}},{"type":"Feature","id":"manzana:UV-108-013","properties":{"id":"manzana:UV-108-013","codigo":"UV-108-013","nombre":"","tipo":"manzana","version_capa":"samples-sinteticas","fuente":"sintético","distrito_id":"distrito_municipal:D02","unidad_vecinal_id":"unidad_vecinal:UV-108"},"geometry":{"type":"Polygon","coordinates":[[[-63.173986,-17.7731042],[-63.1730426,-17.7731042],[-63.1730426,-17.7721998],[-63.173986,-17.7721998],[-63.173986,-17.7731042]]]}},{"type":"Feature","id":"manzana:UV-108-014","properties":{"id":"manzana:UV-108-014","codigo":"UV-108-014","nombre":"","tipo":"manzana","version_capa":"samples-sinteticas","fuente":"sintético","distrito_id":"distrito_municipal:D02","unidad_vecinal_id":"unidad_vecinal:UV-108"},"geometry":{"type":"Polygon","coordinates":[[[-63.173986,-17.7719737],[-63.1730426,-17.7719737],[-63.1730426,-17.7710693],[-63.173986,-17.7710693],[-63.173986,-17.7719737]]]}},{"type":"Feature","id":"manzana:UV-108-015","properties":{"id":"manzana:UV-108-015","codigo":"UV-108-015","nombre":"","tipo":"manzana","version_capa":"samples-sinteticas","fuente":"sintético","distrito_id":"distrito_municipal:D02","unidad_vecinal_id":"unidad_vecinal:UV-108"},"geometry":{"type":"Polygon","coordinates":[[[-63.173986,-17.7708432],[-63.1730426,-17.7708432],[-63.1730426,-17.7699389],[-63.173986,-17.7699389],[-63.173986,-17.7708432]]]}},{"type":"Feature","id":"manzana:UV-108-016","properties":{"id":"manzana:UV-108-016","codigo":"UV-108-016","nombre":"","tipo":"manzana","version_capa":"samples-sinteticas","fuente":"sintético","distrito_id":"distrito_municipal:D02","unidad_vecinal_id":"unidad_vecinal:UV-108"},"geometry":{"type":"Polygon","coordinates":[[[-63.173986,-17.7697128],[-63.1730426,-17.7697128],[-63.1730426,-17.7688084],[-63.173986,-17.7688084],[-63.173986,-17.7697128]]]}},{"type":"Feature","id":"manzana:UV-108-017","properties":{"id":"manzana:UV-108-017","codigo":"UV-108-017","nombre":"","tipo":"manzana","version_capa":"samples-sinteticas","fuente":"sintético","distrito_id":"distrito_municipal:D02","unidad_vecinal_id":"unidad_vecinal:UV-108"},"geometry":{"type":"Polygon","coordinates":[[[-63.173986,-17.7685823],[-63.1730426,-17.7685823],[-63.1730426,-17.7676779],[-63.173986,-17.7676779],[-63.173986,-17.7685823]]]}},{"type":"Feature","id":"manzana:UV-108-018","properties":{"id":"manzana:UV-108-018","codigo":"UV-108-018","nombre":"","tipo":"manzana","version_capa":"samples-sinteticas","fuente":"sintético","distrito_id":"distrito_municipal:D02","unidad_vecinal_id":"unidad_vecinal:UV-108"},"geometry":{"type":"Polygon","coordinates":[[[-63.173986,-17.7674518],[-63.1730426,-17.7674518],[-63.1730426,-17.7665475],[-63.173986,-17.7665475],[-63.173986,-17.7674518]]]}},{"type":"Feature","id":"manzana:UV-108-019","properties":{"id":"manzana:UV-108-019","codigo":"UV-108-019","nombre":"","tipo":"manzana","version_capa":"samples-sinteticas","fuente":"sintético","distrito_id":"distrito_municipal:D02","unidad_vecinal_id":"unidad_vecinal:UV-108"},"geometry":{"type":"Polygon","coordinates":[[[-63.173986,-17.7663214],[-63.1730426,-17.7663214],[-63.1730426,-17.765417],[-63.173986,-17.765417],[-63.173986,-17.7663214]]]}},{"type":"Feature","id":"manzana:UV-108-020","properties":{"id":"manzana:UV-108-020","codigo":"UV-108-020","nombre":"","tipo":"manzana","version_capa":"samples-sinteticas","fuente":"sintético","distrito_id":"distrito_municipal:D02","unidad_vecinal_id":"unidad_vecinal:UV-108"},"geometry":{"type":"Polygon","coordinates":[[[-63.173986,-17.7651909],[-63.1730426,-17.7651909],[-63.1730426,-17.7642865],[-63.173986,-17.7642865],[-63.173986,-17.7651909]]]}},{"type":"Feature","id":"manzana:UV-108-021","properties":{"id":"manzana:UV-108-021","codigo":"UV-108-021","nombre":"","tipo":"manzana","version_capa":"samples-sinteticas","fuente":"sintético","distrito_id":"distrito_municipal:D02","unidad_vecinal_id":"unidad_vecinal:UV-108"},"geometry":{"type":"Polygon","coordinates":[[[-63.173986,-17.7640604],[-63.1730426,-17.7640604],[-63.1730426,-17.7631561],[-63.173986,-17.7631561],[-63.173986,-17.7640604]]]}},{"type":"Feature","id":"manzana:UV-108-022","properties":{"id":"manzana:UV-108-022","codigo":"UV-108-022","nombre":"","tipo":"manzana","version_capa":"samples-sinteticas","fuente":"sintético","distrito_id":"distrito_municipal:D02","unidad_vecinal_id":"unidad_vecinal:UV-108"},"geometry":{"type":"Polygon","coordinates":[[[-63.173986,-17.76293],[-63.1730426,-17.76293],[-63.1730426,-17.7620256],[-63.173986,-17.7620256],[-63.173986,-17.76293]]]}},{"type":"Feature","id":"manzana:UV-108-023","properties":{"id":"manzana:UV-108-023","codigo":"UV-108-023","nombre":"","tipo":"manzana","version_capa":"samples-sinteticas","fuente":"sintético","distrito_id":"distrito_municipal:D02","unidad_vecinal_id":"unidad_vecinal:UV-108"},"geometry":{"type":"Polygon","coordinates":[[[-63.173986,-17.7617995],[-63.1730426,-17.7617995],[-63.1730426,-17.7608951],[-63.173986,-17.7608951],[-63.173986,-17.7617995]]]}},{"type":"Feature","id":"manzana:UV-108-024","properties":{"id":"manzana:UV-108-024","codigo":"UV-108-024","nombre":"","tipo":"manzana","version_capa":"samples-sinteticas","fuente":"sintético","distrito_id":"distrito_municipal:D02","unidad_vecinal_id":"unidad_vecinal:UV-108"},"geometry":{"type":"Polygon","coordinates":[[[-63.173986,-17.7606691],[-63.1730426,-17.7606691],[-63.1730426,-17.7597647],[-63.173986,-17.7597647],[-63.173986,-17.7606691]]]}},{"type":"Feature","id":"manzana:UV-108-025","properties":{"id":"manzana:UV-108-025","codigo":"UV-108-025","nombre":"","tipo":"manzana","version_capa":"samples-sinteticas","fuente":"sintético","distrito_id":"distrito_municipal:D02","unidad_vecinal_id":"unidad_vecinal:UV-108"},"geometry":{"type":"Polygon","coordinates":[[[-63.1728068,-17.7731042],[-63.1718634,-17.7731042],[-63.1718634,-17.7721998],[-63.1728068,-17.7721998],[-63.1728068,-17.7731042]]]}},{"type":"Feature","id":"manzana:UV-108-026","properties":{"id":"manzana:UV-108-026","codigo":"UV-108-026","nombre":"","tipo":"manzana","version_capa":"samples-sinteticas","fuente":"sintético","distrito_id":"distrito_municipal:D02","unidad_vecinal_id":"unidad_vecinal:UV-108"},"geometry":{"type":"Polygon","coordinates":[[[-63.1728068,-17.7719737],[-63.1718634,-17.7719737],[-63.1718634,-17.7710693],[-63.1728068,-17.7710693],[-63.1728068,-17.7719737]]]}},{"type":"Feature","id":"manzana:UV-108-027","properties":{"id":"manzana:UV-108-027","codigo":"UV-108-027","nombre":"","tipo":"manzana","version_capa":"samples-sinteticas","fuente":"sintético","distrito_id":"distrito_municipal:D02","unidad_vecinal_id":"unidad_vecinal:UV-108"},"geometry":{"type":"Polygon","coordinates":[[[-63.1728068,-17.7708432],[-63.1718634,-17.7708432],[-63.1718634,-17.7699389],[-63.1728068,-17.7699389],[-63.1728068,-17.7708432]]]}},{"type":"Feature","id":"manzana:UV-108-028","properties":{"id":"manzana:UV-108-028","codigo":"UV-108-028","nombre":"","tipo":"manzana","version_capa":"samples-sinteticas","fuente":"sintético","distrito_id":"distrito_municipal:D02","unidad_vecinal_id":"unidad_vecinal:UV-108"},"geometry":{"type":"Polygon","coordinates":[[[-63.1728068,-17.7697128],[-63.1718634,-17.7697128],[-63.1718634,-17.7688084],[-63.1728068,-17.7688084],[-63.1728068,-17.7697128]]]}},{"type":"Feature","id":"manzana:UV-108-029","properties":{"id":"manzana:UV-108-029","codigo":"UV-108-029","nombre":"","tipo":"manzana","version_capa":"samples-sinteticas","fuente":"sintético","distrito_id":"distrito_municipal:D02","unidad_vecinal_id":"unidad_vecinal:UV-108"},"geometry":{"type":"Polygon","coordinates":[[[-63.1728068,-17.7685823],[-63.1718634,-17.7685823],[-63.1718634,-17.7676779],[-63.1728068,-17.7676779],[-63.1728068,-17.7685823]]]}},{"type":"Feature","id":"manzana:UV-108-030","properties":{"id":"manzana:UV-108-030","codigo":"UV-108-030","nombre":"","tipo":"manzana","version_capa":"samples-sinteticas","fuente":"sintético","distrito_id":"distrito_municipal:D02","unidad_vecinal_id":"unidad_vecinal:UV-108"},"geometry":{"type":"Polygon","coordinates":[[[-63.1728068,-17.7674518],[-63.1718634,-17.7674518],[-63.1718634,-17.7665475],[-63.1728068,-17.7665475],[-63.1728068,-17.7674518]]]}},{"type":"Feature","id":"manzana:UV-108-031","properties":{"id":"manzana:UV-108-031","codigo":"UV-108-031","nombre":"","tipo":"manzana","version_capa":"samples-sinteticas","fuente":"sintético","distrito_id":"distrito_municipal:D02","unidad_vecinal_id":"unidad_vecinal:UV-108"},"geometry":{"type":"Polygon","coordinates":[[[-63.1728068,-17.7663214],[-63.1718634,-17.7663214],[-63.1718634,-17.765417],[-63.1728068,-17.765417],[-63.1728068,-17.7663214]]]}},{"type":"Feature","id":"manzana:UV-108-032","properties":{"id":"manzana:UV-108-032","codigo":"UV-108-032","nombre":"","tipo":"manzana","version_capa":"samples-sinteticas","fuente":"sintético","distrito_id":"distrito_municipal:D02","unidad_vecinal_id":"unidad_vecinal:UV-108"},"geometry":{"type":"Polygon","coordinates":[[[-63.1728068,-17.7651909],[-63.1718634,-17.7651909],[-63.1718634,-17.7642865],[-63.1728068,-17.7642865],[-63.1728068,-17.7651909]]]}},{"type":"Feature","id":"manzana:UV-108-033","properties":{"id":"manzana:UV-108-033","codigo":"UV-108-033","nombre":"","tipo":"manzana","version_capa":"samples-sinteticas","fuente":"sintético","distrito_id":"distrito_municipal:D02","unidad_vecinal_id":"unidad_vecinal:UV-108"},"geometry":{"type":"Polygon","coordinates":[[[-63.1728068,-17.7640604],[-63.1718634,-17.7640604],[-63.1718634,-17.7631561],[-63.1728068,-17.7631561],[-63.1728068,-17.7640604]]]}},{"type":"Feature","id":"manzana:UV-108-034","properties":{"id":"manzana:UV-108-034","codigo":"UV-108-034","nombre":"","tipo":"manzana","version_capa":"samples-sinteticas","fuente":"sintético","distrito_id":"distrito_municipal:D02","unidad_vecinal_id":"unidad_vecinal:UV-108"},"geometry":{"type":"Polygon","coordinates":[[[-63.1728068,-17.76293],[-63.1718634,-17.76293],[-63.1718634,-17.7620256],[-63.1728068,-17.7620256],[-63.1728068,-17.76293]]]}},{"type":"Feature","id":"manzana:UV-108-035","properties":{"id":"manzana:UV-108-035","codigo":"UV-108-035","nombre":"","tipo":"manzana","version_capa":"samples-sinteticas","fuente":"sintético","distrito_id":"distrito_municipal:D02","unidad_vecinal_id":"unidad_vecinal:UV-108"},"geometry":{"type":"Polygon","coordinates":[[[-63.1728068,-17.7617995],[-63.1718634,-17.7617995],[-63.1718634,-17.7608951],[-63.1728068,-17.7608951],[-63.1728068,-17.7617995]]]}},{"type":"Feature","id":"manzana:UV-108-036","properties":{"id":"manzana:UV-108-036","codigo":"UV-108-036","nombre":"","tipo":"manzana","version_capa":"samples-sinteticas","fuente":"sintético","distrito_id":"distrito_municipal:D02","unidad_vecinal_id":"unidad_vecinal:UV-108"},"geometry":{"type":"Polygon","coordinates":[[[-63.1728068,-17.7606691],[-63.1718634,-17.7606691],[-63.1718634,-17.7597647],[-63.1728068,-17.7597647],[-63.1728068,-17.7606691]]]}},{"type":"Feature","id":"manzana:UV-108-037","properties":{"id":"manzana:UV-108-037","codigo":"UV-108-037","nombre":"","tipo":"manzana","version_capa":"samples-sinteticas","fuente":"sintético","distrito_id":"distrito_municipal:D02","unidad_vecinal_id":"unidad_vecinal:UV-108"},"geometry":{"type":"Polygon","coordinates":[[[-63.1716276,-17.7731042],[-63.1706842,-17.7731042],[-63.1706842,-17.7721998],[-63.1716276,-17.7721998],[-63.1716276,-17.7731042]]]}},{"type":"Feature","id":"manzana:UV-108-038","properties":{"id":"manzana:UV-108-038","codigo":"UV-108-038","nombre":"","tipo":"manzana","version_capa":"samples-sinteticas","fuente":"sintético","distrito_id":"distrito_municipal:D02","unidad_vecinal_id":"unidad_vecinal:UV-108"},"geometry":{"type":"Polygon","coordinates":[[[-63.1716276,-17.7719737],[-63.1706842,-17.7719737],[-63.1706842,-17.7710693],[-63.1716276,-17.7710693],[-63.1716276,-17.7719737]]]}},{"type":"Feature","id":"manzana:UV-108-039","properties":{"id":"manzana:UV-108-039","codigo":"UV-108-039","nombre":"","tipo":"manzana","version_capa":"samples-sinteticas","fuente":"sintético","distrito_id":"distrito_municipal:D02","unidad_vecinal_id":"unidad_vecinal:UV-108"},"geometry":{"type":"Polygon","coordinates":[[[-63.1716276,-17.7708432],[-63.1706842,-17.7708432],[-63.1706842,-17.7699389],[-63.1716276,-17.7699389],[-63.1716276,-17.7708432]]]}},{"type":"Feature","id":"manzana:UV-108-040","properties":{"id":"manzana:UV-108-040","codigo":"UV-108-040","nombre":"","tipo":"manzana","version_capa":"samples-sinteticas","fuente":"sintético","distrito_id":"distrito_municipal:D02","unidad_vecinal_id":"unidad_vecinal:UV-108"},"geometry":{"type":"Polygon","coordinates":[[[-63.1716276,-17.7697128],[-63.1706842,-17.7697128],[-63.1706842,-17.7688084],[-63.1716276,-17.7688084],[-63.1716276,-17.7697128]]]}},{"type":"Feature","id":"manzana:UV-108-041","properties":{"id":"manzana:UV-108-041","codigo":"UV-108-041","nombre":"","tipo":"manzana","version_capa":"samples-sinteticas","fuente":"sintético","distrito_id":"distrito_municipal:D02","unidad_vecinal_id":"unidad_vecinal:UV-108"},"geometry":{"type":"Polygon","coordinates":[[[-63.1716276,-17.7685823],[-63.1706842,-17.7685823],[-63.1706842,-17.7676779],[-63.1716276,-17.7676779],[-63.1716276,-17.7685823]]]}},{"type":"Feature","id":"manzana:UV-108-042","properties":{"id":"manzana:UV-108-042","codigo":"UV-108-042","nombre":"","tipo":"manzana","version_capa":"samples-sinteticas","fuente":"sintético","distrito_id":"distrito_municipal:D02","unidad_vecinal_id":"unidad_vecinal:UV-108"},"geometry":{"type":"Polygon","coordinates":[[[-63.1716276,-17.7674518],[-63.1706842,-17.7674518],[-63.1706842,-17.7665475],[-63.1716276,-17.7665475],[-63.1716276,-17.7674518]]]}},{"type":"Feature","id":"manzana:UV-108-043","properties":{"id":"manzana:UV-108-043","codigo":"UV-108-043","nombre":"","tipo":"manzana","version_capa":"samples-sinteticas","fuente":"sintético","distrito_id":"distrito_municipal:D02","unidad_vecinal_id":"unidad_vecinal:UV-108"},"geometry":{"type":"Polygon","coordinates":[[[-63.1716276,-17.7663214],[-63.1706842,-17.7663214],[-63.1706842,-17.765417],[-63.1716276,-17.765417],[-63.1716276,-17.7663214]]]}},{"type":"Feature","id":"manzana:UV-108-044","properties":{"id":"manzana:UV-108-044","codigo":"UV-108-044","nombre":"","tipo":"manzana","version_capa":"samples-sinteticas","fuente":"sintético","distrito_id":"distrito_municipal:D02","unidad_vecinal_id":"unidad_vecinal:UV-108"},"geometry":{"type":"Polygon","coordinates":[[[-63.1716276,-17.7651909],[-63.1706842,-17.7651909],[-63.1706842,-17.7642865],[-63.1716276,-17.7642865],[-63.1716276,-17.7651909]]]}},{"type":"Feature","id":"manzana:UV-108-045","properties":{"id":"manzana:UV-108-045","codigo":"UV-108-045","nombre":"","tipo":"manzana","version_capa":"samples-sinteticas","fuente":"sintético","distrito_id":"distrito_municipal:D02","unidad_vecinal_id":"unidad_vecinal:UV-108"},"geometry":{"type":"Polygon","coordinates":[[[-63.1716276,-17.7640604],[-63.1706842,-17.7640604],[-63.1706842,-17.7631561],[-63.1716276,-17.7631561],[-63.1716276,-17.7640604]]]}},{"type":"Feature","id":"manzana:UV-108-046","properties":{"id":"manzana:UV-108-046","codigo":"UV-108-046","nombre":"","tipo":"manzana","version_capa":"samples-sinteticas","fuente":"sintético","distrito_id":"distrito_municipal:D02","unidad_vecinal_id":"unidad_vecinal:UV-108"},"geometry":{"type":"Polygon","coordinates":[[[-63.1716276,-17.76293],[-63.1706842,-17.76293],[-63.1706842,-17.7620256],[-63.1716276,-17.7620256],[-63.1716276,-17.76293]]]}},{"type":"Feature","id":"manzana:UV-108-047","properties":{"id":"manzana:UV-108-047","codigo":"UV-108-047","nombre":"","tipo":"manzana","version_capa":"samples-sinteticas","fuente":"sintético","distrito_id":"distrito_municipal:D02","unidad_vecinal_id":"unidad_vecinal:UV-108"},"geometry":{"type":"Polygon","coordinates":[[[-63.1716276,-17.7617995],[-63.1706842,-17.7617995],[-63.1706842,-17.7608951],[-63.1716276,-17.7608951],[-63.1716276,-17.7617995]]]}},{"type":"Feature","id":"manzana:UV-108-048","properties":{"id":"manzana:UV-108-048","codigo":"UV-108-048","nombre":"","tipo":"manzana","version_capa":"samples-sinteticas","fuente":"sintético","distrito_id":"distrito_municipal:D02","unidad_vecinal_id":"unidad_vecinal:UV-108"},"geometry":{"type":"Polygon","coordinates":[[[-63.1716276,-17.7606691],[-63.1706842,-17.7606691],[-63.1706842,-17.7597647],[-63.1716276,-17.7597647],[-63.1716276,-17.7606691]]]}},{"type":"Feature","id":"manzana:UV-108-049","properties":{"id":"manzana:UV-108-049","codigo":"UV-108-049","nombre":"","tipo":"manzana","version_capa":"samples-sinteticas","fuente":"sintético","distrito_id":"distrito_municipal:D02","unidad_vecinal_id":"unidad_vecinal:UV-108"},"geometry":{"type":"Polygon","coordinates":[[[-63.1704484,-17.7731042],[-63.169505,-17.7731042],[-63.169505,-17.7721998],[-63.1704484,-17.7721998],[-63.1704484,-17.7731042]]]}},{"type":"Feature","id":"manzana:UV-108-050","properties":{"id":"manzana:UV-108-050","codigo":"UV-108-050","nombre":"","tipo":"manzana","version_capa":"samples-sinteticas","fuente":"sintético","distrito_id":"distrito_municipal:D02","unidad_vecinal_id":"unidad_vecinal:UV-108"},"geometry":{"type":"Polygon","coordinates":[[[-63.1704484,-17.7719737],[-63.169505,-17.7719737],[-63.169505,-17.7710693],[-63.1704484,-17.7710693],[-63.1704484,-17.7719737]]]}},{"type":"Feature","id":"manzana:UV-108-051","properties":{"id":"manzana:UV-108-051","codigo":"UV-108-051","nombre":"","tipo":"manzana","version_capa":"samples-sinteticas","fuente":"sintético","distrito_id":"distrito_municipal:D02","unidad_vecinal_id":"unidad_vecinal:UV-108"},"geometry":{"type":"Polygon","coordinates":[[[-63.1704484,-17.7708432],[-63.169505,-17.7708432],[-63.169505,-17.7699389],[-63.1704484,-17.7699389],[-63.1704484,-17.7708432]]]}},{"type":"Feature","id":"manzana:UV-108-052","properties":{"id":"manzana:UV-108-052","codigo":"UV-108-052","nombre":"","tipo":"manzana","version_capa":"samples-sinteticas","fuente":"sintético","distrito_id":"distrito_municipal:D02","unidad_vecinal_id":"unidad_vecinal:UV-108"},"geometry":{"type":"Polygon","coordinates":[[[-63.1704484,-17.7697128],[-63.169505,-17.7697128],[-63.169505,-17.7688084],[-63.1704484,-17.7688084],[-63.1704484,-17.7697128]]]}},{"type":"Feature","id":"manzana:UV-108-053","properties":{"id":"manzana:UV-108-053","codigo":"UV-108-053","nombre":"","tipo":"manzana","version_capa":"samples-sinteticas","fuente":"sintético","distrito_id":"distrito_municipal:D02","unidad_vecinal_id":"unidad_vecinal:UV-108"},"geometry":{"type":"Polygon","coordinates":[[[-63.1704484,-17.7685823],[-63.169505,-17.7685823],[-63.169505,-17.7676779],[-63.1704484,-17.7676779],[-63.1704484,-17.7685823]]]}},{"type":"Feature","id":"manzana:UV-108-054","properties":{"id":"manzana:UV-108-054","codigo":"UV-108-054","nombre":"","tipo":"manzana","version_capa":"samples-sinteticas","fuente":"sintético","distrito_id":"distrito_municipal:D02","unidad_vecinal_id":"unidad_vecinal:UV-108"},"geometry":{"type":"Polygon","coordinates":[[[-63.1704484,-17.7674518],[-63.169505,-17.7674518],[-63.169505,-17.7665475],[-63.1704484,-17.7665475],[-63.1704484,-17.7674518]]]}},{"type":"Feature","id":"manzana:UV-108-055","properties":{"id":"manzana:UV-108-055","codigo":"UV-108-055","nombre":"","tipo":"manzana","version_capa":"samples-sinteticas","fuente":"sintético","distrito_id":"distrito_municipal:D02","unidad_vecinal_id":"unidad_vecinal:UV-108"},"geometry":{"type":"Polygon","coordinates":[[[-63.1704484,-17.7663214],[-63.169505,-17.7663214],[-63.169505,-17.765417],[-63.1704484,-17.765417],[-63.1704484,-17.7663214]]]}},{"type":"Feature","id":"manzana:UV-108-056","properties":{"id":"manzana:UV-108-056","codigo":"UV-108-056","nombre":"","tipo":"manzana","version_capa":"samples-sinteticas","fuente":"sintético","distrito_id":"distrito_municipal:D02","unidad_vecinal_id":"unidad_vecinal:UV-108"},"geometry":{"type":"Polygon","coordinates":[[[-63.1704484,-17.7651909],[-63.169505,-17.7651909],[-63.169505,-17.7642865],[-63.1704484,-17.7642865],[-63.1704484,-17.7651909]]]}},{"type":"Feature","id":"manzana:UV-108-057","properties":{"id":"manzana:UV-108-057","codigo":"UV-108-057","nombre":"","tipo":"manzana","version_capa":"samples-sinteticas","fuente":"sintético","distrito_id":"distrito_municipal:D02","unidad_vecinal_id":"unidad_vecinal:UV-108"},"geometry":{"type":"Polygon","coordinates":[[[-63.1704484,-17.7640604],[-63.169505,-17.7640604],[-63.169505,-17.7631561],[-63.1704484,-17.7631561],[-63.1704484,-17.7640604]]]}},{"type":"Feature","id":"manzana:UV-108-058","properties":{"id":"manzana:UV-108-058","codigo":"UV-108-058","nombre":"","tipo":"manzana","version_capa":"samples-sinteticas","fuente":"sintético","distrito_id":"distrito_municipal:D02","unidad_vecinal_id":"unidad_vecinal:UV-108"},"geometry":{"type":"Polygon","coordinates":[[[-63.1704484,-17.76293],[-63.169505,-17.76293],[-63.169505,-17.7620256],[-63.1704484,-17.7620256],[-63.1704484,-17.76293]]]}},{"type":"Feature","id":"manzana:UV-108-059","properties":{"id":"manzana:UV-108-059","codigo":"UV-108-059","nombre":"","tipo":"manzana","version_capa":"samples-sinteticas","fuente":"sintético","distrito_id":"distrito_municipal:D02","unidad_vecinal_id":"unidad_vecinal:UV-108"},"geometry":{"type":"Polygon","coordinates":[[[-63.1704484,-17.7617995],[-63.169505,-17.7617995],[-63.169505,-17.7608951],[-63.1704484,-17.7608951],[-63.1704484,-17.7617995]]]}},{"type":"Feature","id":"manzana:UV-108-060","properties":{"id":"manzana:UV-108-060","codigo":"UV-108-060","nombre":"","tipo":"manzana","version_capa":"samples-sinteticas","fuente":"sintético","distrito_id":"distrito_municipal:D02","unidad_vecinal_id":"unidad_vecinal:UV-108"},"geometry":{"type":"Polygon","coordinates":[[[-63.1704484,-17.7606691],[-63.169505,-17.7606691],[-63.169505,-17.7597647],[-63.1704484,-17.7597647],[-63.1704484,-17.7606691]]]}},{"type":"Feature","id":"manzana:UV-108-061","properties":{"id":"manzana:UV-108-061","codigo":"UV-108-061","nombre":"","tipo":"manzana","version_capa":"samples-sinteticas","fuente":"sintético","distrito_id":"distrito_municipal:D02","unidad_vecinal_id":"unidad_vecinal:UV-108"},"geometry":{"type":"Polygon","coordinates":[[[-63.1692692,-17.7731042],[-63.1683258,-17.7731042],[-63.1683258,-17.7721998],[-63.1692692,-17.7721998],[-63.1692692,-17.7731042]]]}},{"type":"Feature","id":"manzana:UV-108-062","properties":{"id":"manzana:UV-108-062","codigo":"UV-108-062","nombre":"","tipo":"manzana","version_capa":"samples-sinteticas","fuente":"sintético","distrito_id":"distrito_municipal:D02","unidad_vecinal_id":"unidad_vecinal:UV-108"},"geometry":{"type":"Polygon","coordinates":[[[-63.1692692,-17.7719737],[-63.1683258,-17.7719737],[-63.1683258,-17.7710693],[-63.1692692,-17.7710693],[-63.1692692,-17.7719737]]]}},{"type":"Feature","id":"manzana:UV-108-063","properties":{"id":"manzana:UV-108-063","codigo":"UV-108-063","nombre":"","tipo":"manzana","version_capa":"samples-sinteticas","fuente":"sintético","distrito_id":"distrito_municipal:D02","unidad_vecinal_id":"unidad_vecinal:UV-108"},"geometry":{"type":"Polygon","coordinates":[[[-63.1692692,-17.7708432],[-63.1683258,-17.7708432],[-63.1683258,-17.7699389],[-63.1692692,-17.7699389],[-63.1692692,-17.7708432]]]}},{"type":"Feature","id":"manzana:UV-108-064","properties":{"id":"manzana:UV-108-064","codigo":"UV-108-064","nombre":"","tipo":"manzana","version_capa":"samples-sinteticas","fuente":"sintético","distrito_id":"distrito_municipal:D02","unidad_vecinal_id":"unidad_vecinal:UV-108"},"geometry":{"type":"Polygon","coordinates":[[[-63.1692692,-17.7697128],[-63.1683258,-17.7697128],[-63.1683258,-17.7688084],[-63.1692692,-17.7688084],[-63.1692692,-17.7697128]]]}},{"type":"Feature","id":"manzana:UV-108-065","properties":{"id":"manzana:UV-108-065","codigo":"UV-108-065","nombre":"","tipo":"manzana","version_capa":"samples-sinteticas","fuente":"sintético","distrito_id":"distrito_municipal:D02","unidad_vecinal_id":"unidad_vecinal:UV-108"},"geometry":{"type":"Polygon","coordinates":[[[-63.1692692,-17.7685823],[-63.1683258,-17.7685823],[-63.1683258,-17.7676779],[-63.1692692,-17.7676779],[-63.1692692,-17.7685823]]]}},{"type":"Feature","id":"manzana:UV-108-066","properties":{"id":"manzana:UV-108-066","codigo":"UV-108-066","nombre":"","tipo":"manzana","version_capa":"samples-sinteticas","fuente":"sintético","distrito_id":"distrito_municipal:D02","unidad_vecinal_id":"unidad_vecinal:UV-108"},"geometry":{"type":"Polygon","coordinates":[[[-63.1692692,-17.7674518],[-63.1683258,-17.7674518],[-63.1683258,-17.7665475],[-63.1692692,-17.7665475],[-63.1692692,-17.7674518]]]}},{"type":"Feature","id":"manzana:UV-108-067","properties":{"id":"manzana:UV-108-067","codigo":"UV-108-067","nombre":"","tipo":"manzana","version_capa":"samples-sinteticas","fuente":"sintético","distrito_id":"distrito_municipal:D02","unidad_vecinal_id":"unidad_vecinal:UV-108"},"geometry":{"type":"Polygon","coordinates":[[[-63.1692692,-17.7663214],[-63.1683258,-17.7663214],[-63.1683258,-17.765417],[-63.1692692,-17.765417],[-63.1692692,-17.7663214]]]}},{"type":"Feature","id":"manzana:UV-108-068","properties":{"id":"manzana:UV-108-068","codigo":"UV-108-068","nombre":"","tipo":"manzana","version_capa":"samples-sinteticas","fuente":"sintético","distrito_id":"distrito_municipal:D02","unidad_vecinal_id":"unidad_vecinal:UV-108"},"geometry":{"type":"Polygon","coordinates":[[[-63.1692692,-17.7651909],[-63.1683258,-17.7651909],[-63.1683258,-17.7642865],[-63.1692692,-17.7642865],[-63.1692692,-17.7651909]]]}},{"type":"Feature","id":"manzana:UV-108-069","properties":{"id":"manzana:UV-108-069","codigo":"UV-108-069","nombre":"","tipo":"manzana","version_capa":"samples-sinteticas","fuente":"sintético","distrito_id":"distrito_municipal:D02","unidad_vecinal_id":"unidad_vecinal:UV-108"},"geometry":{"type":"Polygon","coordinates":[[[-63.1692692,-17.7640604],[-63.1683258,-17.7640604],[-63.1683258,-17.7631561],[-63.1692692,-17.7631561],[-63.1692692,-17.7640604]]]}},{"type":"Feature","id":"manzana:UV-108-070","properties":{"id":"manzana:UV-108-070","codigo":"UV-108-070","nombre":"","tipo":"manzana","version_capa":"samples-sinteticas","fuente":"sintético","distrito_id":"distrito_municipal:D02","unidad_vecinal_id":"unidad_vecinal:UV-108"},"geometry":{"type":"Polygon","coordinates":[[[-63.1692692,-17.76293],[-63.1683258,-17.76293],[-63.1683258,-17.7620256],[-63.1692692,-17.7620256],[-63.1692692,-17.76293]]]}},{"type":"Feature","id":"manzana:UV-108-071","properties":{"id":"manzana:UV-108-071","codigo":"UV-108-071","nombre":"","tipo":"manzana","version_capa":"samples-sinteticas","fuente":"sintético","distrito_id":"distrito_municipal:D02","unidad_vecinal_id":"unidad_vecinal:UV-108"},"geometry":{"type":"Polygon","coordinates":[[[-63.1692692,-17.7617995],[-63.1683258,-17.7617995],[-63.1683258,-17.7608951],[-63.1692692,-17.7608951],[-63.1692692,-17.7617995]]]}},{"type":"Feature","id":"manzana:UV-108-072","properties":{"id":"manzana:UV-108-072","codigo":"UV-108-072","nombre":"","tipo":"manzana","version_capa":"samples-sinteticas","fuente":"sintético","distrito_id":"distrito_municipal:D02","unidad_vecinal_id":"unidad_vecinal:UV-108"},"geometry":{"type":"Polygon","coordinates":[[[-63.1692692,-17.7606691],[-63.1683258,-17.7606691],[-63.1683258,-17.7597647],[-63.1692692,-17.7597647],[-63.1692692,-17.7606691]]]}},{"type":"Feature","id":"manzana:UV-108-073","properties":{"id":"manzana:UV-108-073","codigo":"UV-108-073","nombre":"","tipo":"manzana","version_capa":"samples-sinteticas","fuente":"sintético","distrito_id":"distrito_municipal:D02","unidad_vecinal_id":"unidad_vecinal:UV-108"},"geometry":{"type":"Polygon","coordinates":[[[-63.16809,-17.7731042],[-63.1671466,-17.7731042],[-63.1671466,-17.7721998],[-63.16809,-17.7721998],[-63.16809,-17.7731042]]]}},{"type":"Feature","id":"manzana:UV-108-074","properties":{"id":"manzana:UV-108-074","codigo":"UV-108-074","nombre":"","tipo":"manzana","version_capa":"samples-sinteticas","fuente":"sintético","distrito_id":"distrito_municipal:D02","unidad_vecinal_id":"unidad_vecinal:UV-108"},"geometry":{"type":"Polygon","coordinates":[[[-63.16809,-17.7719737],[-63.1671466,-17.7719737],[-63.1671466,-17.7710693],[-63.16809,-17.7710693],[-63.16809,-17.7719737]]]}},{"type":"Feature","id":"manzana:UV-108-075","properties":{"id":"manzana:UV-108-075","codigo":"UV-108-075","nombre":"","tipo":"manzana","version_capa":"samples-sinteticas","fuente":"sintético","distrito_id":"distrito_municipal:D02","unidad_vecinal_id":"unidad_vecinal:UV-108"},"geometry":{"type":"Polygon","coordinates":[[[-63.16809,-17.7708432],[-63.1671466,-17.7708432],[-63.1671466,-17.7699389],[-63.16809,-17.7699389],[-63.16809,-17.7708432]]]}},{"type":"Feature","id":"manzana:UV-108-076","properties":{"id":"manzana:UV-108-076","codigo":"UV-108-076","nombre":"","tipo":"manzana","version_capa":"samples-sinteticas","fuente":"sintético","distrito_id":"distrito_municipal:D02","unidad_vecinal_id":"unidad_vecinal:UV-108"},"geometry":{"type":"Polygon","coordinates":[[[-63.16809,-17.7697128],[-63.1671466,-17.7697128],[-63.1671466,-17.7688084],[-63.16809,-17.7688084],[-63.16809,-17.7697128]]]}},{"type":"Feature","id":"manzana:UV-108-077","properties":{"id":"manzana:UV-108-077","codigo":"UV-108-077","nombre":"","tipo":"manzana","version_capa":"samples-sinteticas","fuente":"sintético","distrito_id":"distrito_municipal:D02","unidad_vecinal_id":"unidad_vecinal:UV-108"},"geometry":{"type":"Polygon","coordinates":[[[-63.16809,-17.7685823],[-63.1671466,-17.7685823],[-63.1671466,-17.7676779],[-63.16809,-17.7676779],[-63.16809,-17.7685823]]]}},{"type":"Feature","id":"manzana:UV-108-078","properties":{"id":"manzana:UV-108-078","codigo":"UV-108-078","nombre":"","tipo":"manzana","version_capa":"samples-sinteticas","fuente":"sintético","distrito_id":"distrito_municipal:D02","unidad_vecinal_id":"unidad_vecinal:UV-108"},"geometry":{"type":"Polygon","coordinates":[[[-63.16809,-17.7674518],[-63.1671466,-17.7674518],[-63.1671466,-17.7665475],[-63.16809,-17.7665475],[-63.16809,-17.7674518]]]}},{"type":"Feature","id":"manzana:UV-108-079","properties":{"id":"manzana:UV-108-079","codigo":"UV-108-079","nombre":"","tipo":"manzana","version_capa":"samples-sinteticas","fuente":"sintético","distrito_id":"distrito_municipal:D02","unidad_vecinal_id":"unidad_vecinal:UV-108"},"geometry":{"type":"Polygon","coordinates":[[[-63.16809,-17.7663214],[-63.1671466,-17.7663214],[-63.1671466,-17.765417],[-63.16809,-17.765417],[-63.16809,-17.7663214]]]}},{"type":"Feature","id":"manzana:UV-108-080","properties":{"id":"manzana:UV-108-080","codigo":"UV-108-080","nombre":"","tipo":"manzana","version_capa":"samples-sinteticas","fuente":"sintético","distrito_id":"distrito_municipal:D02","unidad_vecinal_id":"unidad_vecinal:UV-108"},"geometry":{"type":"Polygon","coordinates":[[[-63.16809,-17.7651909],[-63.1671466,-17.7651909],[-63.1671466,-17.7642865],[-63.16809,-17.7642865],[-63.16809,-17.7651909]]]}},{"type":"Feature","id":"manzana:UV-108-081","properties":{"id":"manzana:UV-108-081","codigo":"UV-108-081","nombre":"","tipo":"manzana","version_capa":"samples-sinteticas","fuente":"sintético","distrito_id":"distrito_municipal:D02","unidad_vecinal_id":"unidad_vecinal:UV-108"},"geometry":{"type":"Polygon","coordinates":[[[-63.16809,-17.7640604],[-63.1671466,-17.7640604],[-63.1671466,-17.7631561],[-63.16809,-17.7631561],[-63.16809,-17.7640604]]]}},{"type":"Feature","id":"manzana:UV-108-082","properties":{"id":"manzana:UV-108-082","codigo":"UV-108-082","nombre":"","tipo":"manzana","version_capa":"samples-sinteticas","fuente":"sintético","distrito_id":"distrito_municipal:D02","unidad_vecinal_id":"unidad_vecinal:UV-108"},"geometry":{"type":"Polygon","coordinates":[[[-63.16809,-17.76293],[-63.1671466,-17.76293],[-63.1671466,-17.7620256],[-63.16809,-17.7620256],[-63.16809,-17.76293]]]}},{"type":"Feature","id":"manzana:UV-108-083","properties":{"id":"manzana:UV-108-083","codigo":"UV-108-083","nombre":"","tipo":"manzana","version_capa":"samples-sinteticas","fuente":"sintético","distrito_id":"distrito_municipal:D02","unidad_vecinal_id":"unidad_vecinal:UV-108"},"geometry":{"type":"Polygon","coordinates":[[[-63.16809,-17.7617995],[-63.1671466,-17.7617995],[-63.1671466,-17.7608951],[-63.16809,-17.7608951],[-63.16809,-17.7617995]]]}},{"type":"Feature","id":"manzana:UV-108-084","properties":{"id":"manzana:UV-108-084","codigo":"UV-108-084","nombre":"","tipo":"manzana","version_capa":"samples-sinteticas","fuente":"sintético","distrito_id":"distrito_municipal:D02","unidad_vecinal_id":"unidad_vecinal:UV-108"},"geometry":{"type":"Polygon","coordinates":[[[-63.16809,-17.7606691],[-63.1671466,-17.7606691],[-63.1671466,-17.7597647],[-63.16809,-17.7597647],[-63.16809,-17.7606691]]]}},{"type":"Feature","id":"manzana:UV-108-085","properties":{"id":"manzana:UV-108-085","codigo":"UV-108-085","nombre":"","tipo":"manzana","version_capa":"samples-sinteticas","fuente":"sintético","distrito_id":"distrito_municipal:D02","unidad_vecinal_id":"unidad_vecinal:UV-108"},"geometry":{"type":"Polygon","coordinates":[[[-63.1669107,-17.7731042],[-63.1659674,-17.7731042],[-63.1659674,-17.7721998],[-63.1669107,-17.7721998],[-63.1669107,-17.7731042]]]}},{"type":"Feature","id":"manzana:UV-108-086","properties":{"id":"manzana:UV-108-086","codigo":"UV-108-086","nombre":"","tipo":"manzana","version_capa":"samples-sinteticas","fuente":"sintético","distrito_id":"distrito_municipal:D02","unidad_vecinal_id":"unidad_vecinal:UV-108"},"geometry":{"type":"Polygon","coordinates":[[[-63.1669107,-17.7719737],[-63.1659674,-17.7719737],[-63.1659674,-17.7710693],[-63.1669107,-17.7710693],[-63.1669107,-17.7719737]]]}},{"type":"Feature","id":"manzana:UV-108-087","properties":{"id":"manzana:UV-108-087","codigo":"UV-108-087","nombre":"","tipo":"manzana","version_capa":"samples-sinteticas","fuente":"sintético","distrito_id":"distrito_municipal:D02","unidad_vecinal_id":"unidad_vecinal:UV-108"},"geometry":{"type":"Polygon","coordinates":[[[-63.1669107,-17.7708432],[-63.1659674,-17.7708432],[-63.1659674,-17.7699389],[-63.1669107,-17.7699389],[-63.1669107,-17.7708432]]]}},{"type":"Feature","id":"manzana:UV-108-088","properties":{"id":"manzana:UV-108-088","codigo":"UV-108-088","nombre":"","tipo":"manzana","version_capa":"samples-sinteticas","fuente":"sintético","distrito_id":"distrito_municipal:D02","unidad_vecinal_id":"unidad_vecinal:UV-108"},"geometry":{"type":"Polygon","coordinates":[[[-63.1669107,-17.7697128],[-63.1659674,-17.7697128],[-63.1659674,-17.7688084],[-63.1669107,-17.7688084],[-63.1669107,-17.7697128]]]}},{"type":"Feature","id":"manzana:UV-108-089","properties":{"id":"manzana:UV-108-089","codigo":"UV-108-089","nombre":"","tipo":"manzana","version_capa":"samples-sinteticas","fuente":"sintético","distrito_id":"distrito_municipal:D02","unidad_vecinal_id":"unidad_vecinal:UV-108"},"geometry":{"type":"Polygon","coordinates":[[[-63.1669107,-17.7685823],[-63.1659674,-17.7685823],[-63.1659674,-17.7676779],[-63.1669107,-17.7676779],[-63.1669107,-17.7685823]]]}},{"type":"Feature","id":"manzana:UV-108-090","properties":{"id":"manzana:UV-108-090","codigo":"UV-108-090","nombre":"","tipo":"manzana","version_capa":"samples-sinteticas","fuente":"sintético","distrito_id":"distrito_municipal:D02","unidad_vecinal_id":"unidad_vecinal:UV-108"},"geometry":{"type":"Polygon","coordinates":[[[-63.1669107,-17.7674518],[-63.1659674,-17.7674518],[-63.1659674,-17.7665475],[-63.1669107,-17.7665475],[-63.1669107,-17.7674518]]]}},{"type":"Feature","id":"manzana:UV-108-091","properties":{"id":"manzana:UV-108-091","codigo":"UV-108-091","nombre":"","tipo":"manzana","version_capa":"samples-sinteticas","fuente":"sintético","distrito_id":"distrito_municipal:D02","unidad_vecinal_id":"unidad_vecinal:UV-108"},"geometry":{"type":"Polygon","coordinates":[[[-63.1669107,-17.7663214],[-63.1659674,-17.7663214],[-63.1659674,-17.765417],[-63.1669107,-17.765417],[-63.1669107,-17.7663214]]]}},{"type":"Feature","id":"manzana:UV-108-092","properties":{"id":"manzana:UV-108-092","codigo":"UV-108-092","nombre":"","tipo":"manzana","version_capa":"samples-sinteticas","fuente":"sintético","distrito_id":"distrito_municipal:D02","unidad_vecinal_id":"unidad_vecinal:UV-108"},"geometry":{"type":"Polygon","coordinates":[[[-63.1669107,-17.7651909],[-63.1659674,-17.7651909],[-63.1659674,-17.7642865],[-63.1669107,-17.7642865],[-63.1669107,-17.7651909]]]}},{"type":"Feature","id":"manzana:UV-108-093","properties":{"id":"manzana:UV-108-093","codigo":"UV-108-093","nombre":"","tipo":"manzana","version_capa":"samples-sinteticas","fuente":"sintético","distrito_id":"distrito_municipal:D02","unidad_vecinal_id":"unidad_vecinal:UV-108"},"geometry":{"type":"Polygon","coordinates":[[[-63.1669107,-17.7640604],[-63.1659674,-17.7640604],[-63.1659674,-17.7631561],[-63.1669107,-17.7631561],[-63.1669107,-17.7640604]]]}},{"type":"Feature","id":"manzana:UV-108-094","properties":{"id":"manzana:UV-108-094","codigo":"UV-108-094","nombre":"","tipo":"manzana","version_capa":"samples-sinteticas","fuente":"sintético","distrito_id":"distrito_municipal:D02","unidad_vecinal_id":"unidad_vecinal:UV-108"},"geometry":{"type":"Polygon","coordinates":[[[-63.1669107,-17.76293],[-63.1659674,-17.76293],[-63.1659674,-17.7620256],[-63.1669107,-17.7620256],[-63.1669107,-17.76293]]]}},{"type":"Feature","id":"manzana:UV-108-095","properties":{"id":"manzana:UV-108-095","codigo":"UV-108-095","nombre":"","tipo":"manzana","version_capa":"samples-sinteticas","fuente":"sintético","distrito_id":"distrito_municipal:D02","unidad_vecinal_id":"unidad_vecinal:UV-108"},"geometry":{"type":"Polygon","coordinates":[[[-63.1669107,-17.7617995],[-63.1659674,-17.7617995],[-63.1659674,-17.7608951],[-63.1669107,-17.7608951],[-63.1669107,-17.7617995]]]}},{"type":"Feature","id":"manzana:UV-108-096","properties":{"id":"manzana:UV-108-096","codigo":"UV-108-096","nombre":"","tipo":"manzana","version_capa":"samples-sinteticas","fuente":"sintético","distrito_id":"distrito_municipal:D02","unidad_vecinal_id":"unidad_vecinal:UV-108"},"geometry":{"type":"Polygon","coordinates":[[[-63.1669107,-17.7606691],[-63.1659674,-17.7606691],[-63.1659674,-17.7597647],[-63.1669107,-17.7597647],[-63.1669107,-17.7606691]]]}},{"type":"Feature","id":"manzana:UV-109-001","properties":{"id":"manzana:UV-109-001","codigo":"UV-109-001","nombre":"","tipo":"manzana","version_capa":"samples-sinteticas","fuente":"sintético","distrito_id":"distrito_municipal:D03","unidad_vecinal_id":"unidad_vecinal:UV-109"},"geometry":{"type":"Polygon","coordinates":[[[-63.1657315,-17.7866697],[-63.1647882,-17.7866697],[-63.1647882,-17.7857654],[-63.1657315,-17.7857654],[-63.1657315,-17.7866697]]]}},{"type":"Feature","id":"manzana:UV-109-002","properties":{"id":"manzana:UV-109-002","codigo":"UV-109-002","nombre":"","tipo":"manzana","version_capa":"samples-sinteticas","fuente":"sintético","distrito_id":"distrito_municipal:D03","unidad_vecinal_id":"unidad_vecinal:UV-109"},"geometry":{"type":"Polygon","coordinates":[[[-63.1657315,-17.7855393],[-63.1647882,-17.7855393],[-63.1647882,-17.7846349],[-63.1657315,-17.7846349],[-63.1657315,-17.7855393]]]}},{"type":"Feature","id":"manzana:UV-109-003","properties":{"id":"manzana:UV-109-003","codigo":"UV-109-003","nombre":"","tipo":"manzana","version_capa":"samples-sinteticas","fuente":"sintético","distrito_id":"distrito_municipal:D03","unidad_vecinal_id":"unidad_vecinal:UV-109"},"geometry":{"type":"Polygon","coordinates":[[[-63.1657315,-17.7844088],[-63.1647882,-17.7844088],[-63.1647882,-17.7835044],[-63.1657315,-17.7835044],[-63.1657315,-17.7844088]]]}},{"type":"Feature","id":"manzana:UV-109-004","properties":{"id":"manzana:UV-109-004","codigo":"UV-109-004","nombre":"","tipo":"manzana","version_capa":"samples-sinteticas","fuente":"sintético","distrito_id":"distrito_municipal:D03","unidad_vecinal_id":"unidad_vecinal:UV-109"},"geometry":{"type":"Polygon","coordinates":[[[-63.1657315,-17.7832783],[-63.1647882,-17.7832783],[-63.1647882,-17.782374],[-63.1657315,-17.782374],[-63.1657315,-17.7832783]]]}},{"type":"Feature","id":"manzana:UV-109-005","properties":{"id":"manzana:UV-109-005","codigo":"UV-109-005","nombre":"","tipo":"manzana","version_capa":"samples-sinteticas","fuente":"sintético","distrito_id":"distrito_municipal:D03","unidad_vecinal_id":"unidad_vecinal:UV-109"},"geometry":{"type":"Polygon","coordinates":[[[-63.1657315,-17.7821479],[-63.1647882,-17.7821479],[-63.1647882,-17.7812435],[-63.1657315,-17.7812435],[-63.1657315,-17.7821479]]]}},{"type":"Feature","id":"manzana:UV-109-006","properties":{"id":"manzana:UV-109-006","codigo":"UV-109-006","nombre":"","tipo":"manzana","version_capa":"samples-sinteticas","fuente":"sintético","distrito_id":"distrito_municipal:D03","unidad_vecinal_id":"unidad_vecinal:UV-109"},"geometry":{"type":"Polygon","coordinates":[[[-63.1657315,-17.7810174],[-63.1647882,-17.7810174],[-63.1647882,-17.780113],[-63.1657315,-17.780113],[-63.1657315,-17.7810174]]]}},{"type":"Feature","id":"manzana:UV-109-007","properties":{"id":"manzana:UV-109-007","codigo":"UV-109-007","nombre":"","tipo":"manzana","version_capa":"samples-sinteticas","fuente":"sintético","distrito_id":"distrito_municipal:D03","unidad_vecinal_id":"unidad_vecinal:UV-109"},"geometry":{"type":"Polygon","coordinates":[[[-63.1657315,-17.779887],[-63.1647882,-17.779887],[-63.1647882,-17.7789826],[-63.1657315,-17.7789826],[-63.1657315,-17.779887]]]}},{"type":"Feature","id":"manzana:UV-109-008","properties":{"id":"manzana:UV-109-008","codigo":"UV-109-008","nombre":"","tipo":"manzana","version_capa":"samples-sinteticas","fuente":"sintético","distrito_id":"distrito_municipal:D03","unidad_vecinal_id":"unidad_vecinal:UV-109"},"geometry":{"type":"Polygon","coordinates":[[[-63.1657315,-17.7787565],[-63.1647882,-17.7787565],[-63.1647882,-17.7778521],[-63.1657315,-17.7778521],[-63.1657315,-17.7787565]]]}},{"type":"Feature","id":"manzana:UV-109-009","properties":{"id":"manzana:UV-109-009","codigo":"UV-109-009","nombre":"","tipo":"manzana","version_capa":"samples-sinteticas","fuente":"sintético","distrito_id":"distrito_municipal:D03","unidad_vecinal_id":"unidad_vecinal:UV-109"},"geometry":{"type":"Polygon","coordinates":[[[-63.1657315,-17.777626],[-63.1647882,-17.777626],[-63.1647882,-17.7767217],[-63.1657315,-17.7767217],[-63.1657315,-17.777626]]]}},{"type":"Feature","id":"manzana:UV-109-010","properties":{"id":"manzana:UV-109-010","codigo":"UV-109-010","nombre":"","tipo":"manzana","version_capa":"samples-sinteticas","fuente":"sintético","distrito_id":"distrito_municipal:D03","unidad_vecinal_id":"unidad_vecinal:UV-109"},"geometry":{"type":"Polygon","coordinates":[[[-63.1657315,-17.7764956],[-63.1647882,-17.7764956],[-63.1647882,-17.7755912],[-63.1657315,-17.7755912],[-63.1657315,-17.7764956]]]}},{"type":"Feature","id":"manzana:UV-109-011","properties":{"id":"manzana:UV-109-011","codigo":"UV-109-011","nombre":"","tipo":"manzana","version_capa":"samples-sinteticas","fuente":"sintético","distrito_id":"distrito_municipal:D03","unidad_vecinal_id":"unidad_vecinal:UV-109"},"geometry":{"type":"Polygon","coordinates":[[[-63.1657315,-17.7753651],[-63.1647882,-17.7753651],[-63.1647882,-17.7744607],[-63.1657315,-17.7744607],[-63.1657315,-17.7753651]]]}},{"type":"Feature","id":"manzana:UV-109-012","properties":{"id":"manzana:UV-109-012","codigo":"UV-109-012","nombre":"","tipo":"manzana","version_capa":"samples-sinteticas","fuente":"sintético","distrito_id":"distrito_municipal:D03","unidad_vecinal_id":"unidad_vecinal:UV-109"},"geometry":{"type":"Polygon","coordinates":[[[-63.1657315,-17.7742346],[-63.1647882,-17.7742346],[-63.1647882,-17.7733303],[-63.1657315,-17.7733303],[-63.1657315,-17.7742346]]]}},{"type":"Feature","id":"manzana:UV-109-013","properties":{"id":"manzana:UV-109-013","codigo":"UV-109-013","nombre":"","tipo":"manzana","version_capa":"samples-sinteticas","fuente":"sintético","distrito_id":"distrito_municipal:D03","unidad_vecinal_id":"unidad_vecinal:UV-109"},"geometry":{"type":"Polygon","coordinates":[[[-63.1645523,-17.7866697],[-63.1636089,-17.7866697],[-63.1636089,-17.7857654],[-63.1645523,-17.7857654],[-63.1645523,-17.7866697]]]}},{"type":"Feature","id":"manzana:UV-109-014","properties":{"id":"manzana:UV-109-014","codigo":"UV-109-014","nombre":"","tipo":"manzana","version_capa":"samples-sinteticas","fuente":"sintético","distrito_id":"distrito_municipal:D03","unidad_vecinal_id":"unidad_vecinal:UV-109"},"geometry":{"type":"Polygon","coordinates":[[[-63.1645523,-17.7855393],[-63.1636089,-17.7855393],[-63.1636089,-17.7846349],[-63.1645523,-17.7846349],[-63.1645523,-17.7855393]]]}},{"type":"Feature","id":"manzana:UV-109-015","properties":{"id":"manzana:UV-109-015","codigo":"UV-109-015","nombre":"","tipo":"manzana","version_capa":"samples-sinteticas","fuente":"sintético","distrito_id":"distrito_municipal:D03","unidad_vecinal_id":"unidad_vecinal:UV-109"},"geometry":{"type":"Polygon","coordinates":[[[-63.1645523,-17.7844088],[-63.1636089,-17.7844088],[-63.1636089,-17.7835044],[-63.1645523,-17.7835044],[-63.1645523,-17.7844088]]]}},{"type":"Feature","id":"manzana:UV-109-016","properties":{"id":"manzana:UV-109-016","codigo":"UV-109-016","nombre":"","tipo":"manzana","version_capa":"samples-sinteticas","fuente":"sintético","distrito_id":"distrito_municipal:D03","unidad_vecinal_id":"unidad_vecinal:UV-109"},"geometry":{"type":"Polygon","coordinates":[[[-63.1645523,-17.7832783],[-63.1636089,-17.7832783],[-63.1636089,-17.782374],[-63.1645523,-17.782374],[-63.1645523,-17.7832783]]]}},{"type":"Feature","id":"manzana:UV-109-017","properties":{"id":"manzana:UV-109-017","codigo":"UV-109-017","nombre":"","tipo":"manzana","version_capa":"samples-sinteticas","fuente":"sintético","distrito_id":"distrito_municipal:D03","unidad_vecinal_id":"unidad_vecinal:UV-109"},"geometry":{"type":"Polygon","coordinates":[[[-63.1645523,-17.7821479],[-63.1636089,-17.7821479],[-63.1636089,-17.7812435],[-63.1645523,-17.7812435],[-63.1645523,-17.7821479]]]}},{"type":"Feature","id":"manzana:UV-109-018","properties":{"id":"manzana:UV-109-018","codigo":"UV-109-018","nombre":"","tipo":"manzana","version_capa":"samples-sinteticas","fuente":"sintético","distrito_id":"distrito_municipal:D03","unidad_vecinal_id":"unidad_vecinal:UV-109"},"geometry":{"type":"Polygon","coordinates":[[[-63.1645523,-17.7810174],[-63.1636089,-17.7810174],[-63.1636089,-17.780113],[-63.1645523,-17.780113],[-63.1645523,-17.7810174]]]}},{"type":"Feature","id":"manzana:UV-109-019","properties":{"id":"manzana:UV-109-019","codigo":"UV-109-019","nombre":"","tipo":"manzana","version_capa":"samples-sinteticas","fuente":"sintético","distrito_id":"distrito_municipal:D03","unidad_vecinal_id":"unidad_vecinal:UV-109"},"geometry":{"type":"Polygon","coordinates":[[[-63.1645523,-17.779887],[-63.1636089,-17.779887],[-63.1636089,-17.7789826],[-63.1645523,-17.7789826],[-63.1645523,-17.779887]]]}},{"type":"Feature","id":"manzana:UV-109-020","properties":{"id":"manzana:UV-109-020","codigo":"UV-109-020","nombre":"","tipo":"manzana","version_capa":"samples-sinteticas","fuente":"sintético","distrito_id":"distrito_municipal:D03","unidad_vecinal_id":"unidad_vecinal:UV-109"},"geometry":{"type":"Polygon","coordinates":[[[-63.1645523,-17.7787565],[-63.1636089,-17.7787565],[-63.1636089,-17.7778521],[-63.1645523,-17.7778521],[-63.1645523,-17.7787565]]]}},{"type":"Feature","id":"manzana:UV-109-021","properties":{"id":"manzana:UV-109-021","codigo":"UV-109-021","nombre":"","tipo":"manzana","version_capa":"samples-sinteticas","fuente":"sintético","distrito_id":"distrito_municipal:D03","unidad_vecinal_id":"unidad_vecinal:UV-109"},"geometry":{"type":"Polygon","coordinates":[[[-63.1645523,-17.777626],[-63.1636089,-17.777626],[-63.1636089,-17.7767217],[-63.1645523,-17.7767217],[-63.1645523,-17.777626]]]}},{"type":"Feature","id":"manzana:UV-109-022","properties":{"id":"manzana:UV-109-022","codigo":"UV-109-022","nombre":"","tipo":"manzana","version_capa":"samples-sinteticas","fuente":"sintético","distrito_id":"distrito_municipal:D03","unidad_vecinal_id":"unidad_vecinal:UV-109"},"geometry":{"type":"Polygon","coordinates":[[[-63.1645523,-17.7764956],[-63.1636089,-17.7764956],[-63.1636089,-17.7755912],[-63.1645523,-17.7755912],[-63.1645523,-17.7764956]]]}},{"type":"Feature","id":"manzana:UV-109-023","properties":{"id":"manzana:UV-109-023","codigo":"UV-109-023","nombre":"","tipo":"manzana","version_capa":"samples-sinteticas","fuente":"sintético","distrito_id":"distrito_municipal:D03","unidad_vecinal_id":"unidad_vecinal:UV-109"},"geometry":{"type":"Polygon","coordinates":[[[-63.1645523,-17.7753651],[-63.1636089,-17.7753651],[-63.1636089,-17.7744607],[-63.1645523,-17.7744607],[-63.1645523,-17.7753651]]]}},{"type":"Feature","id":"manzana:UV-109-024","properties":{"id":"manzana:UV-109-024","codigo":"UV-109-024","nombre":"","tipo":"manzana","version_capa":"samples-sinteticas","fuente":"sintético","distrito_id":"distrito_municipal:D03","unidad_vecinal_id":"unidad_vecinal:UV-109"},"geometry":{"type":"Polygon","coordinates":[[[-63.1645523,-17.7742346],[-63.1636089,-17.7742346],[-63.1636089,-17.7733303],[-63.1645523,-17.7733303],[-63.1645523,-17.7742346]]]}},{"type":"Feature","id":"manzana:UV-109-025","properties":{"id":"manzana:UV-109-025","codigo":"UV-109-025","nombre":"","tipo":"manzana","version_capa":"samples-sinteticas","fuente":"sintético","distrito_id":"distrito_municipal:D03","unidad_vecinal_id":"unidad_vecinal:UV-109"},"geometry":{"type":"Polygon","coordinates":[[[-63.1633731,-17.7866697],[-63.1624297,-17.7866697],[-63.1624297,-17.7857654],[-63.1633731,-17.7857654],[-63.1633731,-17.7866697]]]}},{"type":"Feature","id":"manzana:UV-109-026","properties":{"id":"manzana:UV-109-026","codigo":"UV-109-026","nombre":"","tipo":"manzana","version_capa":"samples-sinteticas","fuente":"sintético","distrito_id":"distrito_municipal:D03","unidad_vecinal_id":"unidad_vecinal:UV-109"},"geometry":{"type":"Polygon","coordinates":[[[-63.1633731,-17.7855393],[-63.1624297,-17.7855393],[-63.1624297,-17.7846349],[-63.1633731,-17.7846349],[-63.1633731,-17.7855393]]]}},{"type":"Feature","id":"manzana:UV-109-027","properties":{"id":"manzana:UV-109-027","codigo":"UV-109-027","nombre":"","tipo":"manzana","version_capa":"samples-sinteticas","fuente":"sintético","distrito_id":"distrito_municipal:D03","unidad_vecinal_id":"unidad_vecinal:UV-109"},"geometry":{"type":"Polygon","coordinates":[[[-63.1633731,-17.7844088],[-63.1624297,-17.7844088],[-63.1624297,-17.7835044],[-63.1633731,-17.7835044],[-63.1633731,-17.7844088]]]}},{"type":"Feature","id":"manzana:UV-109-028","properties":{"id":"manzana:UV-109-028","codigo":"UV-109-028","nombre":"","tipo":"manzana","version_capa":"samples-sinteticas","fuente":"sintético","distrito_id":"distrito_municipal:D03","unidad_vecinal_id":"unidad_vecinal:UV-109"},"geometry":{"type":"Polygon","coordinates":[[[-63.1633731,-17.7832783],[-63.1624297,-17.7832783],[-63.1624297,-17.782374],[-63.1633731,-17.782374],[-63.1633731,-17.7832783]]]}},{"type":"Feature","id":"manzana:UV-109-029","properties":{"id":"manzana:UV-109-029","codigo":"UV-109-029","nombre":"","tipo":"manzana","version_capa":"samples-sinteticas","fuente":"sintético","distrito_id":"distrito_municipal:D03","unidad_vecinal_id":"unidad_vecinal:UV-109"},"geometry":{"type":"Polygon","coordinates":[[[-63.1633731,-17.7821479],[-63.1624297,-17.7821479],[-63.1624297,-17.7812435],[-63.1633731,-17.7812435],[-63.1633731,-17.7821479]]]}},{"type":"Feature","id":"manzana:UV-109-030","properties":{"id":"manzana:UV-109-030","codigo":"UV-109-030","nombre":"","tipo":"manzana","version_capa":"samples-sinteticas","fuente":"sintético","distrito_id":"distrito_municipal:D03","unidad_vecinal_id":"unidad_vecinal:UV-109"},"geometry":{"type":"Polygon","coordinates":[[[-63.1633731,-17.7810174],[-63.1624297,-17.7810174],[-63.1624297,-17.780113],[-63.1633731,-17.780113],[-63.1633731,-17.7810174]]]}},{"type":"Feature","id":"manzana:UV-109-031","properties":{"id":"manzana:UV-109-031","codigo":"UV-109-031","nombre":"","tipo":"manzana","version_capa":"samples-sinteticas","fuente":"sintético","distrito_id":"distrito_municipal:D03","unidad_vecinal_id":"unidad_vecinal:UV-109"},"geometry":{"type":"Polygon","coordinates":[[[-63.1633731,-17.779887],[-63.1624297,-17.779887],[-63.1624297,-17.7789826],[-63.1633731,-17.7789826],[-63.1633731,-17.779887]]]}},{"type":"Feature","id":"manzana:UV-109-032","properties":{"id":"manzana:UV-109-032","codigo":"UV-109-032","nombre":"","tipo":"manzana","version_capa":"samples-sinteticas","fuente":"sintético","distrito_id":"distrito_municipal:D03","unidad_vecinal_id":"unidad_vecinal:UV-109"},"geometry":{"type":"Polygon","coordinates":[[[-63.1633731,-17.7787565],[-63.1624297,-17.7787565],[-63.1624297,-17.7778521],[-63.1633731,-17.7778521],[-63.1633731,-17.7787565]]]}},{"type":"Feature","id":"manzana:UV-109-033","properties":{"id":"manzana:UV-109-033","codigo":"UV-109-033","nombre":"","tipo":"manzana","version_capa":"samples-sinteticas","fuente":"sintético","distrito_id":"distrito_municipal:D03","unidad_vecinal_id":"unidad_vecinal:UV-109"},"geometry":{"type":"Polygon","coordinates":[[[-63.1633731,-17.777626],[-63.1624297,-17.777626],[-63.1624297,-17.7767217],[-63.1633731,-17.7767217],[-63.1633731,-17.777626]]]}},{"type":"Feature","id":"manzana:UV-109-034","properties":{"id":"manzana:UV-109-034","codigo":"UV-109-034","nombre":"","tipo":"manzana","version_capa":"samples-sinteticas","fuente":"sintético","distrito_id":"distrito_municipal:D03","unidad_vecinal_id":"unidad_vecinal:UV-109"},"geometry":{"type":"Polygon","coordinates":[[[-63.1633731,-17.7764956],[-63.1624297,-17.7764956],[-63.1624297,-17.7755912],[-63.1633731,-17.7755912],[-63.1633731,-17.7764956]]]}},{"type":"Feature","id":"manzana:UV-109-035","properties":{"id":"manzana:UV-109-035","codigo":"UV-109-035","nombre":"","tipo":"manzana","version_capa":"samples-sinteticas","fuente":"sintético","distrito_id":"distrito_municipal:D03","unidad_vecinal_id":"unidad_vecinal:UV-109"},"geometry":{"type":"Polygon","coordinates":[[[-63.1633731,-17.7753651],[-63.1624297,-17.7753651],[-63.1624297,-17.7744607],[-63.1633731,-17.7744607],[-63.1633731,-17.7753651]]]}},{"type":"Feature","id":"manzana:UV-109-036","properties":{"id":"manzana:UV-109-036","codigo":"UV-109-036","nombre":"","tipo":"manzana","version_capa":"samples-sinteticas","fuente":"sintético","distrito_id":"distrito_municipal:D03","unidad_vecinal_id":"unidad_vecinal:UV-109"},"geometry":{"type":"Polygon","coordinates":[[[-63.1633731,-17.7742346],[-63.1624297,-17.7742346],[-63.1624297,-17.7733303],[-63.1633731,-17.7733303],[-63.1633731,-17.7742346]]]}},{"type":"Feature","id":"manzana:UV-109-037","properties":{"id":"manzana:UV-109-037","codigo":"UV-109-037","nombre":"","tipo":"manzana","version_capa":"samples-sinteticas","fuente":"sintético","distrito_id":"distrito_municipal:D03","unidad_vecinal_id":"unidad_vecinal:UV-109"},"geometry":{"type":"Polygon","coordinates":[[[-63.1621939,-17.7866697],[-63.1612505,-17.7866697],[-63.1612505,-17.7857654],[-63.1621939,-17.7857654],[-63.1621939,-17.7866697]]]}},{"type":"Feature","id":"manzana:UV-109-038","properties":{"id":"manzana:UV-109-038","codigo":"UV-109-038","nombre":"","tipo":"manzana","version_capa":"samples-sinteticas","fuente":"sintético","distrito_id":"distrito_municipal:D03","unidad_vecinal_id":"unidad_vecinal:UV-109"},"geometry":{"type":"Polygon","coordinates":[[[-63.1621939,-17.7855393],[-63.1612505,-17.7855393],[-63.1612505,-17.7846349],[-63.1621939,-17.7846349],[-63.1621939,-17.7855393]]]}},{"type":"Feature","id":"manzana:UV-109-039","properties":{"id":"manzana:UV-109-039","codigo":"UV-109-039","nombre":"","tipo":"manzana","version_capa":"samples-sinteticas","fuente":"sintético","distrito_id":"distrito_municipal:D03","unidad_vecinal_id":"unidad_vecinal:UV-109"},"geometry":{"type":"Polygon","coordinates":[[[-63.1621939,-17.7844088],[-63.1612505,-17.7844088],[-63.1612505,-17.7835044],[-63.1621939,-17.7835044],[-63.1621939,-17.7844088]]]}},{"type":"Feature","id":"manzana:UV-109-040","properties":{"id":"manzana:UV-109-040","codigo":"UV-109-040","nombre":"","tipo":"manzana","version_capa":"samples-sinteticas","fuente":"sintético","distrito_id":"distrito_municipal:D03","unidad_vecinal_id":"unidad_vecinal:UV-109"},"geometry":{"type":"Polygon","coordinates":[[[-63.1621939,-17.7832783],[-63.1612505,-17.7832783],[-63.1612505,-17.782374],[-63.1621939,-17.782374],[-63.1621939,-17.7832783]]]}},{"type":"Feature","id":"manzana:UV-109-041","properties":{"id":"manzana:UV-109-041","codigo":"UV-109-041","nombre":"","tipo":"manzana","version_capa":"samples-sinteticas","fuente":"sintético","distrito_id":"distrito_municipal:D03","unidad_vecinal_id":"unidad_vecinal:UV-109"},"geometry":{"type":"Polygon","coordinates":[[[-63.1621939,-17.7821479],[-63.1612505,-17.7821479],[-63.1612505,-17.7812435],[-63.1621939,-17.7812435],[-63.1621939,-17.7821479]]]}},{"type":"Feature","id":"manzana:UV-109-042","properties":{"id":"manzana:UV-109-042","codigo":"UV-109-042","nombre":"","tipo":"manzana","version_capa":"samples-sinteticas","fuente":"sintético","distrito_id":"distrito_municipal:D03","unidad_vecinal_id":"unidad_vecinal:UV-109"},"geometry":{"type":"Polygon","coordinates":[[[-63.1621939,-17.7810174],[-63.1612505,-17.7810174],[-63.1612505,-17.780113],[-63.1621939,-17.780113],[-63.1621939,-17.7810174]]]}},{"type":"Feature","id":"manzana:UV-109-043","properties":{"id":"manzana:UV-109-043","codigo":"UV-109-043","nombre":"","tipo":"manzana","version_capa":"samples-sinteticas","fuente":"sintético","distrito_id":"distrito_municipal:D03","unidad_vecinal_id":"unidad_vecinal:UV-109"},"geometry":{"type":"Polygon","coordinates":[[[-63.1621939,-17.779887],[-63.1612505,-17.779887],[-63.1612505,-17.7789826],[-63.1621939,-17.7789826],[-63.1621939,-17.779887]]]}},{"type":"Feature","id":"manzana:UV-109-044","properties":{"id":"manzana:UV-109-044","codigo":"UV-109-044","nombre":"","tipo":"manzana","version_capa":"samples-sinteticas","fuente":"sintético","distrito_id":"distrito_municipal:D03","unidad_vecinal_id":"unidad_vecinal:UV-109"},"geometry":{"type":"Polygon","coordinates":[[[-63.1621939,-17.7787565],[-63.1612505,-17.7787565],[-63.1612505,-17.7778521],[-63.1621939,-17.7778521],[-63.1621939,-17.7787565]]]}},{"type":"Feature","id":"manzana:UV-109-045","properties":{"id":"manzana:UV-109-045","codigo":"UV-109-045","nombre":"","tipo":"manzana","version_capa":"samples-sinteticas","fuente":"sintético","distrito_id":"distrito_municipal:D03","unidad_vecinal_id":"unidad_vecinal:UV-109"},"geometry":{"type":"Polygon","coordinates":[[[-63.1621939,-17.777626],[-63.1612505,-17.777626],[-63.1612505,-17.7767217],[-63.1621939,-17.7767217],[-63.1621939,-17.777626]]]}},{"type":"Feature","id":"manzana:UV-109-046","properties":{"id":"manzana:UV-109-046","codigo":"UV-109-046","nombre":"","tipo":"manzana","version_capa":"samples-sinteticas","fuente":"sintético","distrito_id":"distrito_municipal:D03","unidad_vecinal_id":"unidad_vecinal:UV-109"},"geometry":{"type":"Polygon","coordinates":[[[-63.1621939,-17.7764956],[-63.1612505,-17.7764956],[-63.1612505,-17.7755912],[-63.1621939,-17.7755912],[-63.1621939,-17.7764956]]]}},{"type":"Feature","id":"manzana:UV-109-047","properties":{"id":"manzana:UV-109-047","codigo":"UV-109-047","nombre":"","tipo":"manzana","version_capa":"samples-sinteticas","fuente":"sintético","distrito_id":"distrito_municipal:D03","unidad_vecinal_id":"unidad_vecinal:UV-109"},"geometry":{"type":"Polygon","coordinates":[[[-63.1621939,-17.7753651],[-63.1612505,-17.7753651],[-63.1612505,-17.7744607],[-63.1621939,-17.7744607],[-63.1621939,-17.7753651]]]}},{"type":"Feature","id":"manzana:UV-109-048","properties":{"id":"manzana:UV-109-048","codigo":"UV-109-048","nombre":"","tipo":"manzana","version_capa":"samples-sinteticas","fuente":"sintético","distrito_id":"distrito_municipal:D03","unidad_vecinal_id":"unidad_vecinal:UV-109"},"geometry":{"type":"Polygon","coordinates":[[[-63.1621939,-17.7742346],[-63.1612505,-17.7742346],[-63.1612505,-17.7733303],[-63.1621939,-17.7733303],[-63.1621939,-17.7742346]]]}},{"type":"Feature","id":"manzana:UV-109-049","properties":{"id":"manzana:UV-109-049","codigo":"UV-109-049","nombre":"","tipo":"manzana","version_capa":"samples-sinteticas","fuente":"sintético","distrito_id":"distrito_municipal:D03","unidad_vecinal_id":"unidad_vecinal:UV-109"},"geometry":{"type":"Polygon","coordinates":[[[-63.1610147,-17.7866697],[-63.1600713,-17.7866697],[-63.1600713,-17.7857654],[-63.1610147,-17.7857654],[-63.1610147,-17.7866697]]]}},{"type":"Feature","id":"manzana:UV-109-050","properties":{"id":"manzana:UV-109-050","codigo":"UV-109-050","nombre":"","tipo":"manzana","version_capa":"samples-sinteticas","fuente":"sintético","distrito_id":"distrito_municipal:D03","unidad_vecinal_id":"unidad_vecinal:UV-109"},"geometry":{"type":"Polygon","coordinates":[[[-63.1610147,-17.7855393],[-63.1600713,-17.7855393],[-63.1600713,-17.7846349],[-63.1610147,-17.7846349],[-63.1610147,-17.7855393]]]}},{"type":"Feature","id":"manzana:UV-109-051","properties":{"id":"manzana:UV-109-051","codigo":"UV-109-051","nombre":"","tipo":"manzana","version_capa":"samples-sinteticas","fuente":"sintético","distrito_id":"distrito_municipal:D03","unidad_vecinal_id":"unidad_vecinal:UV-109"},"geometry":{"type":"Polygon","coordinates":[[[-63.1610147,-17.7844088],[-63.1600713,-17.7844088],[-63.1600713,-17.7835044],[-63.1610147,-17.7835044],[-63.1610147,-17.7844088]]]}},{"type":"Feature","id":"manzana:UV-109-052","properties":{"id":"manzana:UV-109-052","codigo":"UV-109-052","nombre":"","tipo":"manzana","version_capa":"samples-sinteticas","fuente":"sintético","distrito_id":"distrito_municipal:D03","unidad_vecinal_id":"unidad_vecinal:UV-109"},"geometry":{"type":"Polygon","coordinates":[[[-63.1610147,-17.7832783],[-63.1600713,-17.7832783],[-63.1600713,-17.782374],[-63.1610147,-17.782374],[-63.1610147,-17.7832783]]]}},{"type":"Feature","id":"manzana:UV-109-053","properties":{"id":"manzana:UV-109-053","codigo":"UV-109-053","nombre":"","tipo":"manzana","version_capa":"samples-sinteticas","fuente":"sintético","distrito_id":"distrito_municipal:D03","unidad_vecinal_id":"unidad_vecinal:UV-109"},"geometry":{"type":"Polygon","coordinates":[[[-63.1610147,-17.7821479],[-63.1600713,-17.7821479],[-63.1600713,-17.7812435],[-63.1610147,-17.7812435],[-63.1610147,-17.7821479]]]}},{"type":"Feature","id":"manzana:UV-109-054","properties":{"id":"manzana:UV-109-054","codigo":"UV-109-054","nombre":"","tipo":"manzana","version_capa":"samples-sinteticas","fuente":"sintético","distrito_id":"distrito_municipal:D03","unidad_vecinal_id":"unidad_vecinal:UV-109"},"geometry":{"type":"Polygon","coordinates":[[[-63.1610147,-17.7810174],[-63.1600713,-17.7810174],[-63.1600713,-17.780113],[-63.1610147,-17.780113],[-63.1610147,-17.7810174]]]}},{"type":"Feature","id":"manzana:UV-109-055","properties":{"id":"manzana:UV-109-055","codigo":"UV-109-055","nombre":"","tipo":"manzana","version_capa":"samples-sinteticas","fuente":"sintético","distrito_id":"distrito_municipal:D03","unidad_vecinal_id":"unidad_vecinal:UV-109"},"geometry":{"type":"Polygon","coordinates":[[[-63.1610147,-17.779887],[-63.1600713,-17.779887],[-63.1600713,-17.7789826],[-63.1610147,-17.7789826],[-63.1610147,-17.779887]]]}},{"type":"Feature","id":"manzana:UV-109-056","properties":{"id":"manzana:UV-109-056","codigo":"UV-109-056","nombre":"","tipo":"manzana","version_capa":"samples-sinteticas","fuente":"sintético","distrito_id":"distrito_municipal:D03","unidad_vecinal_id":"unidad_vecinal:UV-109"},"geometry":{"type":"Polygon","coordinates":[[[-63.1610147,-17.7787565],[-63.1600713,-17.7787565],[-63.1600713,-17.7778521],[-63.1610147,-17.7778521],[-63.1610147,-17.7787565]]]}},{"type":"Feature","id":"manzana:UV-109-057","properties":{"id":"manzana:UV-109-057","codigo":"UV-109-057","nombre":"","tipo":"manzana","version_capa":"samples-sinteticas","fuente":"sintético","distrito_id":"distrito_municipal:D03","unidad_vecinal_id":"unidad_vecinal:UV-109"},"geometry":{"type":"Polygon","coordinates":[[[-63.1610147,-17.777626],[-63.1600713,-17.777626],[-63.1600713,-17.7767217],[-63.1610147,-17.7767217],[-63.1610147,-17.777626]]]}},{"type":"Feature","id":"manzana:UV-109-058","properties":{"id":"manzana:UV-109-058","codigo":"UV-109-058","nombre":"","tipo":"manzana","version_capa":"samples-sinteticas","fuente":"sintético","distrito_id":"distrito_municipal:D03","unidad_vecinal_id":"unidad_vecinal:UV-109"},"geometry":{"type":"Polygon","coordinates":[[[-63.1610147,-17.7764956],[-63.1600713,-17.7764956],[-63.1600713,-17.7755912],[-63.1610147,-17.7755912],[-63.1610147,-17.7764956]]]}},{"type":"Feature","id":"manzana:UV-109-059","properties":{"id":"manzana:UV-109-059","codigo":"UV-109-059","nombre":"","tipo":"manzana","version_capa":"samples-sinteticas","fuente":"sintético","distrito_id":"distrito_municipal:D03","unidad_vecinal_id":"unidad_vecinal:UV-109"},"geometry":{"type":"Polygon","coordinates":[[[-63.1610147,-17.7753651],[-63.1600713,-17.7753651],[-63.1600713,-17.7744607],[-63.1610147,-17.7744607],[-63.1610147,-17.7753651]]]}},{"type":"Feature","id":"manzana:UV-109-060","properties":{"id":"manzana:UV-109-060","codigo":"UV-109-060","nombre":"","tipo":"manzana","version_capa":"samples-sinteticas","fuente":"sintético","distrito_id":"distrito_municipal:D03","unidad_vecinal_id":"unidad_vecinal:UV-109"},"geometry":{"type":"Polygon","coordinates":[[[-63.1610147,-17.7742346],[-63.1600713,-17.7742346],[-63.1600713,-17.7733303],[-63.1610147,-17.7733303],[-63.1610147,-17.7742346]]]}},{"type":"Feature","id":"manzana:UV-109-061","properties":{"id":"manzana:UV-109-061","codigo":"UV-109-061","nombre":"","tipo":"manzana","version_capa":"samples-sinteticas","fuente":"sintético","distrito_id":"distrito_municipal:D03","unidad_vecinal_id":"unidad_vecinal:UV-109"},"geometry":{"type":"Polygon","coordinates":[[[-63.1598355,-17.7866697],[-63.1588921,-17.7866697],[-63.1588921,-17.7857654],[-63.1598355,-17.7857654],[-63.1598355,-17.7866697]]]}},{"type":"Feature","id":"manzana:UV-109-062","properties":{"id":"manzana:UV-109-062","codigo":"UV-109-062","nombre":"","tipo":"manzana","version_capa":"samples-sinteticas","fuente":"sintético","distrito_id":"distrito_municipal:D03","unidad_vecinal_id":"unidad_vecinal:UV-109"},"geometry":{"type":"Polygon","coordinates":[[[-63.1598355,-17.7855393],[-63.1588921,-17.7855393],[-63.1588921,-17.7846349],[-63.1598355,-17.7846349],[-63.1598355,-17.7855393]]]}},{"type":"Feature","id":"manzana:UV-109-063","properties":{"id":"manzana:UV-109-063","codigo":"UV-109-063","nombre":"","tipo":"manzana","version_capa":"samples-sinteticas","fuente":"sintético","distrito_id":"distrito_municipal:D03","unidad_vecinal_id":"unidad_vecinal:UV-109"},"geometry":{"type":"Polygon","coordinates":[[[-63.1598355,-17.7844088],[-63.1588921,-17.7844088],[-63.1588921,-17.7835044],[-63.1598355,-17.7835044],[-63.1598355,-17.7844088]]]}},{"type":"Feature","id":"manzana:UV-109-064","properties":{"id":"manzana:UV-109-064","codigo":"UV-109-064","nombre":"","tipo":"manzana","version_capa":"samples-sinteticas","fuente":"sintético","distrito_id":"distrito_municipal:D03","unidad_vecinal_id":"unidad_vecinal:UV-109"},"geometry":{"type":"Polygon","coordinates":[[[-63.1598355,-17.7832783],[-63.1588921,-17.7832783],[-63.1588921,-17.782374],[-63.1598355,-17.782374],[-63.1598355,-17.7832783]]]}},{"type":"Feature","id":"manzana:UV-109-065","properties":{"id":"manzana:UV-109-065","codigo":"UV-109-065","nombre":"","tipo":"manzana","version_capa":"samples-sinteticas","fuente":"sintético","distrito_id":"distrito_municipal:D03","unidad_vecinal_id":"unidad_vecinal:UV-109"},"geometry":{"type":"Polygon","coordinates":[[[-63.1598355,-17.7821479],[-63.1588921,-17.7821479],[-63.1588921,-17.7812435],[-63.1598355,-17.7812435],[-63.1598355,-17.7821479]]]}},{"type":"Feature","id":"manzana:UV-109-066","properties":{"id":"manzana:UV-109-066","codigo":"UV-109-066","nombre":"","tipo":"manzana","version_capa":"samples-sinteticas","fuente":"sintético","distrito_id":"distrito_municipal:D03","unidad_vecinal_id":"unidad_vecinal:UV-109"},"geometry":{"type":"Polygon","coordinates":[[[-63.1598355,-17.7810174],[-63.1588921,-17.7810174],[-63.1588921,-17.780113],[-63.1598355,-17.780113],[-63.1598355,-17.7810174]]]}},{"type":"Feature","id":"manzana:UV-109-067","properties":{"id":"manzana:UV-109-067","codigo":"UV-109-067","nombre":"","tipo":"manzana","version_capa":"samples-sinteticas","fuente":"sintético","distrito_id":"distrito_municipal:D03","unidad_vecinal_id":"unidad_vecinal:UV-109"},"geometry":{"type":"Polygon","coordinates":[[[-63.1598355,-17.779887],[-63.1588921,-17.779887],[-63.1588921,-17.7789826],[-63.1598355,-17.7789826],[-63.1598355,-17.779887]]]}},{"type":"Feature","id":"manzana:UV-109-068","properties":{"id":"manzana:UV-109-068","codigo":"UV-109-068","nombre":"","tipo":"manzana","version_capa":"samples-sinteticas","fuente":"sintético","distrito_id":"distrito_municipal:D03","unidad_vecinal_id":"unidad_vecinal:UV-109"},"geometry":{"type":"Polygon","coordinates":[[[-63.1598355,-17.7787565],[-63.1588921,-17.7787565],[-63.1588921,-17.7778521],[-63.1598355,-17.7778521],[-63.1598355,-17.7787565]]]}},{"type":"Feature","id":"manzana:UV-109-069","properties":{"id":"manzana:UV-109-069","codigo":"UV-109-069","nombre":"","tipo":"manzana","version_capa":"samples-sinteticas","fuente":"sintético","distrito_id":"distrito_municipal:D03","unidad_vecinal_id":"unidad_vecinal:UV-109"},"geometry":{"type":"Polygon","coordinates":[[[-63.1598355,-17.777626],[-63.1588921,-17.777626],[-63.1588921,-17.7767217],[-63.1598355,-17.7767217],[-63.1598355,-17.777626]]]}},{"type":"Feature","id":"manzana:UV-109-070","properties":{"id":"manzana:UV-109-070","codigo":"UV-109-070","nombre":"","tipo":"manzana","version_capa":"samples-sinteticas","fuente":"sintético","distrito_id":"distrito_municipal:D03","unidad_vecinal_id":"unidad_vecinal:UV-109"},"geometry":{"type":"Polygon","coordinates":[[[-63.1598355,-17.7764956],[-63.1588921,-17.7764956],[-63.1588921,-17.7755912],[-63.1598355,-17.7755912],[-63.1598355,-17.7764956]]]}},{"type":"Feature","id":"manzana:UV-109-071","properties":{"id":"manzana:UV-109-071","codigo":"UV-109-071","nombre":"","tipo":"manzana","version_capa":"samples-sinteticas","fuente":"sintético","distrito_id":"distrito_municipal:D03","unidad_vecinal_id":"unidad_vecinal:UV-109"},"geometry":{"type":"Polygon","coordinates":[[[-63.1598355,-17.7753651],[-63.1588921,-17.7753651],[-63.1588921,-17.7744607],[-63.1598355,-17.7744607],[-63.1598355,-17.7753651]]]}},{"type":"Feature","id":"manzana:UV-109-072","properties":{"id":"manzana:UV-109-072","codigo":"UV-109-072","nombre":"","tipo":"manzana","version_capa":"samples-sinteticas","fuente":"sintético","distrito_id":"distrito_municipal:D03","unidad_vecinal_id":"unidad_vecinal:UV-109"},"geometry":{"type":"Polygon","coordinates":[[[-63.1598355,-17.7742346],[-63.1588921,-17.7742346],[-63.1588921,-17.7733303],[-63.1598355,-17.7733303],[-63.1598355,-17.7742346]]]}},{"type":"Feature","id":"manzana:UV-109-073","properties":{"id":"manzana:UV-109-073","codigo":"UV-109-073","nombre":"","tipo":"manzana","version_capa":"samples-sinteticas","fuente":"sintético","distrito_id":"distrito_municipal:D03","unidad_vecinal_id":"unidad_vecinal:UV-109"},"geometry":{"type":"Polygon","coordinates":[[[-63.1586562,-17.7866697],[-63.1577129,-17.7866697],[-63.1577129,-17.7857654],[-63.1586562,-17.7857654],[-63.1586562,-17.7866697]]]}},{"type":"Feature","id":"manzana:UV-109-074","properties":{"id":"manzana:UV-109-074","codigo":"UV-109-074","nombre":"","tipo":"manzana","version_capa":"samples-sinteticas","fuente":"sintético","distrito_id":"distrito_municipal:D03","unidad_vecinal_id":"unidad_vecinal:UV-109"},"geometry":{"type":"Polygon","coordinates":[[[-63.1586562,-17.7855393],[-63.1577129,-17.7855393],[-63.1577129,-17.7846349],[-63.1586562,-17.7846349],[-63.1586562,-17.7855393]]]}},{"type":"Feature","id":"manzana:UV-109-075","properties":{"id":"manzana:UV-109-075","codigo":"UV-109-075","nombre":"","tipo":"manzana","version_capa":"samples-sinteticas","fuente":"sintético","distrito_id":"distrito_municipal:D03","unidad_vecinal_id":"unidad_vecinal:UV-109"},"geometry":{"type":"Polygon","coordinates":[[[-63.1586562,-17.7844088],[-63.1577129,-17.7844088],[-63.1577129,-17.7835044],[-63.1586562,-17.7835044],[-63.1586562,-17.7844088]]]}},{"type":"Feature","id":"manzana:UV-109-076","properties":{"id":"manzana:UV-109-076","codigo":"UV-109-076","nombre":"","tipo":"manzana","version_capa":"samples-sinteticas","fuente":"sintético","distrito_id":"distrito_municipal:D03","unidad_vecinal_id":"unidad_vecinal:UV-109"},"geometry":{"type":"Polygon","coordinates":[[[-63.1586562,-17.7832783],[-63.1577129,-17.7832783],[-63.1577129,-17.782374],[-63.1586562,-17.782374],[-63.1586562,-17.7832783]]]}},{"type":"Feature","id":"manzana:UV-109-077","properties":{"id":"manzana:UV-109-077","codigo":"UV-109-077","nombre":"","tipo":"manzana","version_capa":"samples-sinteticas","fuente":"sintético","distrito_id":"distrito_municipal:D03","unidad_vecinal_id":"unidad_vecinal:UV-109"},"geometry":{"type":"Polygon","coordinates":[[[-63.1586562,-17.7821479],[-63.1577129,-17.7821479],[-63.1577129,-17.7812435],[-63.1586562,-17.7812435],[-63.1586562,-17.7821479]]]}},{"type":"Feature","id":"manzana:UV-109-078","properties":{"id":"manzana:UV-109-078","codigo":"UV-109-078","nombre":"","tipo":"manzana","version_capa":"samples-sinteticas","fuente":"sintético","distrito_id":"distrito_municipal:D03","unidad_vecinal_id":"unidad_vecinal:UV-109"},"geometry":{"type":"Polygon","coordinates":[[[-63.1586562,-17.7810174],[-63.1577129,-17.7810174],[-63.1577129,-17.780113],[-63.1586562,-17.780113],[-63.1586562,-17.7810174]]]}},{"type":"Feature","id":"manzana:UV-109-079","properties":{"id":"manzana:UV-109-079","codigo":"UV-109-079","nombre":"","tipo":"manzana","version_capa":"samples-sinteticas","fuente":"sintético","distrito_id":"distrito_municipal:D03","unidad_vecinal_id":"unidad_vecinal:UV-109"},"geometry":{"type":"Polygon","coordinates":[[[-63.1586562,-17.779887],[-63.1577129,-17.779887],[-63.1577129,-17.7789826],[-63.1586562,-17.7789826],[-63.1586562,-17.779887]]]}},{"type":"Feature","id":"manzana:UV-109-080","properties":{"id":"manzana:UV-109-080","codigo":"UV-109-080","nombre":"","tipo":"manzana","version_capa":"samples-sinteticas","fuente":"sintético","distrito_id":"distrito_municipal:D03","unidad_vecinal_id":"unidad_vecinal:UV-109"},"geometry":{"type":"Polygon","coordinates":[[[-63.1586562,-17.7787565],[-63.1577129,-17.7787565],[-63.1577129,-17.7778521],[-63.1586562,-17.7778521],[-63.1586562,-17.7787565]]]}},{"type":"Feature","id":"manzana:UV-109-081","properties":{"id":"manzana:UV-109-081","codigo":"UV-109-081","nombre":"","tipo":"manzana","version_capa":"samples-sinteticas","fuente":"sintético","distrito_id":"distrito_municipal:D03","unidad_vecinal_id":"unidad_vecinal:UV-109"},"geometry":{"type":"Polygon","coordinates":[[[-63.1586562,-17.777626],[-63.1577129,-17.777626],[-63.1577129,-17.7767217],[-63.1586562,-17.7767217],[-63.1586562,-17.777626]]]}},{"type":"Feature","id":"manzana:UV-109-082","properties":{"id":"manzana:UV-109-082","codigo":"UV-109-082","nombre":"","tipo":"manzana","version_capa":"samples-sinteticas","fuente":"sintético","distrito_id":"distrito_municipal:D03","unidad_vecinal_id":"unidad_vecinal:UV-109"},"geometry":{"type":"Polygon","coordinates":[[[-63.1586562,-17.7764956],[-63.1577129,-17.7764956],[-63.1577129,-17.7755912],[-63.1586562,-17.7755912],[-63.1586562,-17.7764956]]]}},{"type":"Feature","id":"manzana:UV-109-083","properties":{"id":"manzana:UV-109-083","codigo":"UV-109-083","nombre":"","tipo":"manzana","version_capa":"samples-sinteticas","fuente":"sintético","distrito_id":"distrito_municipal:D03","unidad_vecinal_id":"unidad_vecinal:UV-109"},"geometry":{"type":"Polygon","coordinates":[[[-63.1586562,-17.7753651],[-63.1577129,-17.7753651],[-63.1577129,-17.7744607],[-63.1586562,-17.7744607],[-63.1586562,-17.7753651]]]}},{"type":"Feature","id":"manzana:UV-109-084","properties":{"id":"manzana:UV-109-084","codigo":"UV-109-084","nombre":"","tipo":"manzana","version_capa":"samples-sinteticas","fuente":"sintético","distrito_id":"distrito_municipal:D03","unidad_vecinal_id":"unidad_vecinal:UV-109"},"geometry":{"type":"Polygon","coordinates":[[[-63.1586562,-17.7742346],[-63.1577129,-17.7742346],[-63.1577129,-17.7733303],[-63.1586562,-17.7733303],[-63.1586562,-17.7742346]]]}},{"type":"Feature","id":"manzana:UV-109-085","properties":{"id":"manzana:UV-109-085","codigo":"UV-109-085","nombre":"","tipo":"manzana","version_capa":"samples-sinteticas","fuente":"sintético","distrito_id":"distrito_municipal:D03","unidad_vecinal_id":"unidad_vecinal:UV-109"},"geometry":{"type":"Polygon","coordinates":[[[-63.157477,-17.7866697],[-63.1565337,-17.7866697],[-63.1565337,-17.7857654],[-63.157477,-17.7857654],[-63.157477,-17.7866697]]]}},{"type":"Feature","id":"manzana:UV-109-086","properties":{"id":"manzana:UV-109-086","codigo":"UV-109-086","nombre":"","tipo":"manzana","version_capa":"samples-sinteticas","fuente":"sintético","distrito_id":"distrito_municipal:D03","unidad_vecinal_id":"unidad_vecinal:UV-109"},"geometry":{"type":"Polygon","coordinates":[[[-63.157477,-17.7855393],[-63.1565337,-17.7855393],[-63.1565337,-17.7846349],[-63.157477,-17.7846349],[-63.157477,-17.7855393]]]}},{"type":"Feature","id":"manzana:UV-109-087","properties":{"id":"manzana:UV-109-087","codigo":"UV-109-087","nombre":"","tipo":"manzana","version_capa":"samples-sinteticas","fuente":"sintético","distrito_id":"distrito_municipal:D03","unidad_vecinal_id":"unidad_vecinal:UV-109"},"geometry":{"type":"Polygon","coordinates":[[[-63.157477,-17.7844088],[-63.1565337,-17.7844088],[-63.1565337,-17.7835044],[-63.157477,-17.7835044],[-63.157477,-17.7844088]]]}},{"type":"Feature","id":"manzana:UV-109-088","properties":{"id":"manzana:UV-109-088","codigo":"UV-109-088","nombre":"","tipo":"manzana","version_capa":"samples-sinteticas","fuente":"sintético","distrito_id":"distrito_municipal:D03","unidad_vecinal_id":"unidad_vecinal:UV-109"},"geometry":{"type":"Polygon","coordinates":[[[-63.157477,-17.7832783],[-63.1565337,-17.7832783],[-63.1565337,-17.782374],[-63.157477,-17.782374],[-63.157477,-17.7832783]]]}},{"type":"Feature","id":"manzana:UV-109-089","properties":{"id":"manzana:UV-109-089","codigo":"UV-109-089","nombre":"","tipo":"manzana","version_capa":"samples-sinteticas","fuente":"sintético","distrito_id":"distrito_municipal:D03","unidad_vecinal_id":"unidad_vecinal:UV-109"},"geometry":{"type":"Polygon","coordinates":[[[-63.157477,-17.7821479],[-63.1565337,-17.7821479],[-63.1565337,-17.7812435],[-63.157477,-17.7812435],[-63.157477,-17.7821479]]]}},{"type":"Feature","id":"manzana:UV-109-090","properties":{"id":"manzana:UV-109-090","codigo":"UV-109-090","nombre":"","tipo":"manzana","version_capa":"samples-sinteticas","fuente":"sintético","distrito_id":"distrito_municipal:D03","unidad_vecinal_id":"unidad_vecinal:UV-109"},"geometry":{"type":"Polygon","coordinates":[[[-63.157477,-17.7810174],[-63.1565337,-17.7810174],[-63.1565337,-17.780113],[-63.157477,-17.780113],[-63.157477,-17.7810174]]]}},{"type":"Feature","id":"manzana:UV-109-091","properties":{"id":"manzana:UV-109-091","codigo":"UV-109-091","nombre":"","tipo":"manzana","version_capa":"samples-sinteticas","fuente":"sintético","distrito_id":"distrito_municipal:D03","unidad_vecinal_id":"unidad_vecinal:UV-109"},"geometry":{"type":"Polygon","coordinates":[[[-63.157477,-17.779887],[-63.1565337,-17.779887],[-63.1565337,-17.7789826],[-63.157477,-17.7789826],[-63.157477,-17.779887]]]}},{"type":"Feature","id":"manzana:UV-109-092","properties":{"id":"manzana:UV-109-092","codigo":"UV-109-092","nombre":"","tipo":"manzana","version_capa":"samples-sinteticas","fuente":"sintético","distrito_id":"distrito_municipal:D03","unidad_vecinal_id":"unidad_vecinal:UV-109"},"geometry":{"type":"Polygon","coordinates":[[[-63.157477,-17.7787565],[-63.1565337,-17.7787565],[-63.1565337,-17.7778521],[-63.157477,-17.7778521],[-63.157477,-17.7787565]]]}},{"type":"Feature","id":"manzana:UV-109-093","properties":{"id":"manzana:UV-109-093","codigo":"UV-109-093","nombre":"","tipo":"manzana","version_capa":"samples-sinteticas","fuente":"sintético","distrito_id":"distrito_municipal:D03","unidad_vecinal_id":"unidad_vecinal:UV-109"},"geometry":{"type":"Polygon","coordinates":[[[-63.157477,-17.777626],[-63.1565337,-17.777626],[-63.1565337,-17.7767217],[-63.157477,-17.7767217],[-63.157477,-17.777626]]]}},{"type":"Feature","id":"manzana:UV-109-094","properties":{"id":"manzana:UV-109-094","codigo":"UV-109-094","nombre":"","tipo":"manzana","version_capa":"samples-sinteticas","fuente":"sintético","distrito_id":"distrito_municipal:D03","unidad_vecinal_id":"unidad_vecinal:UV-109"},"geometry":{"type":"Polygon","coordinates":[[[-63.157477,-17.7764956],[-63.1565337,-17.7764956],[-63.1565337,-17.7755912],[-63.157477,-17.7755912],[-63.157477,-17.7764956]]]}},{"type":"Feature","id":"manzana:UV-109-095","properties":{"id":"manzana:UV-109-095","codigo":"UV-109-095","nombre":"","tipo":"manzana","version_capa":"samples-sinteticas","fuente":"sintético","distrito_id":"distrito_municipal:D03","unidad_vecinal_id":"unidad_vecinal:UV-109"},"geometry":{"type":"Polygon","coordinates":[[[-63.157477,-17.7753651],[-63.1565337,-17.7753651],[-63.1565337,-17.7744607],[-63.157477,-17.7744607],[-63.157477,-17.7753651]]]}},{"type":"Feature","id":"manzana:UV-109-096","properties":{"id":"manzana:UV-109-096","codigo":"UV-109-096","nombre":"","tipo":"manzana","version_capa":"samples-sinteticas","fuente":"sintético","distrito_id":"distrito_municipal:D03","unidad_vecinal_id":"unidad_vecinal:UV-109"},"geometry":{"type":"Polygon","coordinates":[[[-63.157477,-17.7742346],[-63.1565337,-17.7742346],[-63.1565337,-17.7733303],[-63.157477,-17.7733303],[-63.157477,-17.7742346]]]}},{"type":"Feature","id":"manzana:UV-110-001","properties":{"id":"manzana:UV-110-001","codigo":"UV-110-001","nombre":"","tipo":"manzana","version_capa":"samples-sinteticas","fuente":"sintético","distrito_id":"distrito_municipal:D03","unidad_vecinal_id":"unidad_vecinal:UV-110"},"geometry":{"type":"Polygon","coordinates":[[[-63.1657315,-17.7731042],[-63.1647882,-17.7731042],[-63.1647882,-17.7721998],[-63.1657315,-17.7721998],[-63.1657315,-17.7731042]]]}},{"type":"Feature","id":"manzana:UV-110-002","properties":{"id":"manzana:UV-110-002","codigo":"UV-110-002","nombre":"","tipo":"manzana","version_capa":"samples-sinteticas","fuente":"sintético","distrito_id":"distrito_municipal:D03","unidad_vecinal_id":"unidad_vecinal:UV-110"},"geometry":{"type":"Polygon","coordinates":[[[-63.1657315,-17.7719737],[-63.1647882,-17.7719737],[-63.1647882,-17.7710693],[-63.1657315,-17.7710693],[-63.1657315,-17.7719737]]]}},{"type":"Feature","id":"manzana:UV-110-003","properties":{"id":"manzana:UV-110-003","codigo":"UV-110-003","nombre":"","tipo":"manzana","version_capa":"samples-sinteticas","fuente":"sintético","distrito_id":"distrito_municipal:D03","unidad_vecinal_id":"unidad_vecinal:UV-110"},"geometry":{"type":"Polygon","coordinates":[[[-63.1657315,-17.7708432],[-63.1647882,-17.7708432],[-63.1647882,-17.7699389],[-63.1657315,-17.7699389],[-63.1657315,-17.7708432]]]}},{"type":"Feature","id":"manzana:UV-110-004","properties":{"id":"manzana:UV-110-004","codigo":"UV-110-004","nombre":"","tipo":"manzana","version_capa":"samples-sinteticas","fuente":"sintético","distrito_id":"distrito_municipal:D03","unidad_vecinal_id":"unidad_vecinal:UV-110"},"geometry":{"type":"Polygon","coordinates":[[[-63.1657315,-17.7697128],[-63.1647882,-17.7697128],[-63.1647882,-17.7688084],[-63.1657315,-17.7688084],[-63.1657315,-17.7697128]]]}},{"type":"Feature","id":"manzana:UV-110-005","properties":{"id":"manzana:UV-110-005","codigo":"UV-110-005","nombre":"","tipo":"manzana","version_capa":"samples-sinteticas","fuente":"sintético","distrito_id":"distrito_municipal:D03","unidad_vecinal_id":"unidad_vecinal:UV-110"},"geometry":{"type":"Polygon","coordinates":[[[-63.1657315,-17.7685823],[-63.1647882,-17.7685823],[-63.1647882,-17.7676779],[-63.1657315,-17.7676779],[-63.1657315,-17.7685823]]]}},{"type":"Feature","id":"manzana:UV-110-006","properties":{"id":"manzana:UV-110-006","codigo":"UV-110-006","nombre":"","tipo":"manzana","version_capa":"samples-sinteticas","fuente":"sintético","distrito_id":"distrito_municipal:D03","unidad_vecinal_id":"unidad_vecinal:UV-110"},"geometry":{"type":"Polygon","coordinates":[[[-63.1657315,-17.7674518],[-63.1647882,-17.7674518],[-63.1647882,-17.7665475],[-63.1657315,-17.7665475],[-63.1657315,-17.7674518]]]}},{"type":"Feature","id":"manzana:UV-110-007","properties":{"id":"manzana:UV-110-007","codigo":"UV-110-007","nombre":"","tipo":"manzana","version_capa":"samples-sinteticas","fuente":"sintético","distrito_id":"distrito_municipal:D03","unidad_vecinal_id":"unidad_vecinal:UV-110"},"geometry":{"type":"Polygon","coordinates":[[[-63.1657315,-17.7663214],[-63.1647882,-17.7663214],[-63.1647882,-17.765417],[-63.1657315,-17.765417],[-63.1657315,-17.7663214]]]}},{"type":"Feature","id":"manzana:UV-110-008","properties":{"id":"manzana:UV-110-008","codigo":"UV-110-008","nombre":"","tipo":"manzana","version_capa":"samples-sinteticas","fuente":"sintético","distrito_id":"distrito_municipal:D03","unidad_vecinal_id":"unidad_vecinal:UV-110"},"geometry":{"type":"Polygon","coordinates":[[[-63.1657315,-17.7651909],[-63.1647882,-17.7651909],[-63.1647882,-17.7642865],[-63.1657315,-17.7642865],[-63.1657315,-17.7651909]]]}},{"type":"Feature","id":"manzana:UV-110-009","properties":{"id":"manzana:UV-110-009","codigo":"UV-110-009","nombre":"","tipo":"manzana","version_capa":"samples-sinteticas","fuente":"sintético","distrito_id":"distrito_municipal:D03","unidad_vecinal_id":"unidad_vecinal:UV-110"},"geometry":{"type":"Polygon","coordinates":[[[-63.1657315,-17.7640604],[-63.1647882,-17.7640604],[-63.1647882,-17.7631561],[-63.1657315,-17.7631561],[-63.1657315,-17.7640604]]]}},{"type":"Feature","id":"manzana:UV-110-010","properties":{"id":"manzana:UV-110-010","codigo":"UV-110-010","nombre":"","tipo":"manzana","version_capa":"samples-sinteticas","fuente":"sintético","distrito_id":"distrito_municipal:D03","unidad_vecinal_id":"unidad_vecinal:UV-110"},"geometry":{"type":"Polygon","coordinates":[[[-63.1657315,-17.76293],[-63.1647882,-17.76293],[-63.1647882,-17.7620256],[-63.1657315,-17.7620256],[-63.1657315,-17.76293]]]}},{"type":"Feature","id":"manzana:UV-110-011","properties":{"id":"manzana:UV-110-011","codigo":"UV-110-011","nombre":"","tipo":"manzana","version_capa":"samples-sinteticas","fuente":"sintético","distrito_id":"distrito_municipal:D03","unidad_vecinal_id":"unidad_vecinal:UV-110"},"geometry":{"type":"Polygon","coordinates":[[[-63.1657315,-17.7617995],[-63.1647882,-17.7617995],[-63.1647882,-17.7608951],[-63.1657315,-17.7608951],[-63.1657315,-17.7617995]]]}},{"type":"Feature","id":"manzana:UV-110-012","properties":{"id":"manzana:UV-110-012","codigo":"UV-110-012","nombre":"","tipo":"manzana","version_capa":"samples-sinteticas","fuente":"sintético","distrito_id":"distrito_municipal:D03","unidad_vecinal_id":"unidad_vecinal:UV-110"},"geometry":{"type":"Polygon","coordinates":[[[-63.1657315,-17.7606691],[-63.1647882,-17.7606691],[-63.1647882,-17.7597647],[-63.1657315,-17.7597647],[-63.1657315,-17.7606691]]]}},{"type":"Feature","id":"manzana:UV-110-013","properties":{"id":"manzana:UV-110-013","codigo":"UV-110-013","nombre":"","tipo":"manzana","version_capa":"samples-sinteticas","fuente":"sintético","distrito_id":"distrito_municipal:D03","unidad_vecinal_id":"unidad_vecinal:UV-110"},"geometry":{"type":"Polygon","coordinates":[[[-63.1645523,-17.7731042],[-63.1636089,-17.7731042],[-63.1636089,-17.7721998],[-63.1645523,-17.7721998],[-63.1645523,-17.7731042]]]}},{"type":"Feature","id":"manzana:UV-110-014","properties":{"id":"manzana:UV-110-014","codigo":"UV-110-014","nombre":"","tipo":"manzana","version_capa":"samples-sinteticas","fuente":"sintético","distrito_id":"distrito_municipal:D03","unidad_vecinal_id":"unidad_vecinal:UV-110"},"geometry":{"type":"Polygon","coordinates":[[[-63.1645523,-17.7719737],[-63.1636089,-17.7719737],[-63.1636089,-17.7710693],[-63.1645523,-17.7710693],[-63.1645523,-17.7719737]]]}},{"type":"Feature","id":"manzana:UV-110-015","properties":{"id":"manzana:UV-110-015","codigo":"UV-110-015","nombre":"","tipo":"manzana","version_capa":"samples-sinteticas","fuente":"sintético","distrito_id":"distrito_municipal:D03","unidad_vecinal_id":"unidad_vecinal:UV-110"},"geometry":{"type":"Polygon","coordinates":[[[-63.1645523,-17.7708432],[-63.1636089,-17.7708432],[-63.1636089,-17.7699389],[-63.1645523,-17.7699389],[-63.1645523,-17.7708432]]]}},{"type":"Feature","id":"manzana:UV-110-016","properties":{"id":"manzana:UV-110-016","codigo":"UV-110-016","nombre":"","tipo":"manzana","version_capa":"samples-sinteticas","fuente":"sintético","distrito_id":"distrito_municipal:D03","unidad_vecinal_id":"unidad_vecinal:UV-110"},"geometry":{"type":"Polygon","coordinates":[[[-63.1645523,-17.7697128],[-63.1636089,-17.7697128],[-63.1636089,-17.7688084],[-63.1645523,-17.7688084],[-63.1645523,-17.7697128]]]}},{"type":"Feature","id":"manzana:UV-110-017","properties":{"id":"manzana:UV-110-017","codigo":"UV-110-017","nombre":"","tipo":"manzana","version_capa":"samples-sinteticas","fuente":"sintético","distrito_id":"distrito_municipal:D03","unidad_vecinal_id":"unidad_vecinal:UV-110"},"geometry":{"type":"Polygon","coordinates":[[[-63.1645523,-17.7685823],[-63.1636089,-17.7685823],[-63.1636089,-17.7676779],[-63.1645523,-17.7676779],[-63.1645523,-17.7685823]]]}},{"type":"Feature","id":"manzana:UV-110-018","properties":{"id":"manzana:UV-110-018","codigo":"UV-110-018","nombre":"","tipo":"manzana","version_capa":"samples-sinteticas","fuente":"sintético","distrito_id":"distrito_municipal:D03","unidad_vecinal_id":"unidad_vecinal:UV-110"},"geometry":{"type":"Polygon","coordinates":[[[-63.1645523,-17.7674518],[-63.1636089,-17.7674518],[-63.1636089,-17.7665475],[-63.1645523,-17.7665475],[-63.1645523,-17.7674518]]]}},{"type":"Feature","id":"manzana:UV-110-019","properties":{"id":"manzana:UV-110-019","codigo":"UV-110-019","nombre":"","tipo":"manzana","version_capa":"samples-sinteticas","fuente":"sintético","distrito_id":"distrito_municipal:D03","unidad_vecinal_id":"unidad_vecinal:UV-110"},"geometry":{"type":"Polygon","coordinates":[[[-63.1645523,-17.7663214],[-63.1636089,-17.7663214],[-63.1636089,-17.765417],[-63.1645523,-17.765417],[-63.1645523,-17.7663214]]]}},{"type":"Feature","id":"manzana:UV-110-020","properties":{"id":"manzana:UV-110-020","codigo":"UV-110-020","nombre":"","tipo":"manzana","version_capa":"samples-sinteticas","fuente":"sintético","distrito_id":"distrito_municipal:D03","unidad_vecinal_id":"unidad_vecinal:UV-110"},"geometry":{"type":"Polygon","coordinates":[[[-63.1645523,-17.7651909],[-63.1636089,-17.7651909],[-63.1636089,-17.7642865],[-63.1645523,-17.7642865],[-63.1645523,-17.7651909]]]}},{"type":"Feature","id":"manzana:UV-110-021","properties":{"id":"manzana:UV-110-021","codigo":"UV-110-021","nombre":"","tipo":"manzana","version_capa":"samples-sinteticas","fuente":"sintético","distrito_id":"distrito_municipal:D03","unidad_vecinal_id":"unidad_vecinal:UV-110"},"geometry":{"type":"Polygon","coordinates":[[[-63.1645523,-17.7640604],[-63.1636089,-17.7640604],[-63.1636089,-17.7631561],[-63.1645523,-17.7631561],[-63.1645523,-17.7640604]]]}},{"type":"Feature","id":"manzana:UV-110-022","properties":{"id":"manzana:UV-110-022","codigo":"UV-110-022","nombre":"","tipo":"manzana","version_capa":"samples-sinteticas","fuente":"sintético","distrito_id":"distrito_municipal:D03","unidad_vecinal_id":"unidad_vecinal:UV-110"},"geometry":{"type":"Polygon","coordinates":[[[-63.1645523,-17.76293],[-63.1636089,-17.76293],[-63.1636089,-17.7620256],[-63.1645523,-17.7620256],[-63.1645523,-17.76293]]]}},{"type":"Feature","id":"manzana:UV-110-023","properties":{"id":"manzana:UV-110-023","codigo":"UV-110-023","nombre":"","tipo":"manzana","version_capa":"samples-sinteticas","fuente":"sintético","distrito_id":"distrito_municipal:D03","unidad_vecinal_id":"unidad_vecinal:UV-110"},"geometry":{"type":"Polygon","coordinates":[[[-63.1645523,-17.7617995],[-63.1636089,-17.7617995],[-63.1636089,-17.7608951],[-63.1645523,-17.7608951],[-63.1645523,-17.7617995]]]}},{"type":"Feature","id":"manzana:UV-110-024","properties":{"id":"manzana:UV-110-024","codigo":"UV-110-024","nombre":"","tipo":"manzana","version_capa":"samples-sinteticas","fuente":"sintético","distrito_id":"distrito_municipal:D03","unidad_vecinal_id":"unidad_vecinal:UV-110"},"geometry":{"type":"Polygon","coordinates":[[[-63.1645523,-17.7606691],[-63.1636089,-17.7606691],[-63.1636089,-17.7597647],[-63.1645523,-17.7597647],[-63.1645523,-17.7606691]]]}},{"type":"Feature","id":"manzana:UV-110-025","properties":{"id":"manzana:UV-110-025","codigo":"UV-110-025","nombre":"","tipo":"manzana","version_capa":"samples-sinteticas","fuente":"sintético","distrito_id":"distrito_municipal:D03","unidad_vecinal_id":"unidad_vecinal:UV-110"},"geometry":{"type":"Polygon","coordinates":[[[-63.1633731,-17.7731042],[-63.1624297,-17.7731042],[-63.1624297,-17.7721998],[-63.1633731,-17.7721998],[-63.1633731,-17.7731042]]]}},{"type":"Feature","id":"manzana:UV-110-026","properties":{"id":"manzana:UV-110-026","codigo":"UV-110-026","nombre":"","tipo":"manzana","version_capa":"samples-sinteticas","fuente":"sintético","distrito_id":"distrito_municipal:D03","unidad_vecinal_id":"unidad_vecinal:UV-110"},"geometry":{"type":"Polygon","coordinates":[[[-63.1633731,-17.7719737],[-63.1624297,-17.7719737],[-63.1624297,-17.7710693],[-63.1633731,-17.7710693],[-63.1633731,-17.7719737]]]}},{"type":"Feature","id":"manzana:UV-110-027","properties":{"id":"manzana:UV-110-027","codigo":"UV-110-027","nombre":"","tipo":"manzana","version_capa":"samples-sinteticas","fuente":"sintético","distrito_id":"distrito_municipal:D03","unidad_vecinal_id":"unidad_vecinal:UV-110"},"geometry":{"type":"Polygon","coordinates":[[[-63.1633731,-17.7708432],[-63.1624297,-17.7708432],[-63.1624297,-17.7699389],[-63.1633731,-17.7699389],[-63.1633731,-17.7708432]]]}},{"type":"Feature","id":"manzana:UV-110-028","properties":{"id":"manzana:UV-110-028","codigo":"UV-110-028","nombre":"","tipo":"manzana","version_capa":"samples-sinteticas","fuente":"sintético","distrito_id":"distrito_municipal:D03","unidad_vecinal_id":"unidad_vecinal:UV-110"},"geometry":{"type":"Polygon","coordinates":[[[-63.1633731,-17.7697128],[-63.1624297,-17.7697128],[-63.1624297,-17.7688084],[-63.1633731,-17.7688084],[-63.1633731,-17.7697128]]]}},{"type":"Feature","id":"manzana:UV-110-029","properties":{"id":"manzana:UV-110-029","codigo":"UV-110-029","nombre":"","tipo":"manzana","version_capa":"samples-sinteticas","fuente":"sintético","distrito_id":"distrito_municipal:D03","unidad_vecinal_id":"unidad_vecinal:UV-110"},"geometry":{"type":"Polygon","coordinates":[[[-63.1633731,-17.7685823],[-63.1624297,-17.7685823],[-63.1624297,-17.7676779],[-63.1633731,-17.7676779],[-63.1633731,-17.7685823]]]}},{"type":"Feature","id":"manzana:UV-110-030","properties":{"id":"manzana:UV-110-030","codigo":"UV-110-030","nombre":"","tipo":"manzana","version_capa":"samples-sinteticas","fuente":"sintético","distrito_id":"distrito_municipal:D03","unidad_vecinal_id":"unidad_vecinal:UV-110"},"geometry":{"type":"Polygon","coordinates":[[[-63.1633731,-17.7674518],[-63.1624297,-17.7674518],[-63.1624297,-17.7665475],[-63.1633731,-17.7665475],[-63.1633731,-17.7674518]]]}},{"type":"Feature","id":"manzana:UV-110-031","properties":{"id":"manzana:UV-110-031","codigo":"UV-110-031","nombre":"","tipo":"manzana","version_capa":"samples-sinteticas","fuente":"sintético","distrito_id":"distrito_municipal:D03","unidad_vecinal_id":"unidad_vecinal:UV-110"},"geometry":{"type":"Polygon","coordinates":[[[-63.1633731,-17.7663214],[-63.1624297,-17.7663214],[-63.1624297,-17.765417],[-63.1633731,-17.765417],[-63.1633731,-17.7663214]]]}},{"type":"Feature","id":"manzana:UV-110-032","properties":{"id":"manzana:UV-110-032","codigo":"UV-110-032","nombre":"","tipo":"manzana","version_capa":"samples-sinteticas","fuente":"sintético","distrito_id":"distrito_municipal:D03","unidad_vecinal_id":"unidad_vecinal:UV-110"},"geometry":{"type":"Polygon","coordinates":[[[-63.1633731,-17.7651909],[-63.1624297,-17.7651909],[-63.1624297,-17.7642865],[-63.1633731,-17.7642865],[-63.1633731,-17.7651909]]]}},{"type":"Feature","id":"manzana:UV-110-033","properties":{"id":"manzana:UV-110-033","codigo":"UV-110-033","nombre":"","tipo":"manzana","version_capa":"samples-sinteticas","fuente":"sintético","distrito_id":"distrito_municipal:D03","unidad_vecinal_id":"unidad_vecinal:UV-110"},"geometry":{"type":"Polygon","coordinates":[[[-63.1633731,-17.7640604],[-63.1624297,-17.7640604],[-63.1624297,-17.7631561],[-63.1633731,-17.7631561],[-63.1633731,-17.7640604]]]}},{"type":"Feature","id":"manzana:UV-110-034","properties":{"id":"manzana:UV-110-034","codigo":"UV-110-034","nombre":"","tipo":"manzana","version_capa":"samples-sinteticas","fuente":"sintético","distrito_id":"distrito_municipal:D03","unidad_vecinal_id":"unidad_vecinal:UV-110"},"geometry":{"type":"Polygon","coordinates":[[[-63.1633731,-17.76293],[-63.1624297,-17.76293],[-63.1624297,-17.7620256],[-63.1633731,-17.7620256],[-63.1633731,-17.76293]]]}},{"type":"Feature","id":"manzana:UV-110-035","properties":{"id":"manzana:UV-110-035","codigo":"UV-110-035","nombre":"","tipo":"manzana","version_capa":"samples-sinteticas","fuente":"sintético","distrito_id":"distrito_municipal:D03","unidad_vecinal_id":"unidad_vecinal:UV-110"},"geometry":{"type":"Polygon","coordinates":[[[-63.1633731,-17.7617995],[-63.1624297,-17.7617995],[-63.1624297,-17.7608951],[-63.1633731,-17.7608951],[-63.1633731,-17.7617995]]]}},{"type":"Feature","id":"manzana:UV-110-036","properties":{"id":"manzana:UV-110-036","codigo":"UV-110-036","nombre":"","tipo":"manzana","version_capa":"samples-sinteticas","fuente":"sintético","distrito_id":"distrito_municipal:D03","unidad_vecinal_id":"unidad_vecinal:UV-110"},"geometry":{"type":"Polygon","coordinates":[[[-63.1633731,-17.7606691],[-63.1624297,-17.7606691],[-63.1624297,-17.7597647],[-63.1633731,-17.7597647],[-63.1633731,-17.7606691]]]}},{"type":"Feature","id":"manzana:UV-110-037","properties":{"id":"manzana:UV-110-037","codigo":"UV-110-037","nombre":"","tipo":"manzana","version_capa":"samples-sinteticas","fuente":"sintético","distrito_id":"distrito_municipal:D03","unidad_vecinal_id":"unidad_vecinal:UV-110"},"geometry":{"type":"Polygon","coordinates":[[[-63.1621939,-17.7731042],[-63.1612505,-17.7731042],[-63.1612505,-17.7721998],[-63.1621939,-17.7721998],[-63.1621939,-17.7731042]]]}},{"type":"Feature","id":"manzana:UV-110-038","properties":{"id":"manzana:UV-110-038","codigo":"UV-110-038","nombre":"","tipo":"manzana","version_capa":"samples-sinteticas","fuente":"sintético","distrito_id":"distrito_municipal:D03","unidad_vecinal_id":"unidad_vecinal:UV-110"},"geometry":{"type":"Polygon","coordinates":[[[-63.1621939,-17.7719737],[-63.1612505,-17.7719737],[-63.1612505,-17.7710693],[-63.1621939,-17.7710693],[-63.1621939,-17.7719737]]]}},{"type":"Feature","id":"manzana:UV-110-039","properties":{"id":"manzana:UV-110-039","codigo":"UV-110-039","nombre":"","tipo":"manzana","version_capa":"samples-sinteticas","fuente":"sintético","distrito_id":"distrito_municipal:D03","unidad_vecinal_id":"unidad_vecinal:UV-110"},"geometry":{"type":"Polygon","coordinates":[[[-63.1621939,-17.7708432],[-63.1612505,-17.7708432],[-63.1612505,-17.7699389],[-63.1621939,-17.7699389],[-63.1621939,-17.7708432]]]}},{"type":"Feature","id":"manzana:UV-110-040","properties":{"id":"manzana:UV-110-040","codigo":"UV-110-040","nombre":"","tipo":"manzana","version_capa":"samples-sinteticas","fuente":"sintético","distrito_id":"distrito_municipal:D03","unidad_vecinal_id":"unidad_vecinal:UV-110"},"geometry":{"type":"Polygon","coordinates":[[[-63.1621939,-17.7697128],[-63.1612505,-17.7697128],[-63.1612505,-17.7688084],[-63.1621939,-17.7688084],[-63.1621939,-17.7697128]]]}},{"type":"Feature","id":"manzana:UV-110-041","properties":{"id":"manzana:UV-110-041","codigo":"UV-110-041","nombre":"","tipo":"manzana","version_capa":"samples-sinteticas","fuente":"sintético","distrito_id":"distrito_municipal:D03","unidad_vecinal_id":"unidad_vecinal:UV-110"},"geometry":{"type":"Polygon","coordinates":[[[-63.1621939,-17.7685823],[-63.1612505,-17.7685823],[-63.1612505,-17.7676779],[-63.1621939,-17.7676779],[-63.1621939,-17.7685823]]]}},{"type":"Feature","id":"manzana:UV-110-042","properties":{"id":"manzana:UV-110-042","codigo":"UV-110-042","nombre":"","tipo":"manzana","version_capa":"samples-sinteticas","fuente":"sintético","distrito_id":"distrito_municipal:D03","unidad_vecinal_id":"unidad_vecinal:UV-110"},"geometry":{"type":"Polygon","coordinates":[[[-63.1621939,-17.7674518],[-63.1612505,-17.7674518],[-63.1612505,-17.7665475],[-63.1621939,-17.7665475],[-63.1621939,-17.7674518]]]}},{"type":"Feature","id":"manzana:UV-110-043","properties":{"id":"manzana:UV-110-043","codigo":"UV-110-043","nombre":"","tipo":"manzana","version_capa":"samples-sinteticas","fuente":"sintético","distrito_id":"distrito_municipal:D03","unidad_vecinal_id":"unidad_vecinal:UV-110"},"geometry":{"type":"Polygon","coordinates":[[[-63.1621939,-17.7663214],[-63.1612505,-17.7663214],[-63.1612505,-17.765417],[-63.1621939,-17.765417],[-63.1621939,-17.7663214]]]}},{"type":"Feature","id":"manzana:UV-110-044","properties":{"id":"manzana:UV-110-044","codigo":"UV-110-044","nombre":"","tipo":"manzana","version_capa":"samples-sinteticas","fuente":"sintético","distrito_id":"distrito_municipal:D03","unidad_vecinal_id":"unidad_vecinal:UV-110"},"geometry":{"type":"Polygon","coordinates":[[[-63.1621939,-17.7651909],[-63.1612505,-17.7651909],[-63.1612505,-17.7642865],[-63.1621939,-17.7642865],[-63.1621939,-17.7651909]]]}},{"type":"Feature","id":"manzana:UV-110-045","properties":{"id":"manzana:UV-110-045","codigo":"UV-110-045","nombre":"","tipo":"manzana","version_capa":"samples-sinteticas","fuente":"sintético","distrito_id":"distrito_municipal:D03","unidad_vecinal_id":"unidad_vecinal:UV-110"},"geometry":{"type":"Polygon","coordinates":[[[-63.1621939,-17.7640604],[-63.1612505,-17.7640604],[-63.1612505,-17.7631561],[-63.1621939,-17.7631561],[-63.1621939,-17.7640604]]]}},{"type":"Feature","id":"manzana:UV-110-046","properties":{"id":"manzana:UV-110-046","codigo":"UV-110-046","nombre":"","tipo":"manzana","version_capa":"samples-sinteticas","fuente":"sintético","distrito_id":"distrito_municipal:D03","unidad_vecinal_id":"unidad_vecinal:UV-110"},"geometry":{"type":"Polygon","coordinates":[[[-63.1621939,-17.76293],[-63.1612505,-17.76293],[-63.1612505,-17.7620256],[-63.1621939,-17.7620256],[-63.1621939,-17.76293]]]}},{"type":"Feature","id":"manzana:UV-110-047","properties":{"id":"manzana:UV-110-047","codigo":"UV-110-047","nombre":"","tipo":"manzana","version_capa":"samples-sinteticas","fuente":"sintético","distrito_id":"distrito_municipal:D03","unidad_vecinal_id":"unidad_vecinal:UV-110"},"geometry":{"type":"Polygon","coordinates":[[[-63.1621939,-17.7617995],[-63.1612505,-17.7617995],[-63.1612505,-17.7608951],[-63.1621939,-17.7608951],[-63.1621939,-17.7617995]]]}},{"type":"Feature","id":"manzana:UV-110-048","properties":{"id":"manzana:UV-110-048","codigo":"UV-110-048","nombre":"","tipo":"manzana","version_capa":"samples-sinteticas","fuente":"sintético","distrito_id":"distrito_municipal:D03","unidad_vecinal_id":"unidad_vecinal:UV-110"},"geometry":{"type":"Polygon","coordinates":[[[-63.1621939,-17.7606691],[-63.1612505,-17.7606691],[-63.1612505,-17.7597647],[-63.1621939,-17.7597647],[-63.1621939,-17.7606691]]]}},{"type":"Feature","id":"manzana:UV-110-049","properties":{"id":"manzana:UV-110-049","codigo":"UV-110-049","nombre":"","tipo":"manzana","version_capa":"samples-sinteticas","fuente":"sintético","distrito_id":"distrito_municipal:D03","unidad_vecinal_id":"unidad_vecinal:UV-110"},"geometry":{"type":"Polygon","coordinates":[[[-63.1610147,-17.7731042],[-63.1600713,-17.7731042],[-63.1600713,-17.7721998],[-63.1610147,-17.7721998],[-63.1610147,-17.7731042]]]}},{"type":"Feature","id":"manzana:UV-110-050","properties":{"id":"manzana:UV-110-050","codigo":"UV-110-050","nombre":"","tipo":"manzana","version_capa":"samples-sinteticas","fuente":"sintético","distrito_id":"distrito_municipal:D03","unidad_vecinal_id":"unidad_vecinal:UV-110"},"geometry":{"type":"Polygon","coordinates":[[[-63.1610147,-17.7719737],[-63.1600713,-17.7719737],[-63.1600713,-17.7710693],[-63.1610147,-17.7710693],[-63.1610147,-17.7719737]]]}},{"type":"Feature","id":"manzana:UV-110-051","properties":{"id":"manzana:UV-110-051","codigo":"UV-110-051","nombre":"","tipo":"manzana","version_capa":"samples-sinteticas","fuente":"sintético","distrito_id":"distrito_municipal:D03","unidad_vecinal_id":"unidad_vecinal:UV-110"},"geometry":{"type":"Polygon","coordinates":[[[-63.1610147,-17.7708432],[-63.1600713,-17.7708432],[-63.1600713,-17.7699389],[-63.1610147,-17.7699389],[-63.1610147,-17.7708432]]]}},{"type":"Feature","id":"manzana:UV-110-052","properties":{"id":"manzana:UV-110-052","codigo":"UV-110-052","nombre":"","tipo":"manzana","version_capa":"samples-sinteticas","fuente":"sintético","distrito_id":"distrito_municipal:D03","unidad_vecinal_id":"unidad_vecinal:UV-110"},"geometry":{"type":"Polygon","coordinates":[[[-63.1610147,-17.7697128],[-63.1600713,-17.7697128],[-63.1600713,-17.7688084],[-63.1610147,-17.7688084],[-63.1610147,-17.7697128]]]}},{"type":"Feature","id":"manzana:UV-110-053","properties":{"id":"manzana:UV-110-053","codigo":"UV-110-053","nombre":"","tipo":"manzana","version_capa":"samples-sinteticas","fuente":"sintético","distrito_id":"distrito_municipal:D03","unidad_vecinal_id":"unidad_vecinal:UV-110"},"geometry":{"type":"Polygon","coordinates":[[[-63.1610147,-17.7685823],[-63.1600713,-17.7685823],[-63.1600713,-17.7676779],[-63.1610147,-17.7676779],[-63.1610147,-17.7685823]]]}},{"type":"Feature","id":"manzana:UV-110-054","properties":{"id":"manzana:UV-110-054","codigo":"UV-110-054","nombre":"","tipo":"manzana","version_capa":"samples-sinteticas","fuente":"sintético","distrito_id":"distrito_municipal:D03","unidad_vecinal_id":"unidad_vecinal:UV-110"},"geometry":{"type":"Polygon","coordinates":[[[-63.1610147,-17.7674518],[-63.1600713,-17.7674518],[-63.1600713,-17.7665475],[-63.1610147,-17.7665475],[-63.1610147,-17.7674518]]]}},{"type":"Feature","id":"manzana:UV-110-055","properties":{"id":"manzana:UV-110-055","codigo":"UV-110-055","nombre":"","tipo":"manzana","version_capa":"samples-sinteticas","fuente":"sintético","distrito_id":"distrito_municipal:D03","unidad_vecinal_id":"unidad_vecinal:UV-110"},"geometry":{"type":"Polygon","coordinates":[[[-63.1610147,-17.7663214],[-63.1600713,-17.7663214],[-63.1600713,-17.765417],[-63.1610147,-17.765417],[-63.1610147,-17.7663214]]]}},{"type":"Feature","id":"manzana:UV-110-056","properties":{"id":"manzana:UV-110-056","codigo":"UV-110-056","nombre":"","tipo":"manzana","version_capa":"samples-sinteticas","fuente":"sintético","distrito_id":"distrito_municipal:D03","unidad_vecinal_id":"unidad_vecinal:UV-110"},"geometry":{"type":"Polygon","coordinates":[[[-63.1610147,-17.7651909],[-63.1600713,-17.7651909],[-63.1600713,-17.7642865],[-63.1610147,-17.7642865],[-63.1610147,-17.7651909]]]}},{"type":"Feature","id":"manzana:UV-110-057","properties":{"id":"manzana:UV-110-057","codigo":"UV-110-057","nombre":"","tipo":"manzana","version_capa":"samples-sinteticas","fuente":"sintético","distrito_id":"distrito_municipal:D03","unidad_vecinal_id":"unidad_vecinal:UV-110"},"geometry":{"type":"Polygon","coordinates":[[[-63.1610147,-17.7640604],[-63.1600713,-17.7640604],[-63.1600713,-17.7631561],[-63.1610147,-17.7631561],[-63.1610147,-17.7640604]]]}},{"type":"Feature","id":"manzana:UV-110-058","properties":{"id":"manzana:UV-110-058","codigo":"UV-110-058","nombre":"","tipo":"manzana","version_capa":"samples-sinteticas","fuente":"sintético","distrito_id":"distrito_municipal:D03","unidad_vecinal_id":"unidad_vecinal:UV-110"},"geometry":{"type":"Polygon","coordinates":[[[-63.1610147,-17.76293],[-63.1600713,-17.76293],[-63.1600713,-17.7620256],[-63.1610147,-17.7620256],[-63.1610147,-17.76293]]]}},{"type":"Feature","id":"manzana:UV-110-059","properties":{"id":"manzana:UV-110-059","codigo":"UV-110-059","nombre":"","tipo":"manzana","version_capa":"samples-sinteticas","fuente":"sintético","distrito_id":"distrito_municipal:D03","unidad_vecinal_id":"unidad_vecinal:UV-110"},"geometry":{"type":"Polygon","coordinates":[[[-63.1610147,-17.7617995],[-63.1600713,-17.7617995],[-63.1600713,-17.7608951],[-63.1610147,-17.7608951],[-63.1610147,-17.7617995]]]}},{"type":"Feature","id":"manzana:UV-110-060","properties":{"id":"manzana:UV-110-060","codigo":"UV-110-060","nombre":"","tipo":"manzana","version_capa":"samples-sinteticas","fuente":"sintético","distrito_id":"distrito_municipal:D03","unidad_vecinal_id":"unidad_vecinal:UV-110"},"geometry":{"type":"Polygon","coordinates":[[[-63.1610147,-17.7606691],[-63.1600713,-17.7606691],[-63.1600713,-17.7597647],[-63.1610147,-17.7597647],[-63.1610147,-17.7606691]]]}},{"type":"Feature","id":"manzana:UV-110-061","properties":{"id":"manzana:UV-110-061","codigo":"UV-110-061","nombre":"","tipo":"manzana","version_capa":"samples-sinteticas","fuente":"sintético","distrito_id":"distrito_municipal:D03","unidad_vecinal_id":"unidad_vecinal:UV-110"},"geometry":{"type":"Polygon","coordinates":[[[-63.1598355,-17.7731042],[-63.1588921,-17.7731042],[-63.1588921,-17.7721998],[-63.1598355,-17.7721998],[-63.1598355,-17.7731042]]]}},{"type":"Feature","id":"manzana:UV-110-062","properties":{"id":"manzana:UV-110-062","codigo":"UV-110-062","nombre":"","tipo":"manzana","version_capa":"samples-sinteticas","fuente":"sintético","distrito_id":"distrito_municipal:D03","unidad_vecinal_id":"unidad_vecinal:UV-110"},"geometry":{"type":"Polygon","coordinates":[[[-63.1598355,-17.7719737],[-63.1588921,-17.7719737],[-63.1588921,-17.7710693],[-63.1598355,-17.7710693],[-63.1598355,-17.7719737]]]}},{"type":"Feature","id":"manzana:UV-110-063","properties":{"id":"manzana:UV-110-063","codigo":"UV-110-063","nombre":"","tipo":"manzana","version_capa":"samples-sinteticas","fuente":"sintético","distrito_id":"distrito_municipal:D03","unidad_vecinal_id":"unidad_vecinal:UV-110"},"geometry":{"type":"Polygon","coordinates":[[[-63.1598355,-17.7708432],[-63.1588921,-17.7708432],[-63.1588921,-17.7699389],[-63.1598355,-17.7699389],[-63.1598355,-17.7708432]]]}},{"type":"Feature","id":"manzana:UV-110-064","properties":{"id":"manzana:UV-110-064","codigo":"UV-110-064","nombre":"","tipo":"manzana","version_capa":"samples-sinteticas","fuente":"sintético","distrito_id":"distrito_municipal:D03","unidad_vecinal_id":"unidad_vecinal:UV-110"},"geometry":{"type":"Polygon","coordinates":[[[-63.1598355,-17.7697128],[-63.1588921,-17.7697128],[-63.1588921,-17.7688084],[-63.1598355,-17.7688084],[-63.1598355,-17.7697128]]]}},{"type":"Feature","id":"manzana:UV-110-065","properties":{"id":"manzana:UV-110-065","codigo":"UV-110-065","nombre":"","tipo":"manzana","version_capa":"samples-sinteticas","fuente":"sintético","distrito_id":"distrito_municipal:D03","unidad_vecinal_id":"unidad_vecinal:UV-110"},"geometry":{"type":"Polygon","coordinates":[[[-63.1598355,-17.7685823],[-63.1588921,-17.7685823],[-63.1588921,-17.7676779],[-63.1598355,-17.7676779],[-63.1598355,-17.7685823]]]}},{"type":"Feature","id":"manzana:UV-110-066","properties":{"id":"manzana:UV-110-066","codigo":"UV-110-066","nombre":"","tipo":"manzana","version_capa":"samples-sinteticas","fuente":"sintético","distrito_id":"distrito_municipal:D03","unidad_vecinal_id":"unidad_vecinal:UV-110"},"geometry":{"type":"Polygon","coordinates":[[[-63.1598355,-17.7674518],[-63.1588921,-17.7674518],[-63.1588921,-17.7665475],[-63.1598355,-17.7665475],[-63.1598355,-17.7674518]]]}},{"type":"Feature","id":"manzana:UV-110-067","properties":{"id":"manzana:UV-110-067","codigo":"UV-110-067","nombre":"","tipo":"manzana","version_capa":"samples-sinteticas","fuente":"sintético","distrito_id":"distrito_municipal:D03","unidad_vecinal_id":"unidad_vecinal:UV-110"},"geometry":{"type":"Polygon","coordinates":[[[-63.1598355,-17.7663214],[-63.1588921,-17.7663214],[-63.1588921,-17.765417],[-63.1598355,-17.765417],[-63.1598355,-17.7663214]]]}},{"type":"Feature","id":"manzana:UV-110-068","properties":{"id":"manzana:UV-110-068","codigo":"UV-110-068","nombre":"","tipo":"manzana","version_capa":"samples-sinteticas","fuente":"sintético","distrito_id":"distrito_municipal:D03","unidad_vecinal_id":"unidad_vecinal:UV-110"},"geometry":{"type":"Polygon","coordinates":[[[-63.1598355,-17.7651909],[-63.1588921,-17.7651909],[-63.1588921,-17.7642865],[-63.1598355,-17.7642865],[-63.1598355,-17.7651909]]]}},{"type":"Feature","id":"manzana:UV-110-069","properties":{"id":"manzana:UV-110-069","codigo":"UV-110-069","nombre":"","tipo":"manzana","version_capa":"samples-sinteticas","fuente":"sintético","distrito_id":"distrito_municipal:D03","unidad_vecinal_id":"unidad_vecinal:UV-110"},"geometry":{"type":"Polygon","coordinates":[[[-63.1598355,-17.7640604],[-63.1588921,-17.7640604],[-63.1588921,-17.7631561],[-63.1598355,-17.7631561],[-63.1598355,-17.7640604]]]}},{"type":"Feature","id":"manzana:UV-110-070","properties":{"id":"manzana:UV-110-070","codigo":"UV-110-070","nombre":"","tipo":"manzana","version_capa":"samples-sinteticas","fuente":"sintético","distrito_id":"distrito_municipal:D03","unidad_vecinal_id":"unidad_vecinal:UV-110"},"geometry":{"type":"Polygon","coordinates":[[[-63.1598355,-17.76293],[-63.1588921,-17.76293],[-63.1588921,-17.7620256],[-63.1598355,-17.7620256],[-63.1598355,-17.76293]]]}},{"type":"Feature","id":"manzana:UV-110-071","properties":{"id":"manzana:UV-110-071","codigo":"UV-110-071","nombre":"","tipo":"manzana","version_capa":"samples-sinteticas","fuente":"sintético","distrito_id":"distrito_municipal:D03","unidad_vecinal_id":"unidad_vecinal:UV-110"},"geometry":{"type":"Polygon","coordinates":[[[-63.1598355,-17.7617995],[-63.1588921,-17.7617995],[-63.1588921,-17.7608951],[-63.1598355,-17.7608951],[-63.1598355,-17.7617995]]]}},{"type":"Feature","id":"manzana:UV-110-072","properties":{"id":"manzana:UV-110-072","codigo":"UV-110-072","nombre":"","tipo":"manzana","version_capa":"samples-sinteticas","fuente":"sintético","distrito_id":"distrito_municipal:D03","unidad_vecinal_id":"unidad_vecinal:UV-110"},"geometry":{"type":"Polygon","coordinates":[[[-63.1598355,-17.7606691],[-63.1588921,-17.7606691],[-63.1588921,-17.7597647],[-63.1598355,-17.7597647],[-63.1598355,-17.7606691]]]}},{"type":"Feature","id":"manzana:UV-110-073","properties":{"id":"manzana:UV-110-073","codigo":"UV-110-073","nombre":"","tipo":"manzana","version_capa":"samples-sinteticas","fuente":"sintético","distrito_id":"distrito_municipal:D03","unidad_vecinal_id":"unidad_vecinal:UV-110"},"geometry":{"type":"Polygon","coordinates":[[[-63.1586562,-17.7731042],[-63.1577129,-17.7731042],[-63.1577129,-17.7721998],[-63.1586562,-17.7721998],[-63.1586562,-17.7731042]]]}},{"type":"Feature","id":"manzana:UV-110-074","properties":{"id":"manzana:UV-110-074","codigo":"UV-110-074","nombre":"","tipo":"manzana","version_capa":"samples-sinteticas","fuente":"sintético","distrito_id":"distrito_municipal:D03","unidad_vecinal_id":"unidad_vecinal:UV-110"},"geometry":{"type":"Polygon","coordinates":[[[-63.1586562,-17.7719737],[-63.1577129,-17.7719737],[-63.1577129,-17.7710693],[-63.1586562,-17.7710693],[-63.1586562,-17.7719737]]]}},{"type":"Feature","id":"manzana:UV-110-075","properties":{"id":"manzana:UV-110-075","codigo":"UV-110-075","nombre":"","tipo":"manzana","version_capa":"samples-sinteticas","fuente":"sintético","distrito_id":"distrito_municipal:D03","unidad_vecinal_id":"unidad_vecinal:UV-110"},"geometry":{"type":"Polygon","coordinates":[[[-63.1586562,-17.7708432],[-63.1577129,-17.7708432],[-63.1577129,-17.7699389],[-63.1586562,-17.7699389],[-63.1586562,-17.7708432]]]}},{"type":"Feature","id":"manzana:UV-110-076","properties":{"id":"manzana:UV-110-076","codigo":"UV-110-076","nombre":"","tipo":"manzana","version_capa":"samples-sinteticas","fuente":"sintético","distrito_id":"distrito_municipal:D03","unidad_vecinal_id":"unidad_vecinal:UV-110"},"geometry":{"type":"Polygon","coordinates":[[[-63.1586562,-17.7697128],[-63.1577129,-17.7697128],[-63.1577129,-17.7688084],[-63.1586562,-17.7688084],[-63.1586562,-17.7697128]]]}},{"type":"Feature","id":"manzana:UV-110-077","properties":{"id":"manzana:UV-110-077","codigo":"UV-110-077","nombre":"","tipo":"manzana","version_capa":"samples-sinteticas","fuente":"sintético","distrito_id":"distrito_municipal:D03","unidad_vecinal_id":"unidad_vecinal:UV-110"},"geometry":{"type":"Polygon","coordinates":[[[-63.1586562,-17.7685823],[-63.1577129,-17.7685823],[-63.1577129,-17.7676779],[-63.1586562,-17.7676779],[-63.1586562,-17.7685823]]]}},{"type":"Feature","id":"manzana:UV-110-078","properties":{"id":"manzana:UV-110-078","codigo":"UV-110-078","nombre":"","tipo":"manzana","version_capa":"samples-sinteticas","fuente":"sintético","distrito_id":"distrito_municipal:D03","unidad_vecinal_id":"unidad_vecinal:UV-110"},"geometry":{"type":"Polygon","coordinates":[[[-63.1586562,-17.7674518],[-63.1577129,-17.7674518],[-63.1577129,-17.7665475],[-63.1586562,-17.7665475],[-63.1586562,-17.7674518]]]}},{"type":"Feature","id":"manzana:UV-110-079","properties":{"id":"manzana:UV-110-079","codigo":"UV-110-079","nombre":"","tipo":"manzana","version_capa":"samples-sinteticas","fuente":"sintético","distrito_id":"distrito_municipal:D03","unidad_vecinal_id":"unidad_vecinal:UV-110"},"geometry":{"type":"Polygon","coordinates":[[[-63.1586562,-17.7663214],[-63.1577129,-17.7663214],[-63.1577129,-17.765417],[-63.1586562,-17.765417],[-63.1586562,-17.7663214]]]}},{"type":"Feature","id":"manzana:UV-110-080","properties":{"id":"manzana:UV-110-080","codigo":"UV-110-080","nombre":"","tipo":"manzana","version_capa":"samples-sinteticas","fuente":"sintético","distrito_id":"distrito_municipal:D03","unidad_vecinal_id":"unidad_vecinal:UV-110"},"geometry":{"type":"Polygon","coordinates":[[[-63.1586562,-17.7651909],[-63.1577129,-17.7651909],[-63.1577129,-17.7642865],[-63.1586562,-17.7642865],[-63.1586562,-17.7651909]]]}},{"type":"Feature","id":"manzana:UV-110-081","properties":{"id":"manzana:UV-110-081","codigo":"UV-110-081","nombre":"","tipo":"manzana","version_capa":"samples-sinteticas","fuente":"sintético","distrito_id":"distrito_municipal:D03","unidad_vecinal_id":"unidad_vecinal:UV-110"},"geometry":{"type":"Polygon","coordinates":[[[-63.1586562,-17.7640604],[-63.1577129,-17.7640604],[-63.1577129,-17.7631561],[-63.1586562,-17.7631561],[-63.1586562,-17.7640604]]]}},{"type":"Feature","id":"manzana:UV-110-082","properties":{"id":"manzana:UV-110-082","codigo":"UV-110-082","nombre":"","tipo":"manzana","version_capa":"samples-sinteticas","fuente":"sintético","distrito_id":"distrito_municipal:D03","unidad_vecinal_id":"unidad_vecinal:UV-110"},"geometry":{"type":"Polygon","coordinates":[[[-63.1586562,-17.76293],[-63.1577129,-17.76293],[-63.1577129,-17.7620256],[-63.1586562,-17.7620256],[-63.1586562,-17.76293]]]}},{"type":"Feature","id":"manzana:UV-110-083","properties":{"id":"manzana:UV-110-083","codigo":"UV-110-083","nombre":"","tipo":"manzana","version_capa":"samples-sinteticas","fuente":"sintético","distrito_id":"distrito_municipal:D03","unidad_vecinal_id":"unidad_vecinal:UV-110"},"geometry":{"type":"Polygon","coordinates":[[[-63.1586562,-17.7617995],[-63.1577129,-17.7617995],[-63.1577129,-17.7608951],[-63.1586562,-17.7608951],[-63.1586562,-17.7617995]]]}},{"type":"Feature","id":"manzana:UV-110-084","properties":{"id":"manzana:UV-110-084","codigo":"UV-110-084","nombre":"","tipo":"manzana","version_capa":"samples-sinteticas","fuente":"sintético","distrito_id":"distrito_municipal:D03","unidad_vecinal_id":"unidad_vecinal:UV-110"},"geometry":{"type":"Polygon","coordinates":[[[-63.1586562,-17.7606691],[-63.1577129,-17.7606691],[-63.1577129,-17.7597647],[-63.1586562,-17.7597647],[-63.1586562,-17.7606691]]]}},{"type":"Feature","id":"manzana:UV-110-085","properties":{"id":"manzana:UV-110-085","codigo":"UV-110-085","nombre":"","tipo":"manzana","version_capa":"samples-sinteticas","fuente":"sintético","distrito_id":"distrito_municipal:D03","unidad_vecinal_id":"unidad_vecinal:UV-110"},"geometry":{"type":"Polygon","coordinates":[[[-63.157477,-17.7731042],[-63.1565337,-17.7731042],[-63.1565337,-17.7721998],[-63.157477,-17.7721998],[-63.157477,-17.7731042]]]}},{"type":"Feature","id":"manzana:UV-110-086","properties":{"id":"manzana:UV-110-086","codigo":"UV-110-086","nombre":"","tipo":"manzana","version_capa":"samples-sinteticas","fuente":"sintético","distrito_id":"distrito_municipal:D03","unidad_vecinal_id":"unidad_vecinal:UV-110"},"geometry":{"type":"Polygon","coordinates":[[[-63.157477,-17.7719737],[-63.1565337,-17.7719737],[-63.1565337,-17.7710693],[-63.157477,-17.7710693],[-63.157477,-17.7719737]]]}},{"type":"Feature","id":"manzana:UV-110-087","properties":{"id":"manzana:UV-110-087","codigo":"UV-110-087","nombre":"","tipo":"manzana","version_capa":"samples-sinteticas","fuente":"sintético","distrito_id":"distrito_municipal:D03","unidad_vecinal_id":"unidad_vecinal:UV-110"},"geometry":{"type":"Polygon","coordinates":[[[-63.157477,-17.7708432],[-63.1565337,-17.7708432],[-63.1565337,-17.7699389],[-63.157477,-17.7699389],[-63.157477,-17.7708432]]]}},{"type":"Feature","id":"manzana:UV-110-088","properties":{"id":"manzana:UV-110-088","codigo":"UV-110-088","nombre":"","tipo":"manzana","version_capa":"samples-sinteticas","fuente":"sintético","distrito_id":"distrito_municipal:D03","unidad_vecinal_id":"unidad_vecinal:UV-110"},"geometry":{"type":"Polygon","coordinates":[[[-63.157477,-17.7697128],[-63.1565337,-17.7697128],[-63.1565337,-17.7688084],[-63.157477,-17.7688084],[-63.157477,-17.7697128]]]}},{"type":"Feature","id":"manzana:UV-110-089","properties":{"id":"manzana:UV-110-089","codigo":"UV-110-089","nombre":"","tipo":"manzana","version_capa":"samples-sinteticas","fuente":"sintético","distrito_id":"distrito_municipal:D03","unidad_vecinal_id":"unidad_vecinal:UV-110"},"geometry":{"type":"Polygon","coordinates":[[[-63.157477,-17.7685823],[-63.1565337,-17.7685823],[-63.1565337,-17.7676779],[-63.157477,-17.7676779],[-63.157477,-17.7685823]]]}},{"type":"Feature","id":"manzana:UV-110-090","properties":{"id":"manzana:UV-110-090","codigo":"UV-110-090","nombre":"","tipo":"manzana","version_capa":"samples-sinteticas","fuente":"sintético","distrito_id":"distrito_municipal:D03","unidad_vecinal_id":"unidad_vecinal:UV-110"},"geometry":{"type":"Polygon","coordinates":[[[-63.157477,-17.7674518],[-63.1565337,-17.7674518],[-63.1565337,-17.7665475],[-63.157477,-17.7665475],[-63.157477,-17.7674518]]]}},{"type":"Feature","id":"manzana:UV-110-091","properties":{"id":"manzana:UV-110-091","codigo":"UV-110-091","nombre":"","tipo":"manzana","version_capa":"samples-sinteticas","fuente":"sintético","distrito_id":"distrito_municipal:D03","unidad_vecinal_id":"unidad_vecinal:UV-110"},"geometry":{"type":"Polygon","coordinates":[[[-63.157477,-17.7663214],[-63.1565337,-17.7663214],[-63.1565337,-17.765417],[-63.157477,-17.765417],[-63.157477,-17.7663214]]]}},{"type":"Feature","id":"manzana:UV-110-092","properties":{"id":"manzana:UV-110-092","codigo":"UV-110-092","nombre":"","tipo":"manzana","version_capa":"samples-sinteticas","fuente":"sintético","distrito_id":"distrito_municipal:D03","unidad_vecinal_id":"unidad_vecinal:UV-110"},"geometry":{"type":"Polygon","coordinates":[[[-63.157477,-17.7651909],[-63.1565337,-17.7651909],[-63.1565337,-17.7642865],[-63.157477,-17.7642865],[-63.157477,-17.7651909]]]}},{"type":"Feature","id":"manzana:UV-110-093","properties":{"id":"manzana:UV-110-093","codigo":"UV-110-093","nombre":"","tipo":"manzana","version_capa":"samples-sinteticas","fuente":"sintético","distrito_id":"distrito_municipal:D03","unidad_vecinal_id":"unidad_vecinal:UV-110"},"geometry":{"type":"Polygon","coordinates":[[[-63.157477,-17.7640604],[-63.1565337,-17.7640604],[-63.1565337,-17.7631561],[-63.157477,-17.7631561],[-63.157477,-17.7640604]]]}},{"type":"Feature","id":"manzana:UV-110-094","properties":{"id":"manzana:UV-110-094","codigo":"UV-110-094","nombre":"","tipo":"manzana","version_capa":"samples-sinteticas","fuente":"sintético","distrito_id":"distrito_municipal:D03","unidad_vecinal_id":"unidad_vecinal:UV-110"},"geometry":{"type":"Polygon","coordinates":[[[-63.157477,-17.76293],[-63.1565337,-17.76293],[-63.1565337,-17.7620256],[-63.157477,-17.7620256],[-63.157477,-17.76293]]]}},{"type":"Feature","id":"manzana:UV-110-095","properties":{"id":"manzana:UV-110-095","codigo":"UV-110-095","nombre":"","tipo":"manzana","version_capa":"samples-sinteticas","fuente":"sintético","distrito_id":"distrito_municipal:D03","unidad_vecinal_id":"unidad_vecinal:UV-110"},"geometry":{"type":"Polygon","coordinates":[[[-63.157477,-17.7617995],[-63.1565337,-17.7617995],[-63.1565337,-17.7608951],[-63.157477,-17.7608951],[-63.157477,-17.7617995]]]}},{"type":"Feature","id":"manzana:UV-110-096","properties":{"id":"manzana:UV-110-096","codigo":"UV-110-096","nombre":"","tipo":"manzana","version_capa":"samples-sinteticas","fuente":"sintético","distrito_id":"distrito_municipal:D03","unidad_vecinal_id":"unidad_vecinal:UV-110"},"geometry":{"type":"Polygon","coordinates":[[[-63.157477,-17.7606691],[-63.1565337,-17.7606691],[-63.1565337,-17.7597647],[-63.157477,-17.7597647],[-63.157477,-17.7606691]]]}},{"type":"Feature","id":"manzana:UV-111-001","properties":{"id":"manzana:UV-111-001","codigo":"UV-111-001","nombre":"","tipo":"manzana","version_capa":"samples-sinteticas","fuente":"sintético","distrito_id":"distrito_municipal:D03","unidad_vecinal_id":"unidad_vecinal:UV-111"},"geometry":{"type":"Polygon","coordinates":[[[-63.1562978,-17.7866697],[-63.1553545,-17.7866697],[-63.1553545,-17.7857654],[-63.1562978,-17.7857654],[-63.1562978,-17.7866697]]]}},{"type":"Feature","id":"manzana:UV-111-002","properties":{"id":"manzana:UV-111-002","codigo":"UV-111-002","nombre":"","tipo":"manzana","version_capa":"samples-sinteticas","fuente":"sintético","distrito_id":"distrito_municipal:D03","unidad_vecinal_id":"unidad_vecinal:UV-111"},"geometry":{"type":"Polygon","coordinates":[[[-63.1562978,-17.7855393],[-63.1553545,-17.7855393],[-63.1553545,-17.7846349],[-63.1562978,-17.7846349],[-63.1562978,-17.7855393]]]}},{"type":"Feature","id":"manzana:UV-111-003","properties":{"id":"manzana:UV-111-003","codigo":"UV-111-003","nombre":"","tipo":"manzana","version_capa":"samples-sinteticas","fuente":"sintético","distrito_id":"distrito_municipal:D03","unidad_vecinal_id":"unidad_vecinal:UV-111"},"geometry":{"type":"Polygon","coordinates":[[[-63.1562978,-17.7844088],[-63.1553545,-17.7844088],[-63.1553545,-17.7835044],[-63.1562978,-17.7835044],[-63.1562978,-17.7844088]]]}},{"type":"Feature","id":"manzana:UV-111-004","properties":{"id":"manzana:UV-111-004","codigo":"UV-111-004","nombre":"","tipo":"manzana","version_capa":"samples-sinteticas","fuente":"sintético","distrito_id":"distrito_municipal:D03","unidad_vecinal_id":"unidad_vecinal:UV-111"},"geometry":{"type":"Polygon","coordinates":[[[-63.1562978,-17.7832783],[-63.1553545,-17.7832783],[-63.1553545,-17.782374],[-63.1562978,-17.782374],[-63.1562978,-17.7832783]]]}},{"type":"Feature","id":"manzana:UV-111-005","properties":{"id":"manzana:UV-111-005","codigo":"UV-111-005","nombre":"","tipo":"manzana","version_capa":"samples-sinteticas","fuente":"sintético","distrito_id":"distrito_municipal:D03","unidad_vecinal_id":"unidad_vecinal:UV-111"},"geometry":{"type":"Polygon","coordinates":[[[-63.1562978,-17.7821479],[-63.1553545,-17.7821479],[-63.1553545,-17.7812435],[-63.1562978,-17.7812435],[-63.1562978,-17.7821479]]]}},{"type":"Feature","id":"manzana:UV-111-006","properties":{"id":"manzana:UV-111-006","codigo":"UV-111-006","nombre":"","tipo":"manzana","version_capa":"samples-sinteticas","fuente":"sintético","distrito_id":"distrito_municipal:D03","unidad_vecinal_id":"unidad_vecinal:UV-111"},"geometry":{"type":"Polygon","coordinates":[[[-63.1562978,-17.7810174],[-63.1553545,-17.7810174],[-63.1553545,-17.780113],[-63.1562978,-17.780113],[-63.1562978,-17.7810174]]]}},{"type":"Feature","id":"manzana:UV-111-007","properties":{"id":"manzana:UV-111-007","codigo":"UV-111-007","nombre":"","tipo":"manzana","version_capa":"samples-sinteticas","fuente":"sintético","distrito_id":"distrito_municipal:D03","unidad_vecinal_id":"unidad_vecinal:UV-111"},"geometry":{"type":"Polygon","coordinates":[[[-63.1562978,-17.779887],[-63.1553545,-17.779887],[-63.1553545,-17.7789826],[-63.1562978,-17.7789826],[-63.1562978,-17.779887]]]}},{"type":"Feature","id":"manzana:UV-111-008","properties":{"id":"manzana:UV-111-008","codigo":"UV-111-008","nombre":"","tipo":"manzana","version_capa":"samples-sinteticas","fuente":"sintético","distrito_id":"distrito_municipal:D03","unidad_vecinal_id":"unidad_vecinal:UV-111"},"geometry":{"type":"Polygon","coordinates":[[[-63.1562978,-17.7787565],[-63.1553545,-17.7787565],[-63.1553545,-17.7778521],[-63.1562978,-17.7778521],[-63.1562978,-17.7787565]]]}},{"type":"Feature","id":"manzana:UV-111-009","properties":{"id":"manzana:UV-111-009","codigo":"UV-111-009","nombre":"","tipo":"manzana","version_capa":"samples-sinteticas","fuente":"sintético","distrito_id":"distrito_municipal:D03","unidad_vecinal_id":"unidad_vecinal:UV-111"},"geometry":{"type":"Polygon","coordinates":[[[-63.1562978,-17.777626],[-63.1553545,-17.777626],[-63.1553545,-17.7767217],[-63.1562978,-17.7767217],[-63.1562978,-17.777626]]]}},{"type":"Feature","id":"manzana:UV-111-010","properties":{"id":"manzana:UV-111-010","codigo":"UV-111-010","nombre":"","tipo":"manzana","version_capa":"samples-sinteticas","fuente":"sintético","distrito_id":"distrito_municipal:D03","unidad_vecinal_id":"unidad_vecinal:UV-111"},"geometry":{"type":"Polygon","coordinates":[[[-63.1562978,-17.7764956],[-63.1553545,-17.7764956],[-63.1553545,-17.7755912],[-63.1562978,-17.7755912],[-63.1562978,-17.7764956]]]}},{"type":"Feature","id":"manzana:UV-111-011","properties":{"id":"manzana:UV-111-011","codigo":"UV-111-011","nombre":"","tipo":"manzana","version_capa":"samples-sinteticas","fuente":"sintético","distrito_id":"distrito_municipal:D03","unidad_vecinal_id":"unidad_vecinal:UV-111"},"geometry":{"type":"Polygon","coordinates":[[[-63.1562978,-17.7753651],[-63.1553545,-17.7753651],[-63.1553545,-17.7744607],[-63.1562978,-17.7744607],[-63.1562978,-17.7753651]]]}},{"type":"Feature","id":"manzana:UV-111-012","properties":{"id":"manzana:UV-111-012","codigo":"UV-111-012","nombre":"","tipo":"manzana","version_capa":"samples-sinteticas","fuente":"sintético","distrito_id":"distrito_municipal:D03","unidad_vecinal_id":"unidad_vecinal:UV-111"},"geometry":{"type":"Polygon","coordinates":[[[-63.1562978,-17.7742346],[-63.1553545,-17.7742346],[-63.1553545,-17.7733303],[-63.1562978,-17.7733303],[-63.1562978,-17.7742346]]]}},{"type":"Feature","id":"manzana:UV-111-013","properties":{"id":"manzana:UV-111-013","codigo":"UV-111-013","nombre":"","tipo":"manzana","version_capa":"samples-sinteticas","fuente":"sintético","distrito_id":"distrito_municipal:D03","unidad_vecinal_id":"unidad_vecinal:UV-111"},"geometry":{"type":"Polygon","coordinates":[[[-63.1551186,-17.7866697],[-63.1541752,-17.7866697],[-63.1541752,-17.7857654],[-63.1551186,-17.7857654],[-63.1551186,-17.7866697]]]}},{"type":"Feature","id":"manzana:UV-111-014","properties":{"id":"manzana:UV-111-014","codigo":"UV-111-014","nombre":"","tipo":"manzana","version_capa":"samples-sinteticas","fuente":"sintético","distrito_id":"distrito_municipal:D03","unidad_vecinal_id":"unidad_vecinal:UV-111"},"geometry":{"type":"Polygon","coordinates":[[[-63.1551186,-17.7855393],[-63.1541752,-17.7855393],[-63.1541752,-17.7846349],[-63.1551186,-17.7846349],[-63.1551186,-17.7855393]]]}},{"type":"Feature","id":"manzana:UV-111-015","properties":{"id":"manzana:UV-111-015","codigo":"UV-111-015","nombre":"","tipo":"manzana","version_capa":"samples-sinteticas","fuente":"sintético","distrito_id":"distrito_municipal:D03","unidad_vecinal_id":"unidad_vecinal:UV-111"},"geometry":{"type":"Polygon","coordinates":[[[-63.1551186,-17.7844088],[-63.1541752,-17.7844088],[-63.1541752,-17.7835044],[-63.1551186,-17.7835044],[-63.1551186,-17.7844088]]]}},{"type":"Feature","id":"manzana:UV-111-016","properties":{"id":"manzana:UV-111-016","codigo":"UV-111-016","nombre":"","tipo":"manzana","version_capa":"samples-sinteticas","fuente":"sintético","distrito_id":"distrito_municipal:D03","unidad_vecinal_id":"unidad_vecinal:UV-111"},"geometry":{"type":"Polygon","coordinates":[[[-63.1551186,-17.7832783],[-63.1541752,-17.7832783],[-63.1541752,-17.782374],[-63.1551186,-17.782374],[-63.1551186,-17.7832783]]]}},{"type":"Feature","id":"manzana:UV-111-017","properties":{"id":"manzana:UV-111-017","codigo":"UV-111-017","nombre":"","tipo":"manzana","version_capa":"samples-sinteticas","fuente":"sintético","distrito_id":"distrito_municipal:D03","unidad_vecinal_id":"unidad_vecinal:UV-111"},"geometry":{"type":"Polygon","coordinates":[[[-63.1551186,-17.7821479],[-63.1541752,-17.7821479],[-63.1541752,-17.7812435],[-63.1551186,-17.7812435],[-63.1551186,-17.7821479]]]}},{"type":"Feature","id":"manzana:UV-111-018","properties":{"id":"manzana:UV-111-018","codigo":"UV-111-018","nombre":"","tipo":"manzana","version_capa":"samples-sinteticas","fuente":"sintético","distrito_id":"distrito_municipal:D03","unidad_vecinal_id":"unidad_vecinal:UV-111"},"geometry":{"type":"Polygon","coordinates":[[[-63.1551186,-17.7810174],[-63.1541752,-17.7810174],[-63.1541752,-17.780113],[-63.1551186,-17.780113],[-63.1551186,-17.7810174]]]}},{"type":"Feature","id":"manzana:UV-111-019","properties":{"id":"manzana:UV-111-019","codigo":"UV-111-019","nombre":"","tipo":"manzana","version_capa":"samples-sinteticas","fuente":"sintético","distrito_id":"distrito_municipal:D03","unidad_vecinal_id":"unidad_vecinal:UV-111"},"geometry":{"type":"Polygon","coordinates":[[[-63.1551186,-17.779887],[-63.1541752,-17.779887],[-63.1541752,-17.7789826],[-63.1551186,-17.7789826],[-63.1551186,-17.779887]]]}},{"type":"Feature","id":"manzana:UV-111-020","properties":{"id":"manzana:UV-111-020","codigo":"UV-111-020","nombre":"","tipo":"manzana","version_capa":"samples-sinteticas","fuente":"sintético","distrito_id":"distrito_municipal:D03","unidad_vecinal_id":"unidad_vecinal:UV-111"},"geometry":{"type":"Polygon","coordinates":[[[-63.1551186,-17.7787565],[-63.1541752,-17.7787565],[-63.1541752,-17.7778521],[-63.1551186,-17.7778521],[-63.1551186,-17.7787565]]]}},{"type":"Feature","id":"manzana:UV-111-021","properties":{"id":"manzana:UV-111-021","codigo":"UV-111-021","nombre":"","tipo":"manzana","version_capa":"samples-sinteticas","fuente":"sintético","distrito_id":"distrito_municipal:D03","unidad_vecinal_id":"unidad_vecinal:UV-111"},"geometry":{"type":"Polygon","coordinates":[[[-63.1551186,-17.777626],[-63.1541752,-17.777626],[-63.1541752,-17.7767217],[-63.1551186,-17.7767217],[-63.1551186,-17.777626]]]}},{"type":"Feature","id":"manzana:UV-111-022","properties":{"id":"manzana:UV-111-022","codigo":"UV-111-022","nombre":"","tipo":"manzana","version_capa":"samples-sinteticas","fuente":"sintético","distrito_id":"distrito_municipal:D03","unidad_vecinal_id":"unidad_vecinal:UV-111"},"geometry":{"type":"Polygon","coordinates":[[[-63.1551186,-17.7764956],[-63.1541752,-17.7764956],[-63.1541752,-17.7755912],[-63.1551186,-17.7755912],[-63.1551186,-17.7764956]]]}},{"type":"Feature","id":"manzana:UV-111-023","properties":{"id":"manzana:UV-111-023","codigo":"UV-111-023","nombre":"","tipo":"manzana","version_capa":"samples-sinteticas","fuente":"sintético","distrito_id":"distrito_municipal:D03","unidad_vecinal_id":"unidad_vecinal:UV-111"},"geometry":{"type":"Polygon","coordinates":[[[-63.1551186,-17.7753651],[-63.1541752,-17.7753651],[-63.1541752,-17.7744607],[-63.1551186,-17.7744607],[-63.1551186,-17.7753651]]]}},{"type":"Feature","id":"manzana:UV-111-024","properties":{"id":"manzana:UV-111-024","codigo":"UV-111-024","nombre":"","tipo":"manzana","version_capa":"samples-sinteticas","fuente":"sintético","distrito_id":"distrito_municipal:D03","unidad_vecinal_id":"unidad_vecinal:UV-111"},"geometry":{"type":"Polygon","coordinates":[[[-63.1551186,-17.7742346],[-63.1541752,-17.7742346],[-63.1541752,-17.7733303],[-63.1551186,-17.7733303],[-63.1551186,-17.7742346]]]}},{"type":"Feature","id":"manzana:UV-111-025","properties":{"id":"manzana:UV-111-025","codigo":"UV-111-025","nombre":"","tipo":"manzana","version_capa":"samples-sinteticas","fuente":"sintético","distrito_id":"distrito_municipal:D03","unidad_vecinal_id":"unidad_vecinal:UV-111"},"geometry":{"type":"Polygon","coordinates":[[[-63.1539394,-17.7866697],[-63.152996,-17.7866697],[-63.152996,-17.7857654],[-63.1539394,-17.7857654],[-63.1539394,-17.7866697]]]}},{"type":"Feature","id":"manzana:UV-111-026","properties":{"id":"manzana:UV-111-026","codigo":"UV-111-026","nombre":"","tipo":"manzana","version_capa":"samples-sinteticas","fuente":"sintético","distrito_id":"distrito_municipal:D03","unidad_vecinal_id":"unidad_vecinal:UV-111"},"geometry":{"type":"Polygon","coordinates":[[[-63.1539394,-17.7855393],[-63.152996,-17.7855393],[-63.152996,-17.7846349],[-63.1539394,-17.7846349],[-63.1539394,-17.7855393]]]}},{"type":"Feature","id":"manzana:UV-111-027","properties":{"id":"manzana:UV-111-027","codigo":"UV-111-027","nombre":"","tipo":"manzana","version_capa":"samples-sinteticas","fuente":"sintético","distrito_id":"distrito_municipal:D03","unidad_vecinal_id":"unidad_vecinal:UV-111"},"geometry":{"type":"Polygon","coordinates":[[[-63.1539394,-17.7844088],[-63.152996,-17.7844088],[-63.152996,-17.7835044],[-63.1539394,-17.7835044],[-63.1539394,-17.7844088]]]}},{"type":"Feature","id":"manzana:UV-111-028","properties":{"id":"manzana:UV-111-028","codigo":"UV-111-028","nombre":"","tipo":"manzana","version_capa":"samples-sinteticas","fuente":"sintético","distrito_id":"distrito_municipal:D03","unidad_vecinal_id":"unidad_vecinal:UV-111"},"geometry":{"type":"Polygon","coordinates":[[[-63.1539394,-17.7832783],[-63.152996,-17.7832783],[-63.152996,-17.782374],[-63.1539394,-17.782374],[-63.1539394,-17.7832783]]]}},{"type":"Feature","id":"manzana:UV-111-029","properties":{"id":"manzana:UV-111-029","codigo":"UV-111-029","nombre":"","tipo":"manzana","version_capa":"samples-sinteticas","fuente":"sintético","distrito_id":"distrito_municipal:D03","unidad_vecinal_id":"unidad_vecinal:UV-111"},"geometry":{"type":"Polygon","coordinates":[[[-63.1539394,-17.7821479],[-63.152996,-17.7821479],[-63.152996,-17.7812435],[-63.1539394,-17.7812435],[-63.1539394,-17.7821479]]]}},{"type":"Feature","id":"manzana:UV-111-030","properties":{"id":"manzana:UV-111-030","codigo":"UV-111-030","nombre":"","tipo":"manzana","version_capa":"samples-sinteticas","fuente":"sintético","distrito_id":"distrito_municipal:D03","unidad_vecinal_id":"unidad_vecinal:UV-111"},"geometry":{"type":"Polygon","coordinates":[[[-63.1539394,-17.7810174],[-63.152996,-17.7810174],[-63.152996,-17.780113],[-63.1539394,-17.780113],[-63.1539394,-17.7810174]]]}},{"type":"Feature","id":"manzana:UV-111-031","properties":{"id":"manzana:UV-111-031","codigo":"UV-111-031","nombre":"","tipo":"manzana","version_capa":"samples-sinteticas","fuente":"sintético","distrito_id":"distrito_municipal:D03","unidad_vecinal_id":"unidad_vecinal:UV-111"},"geometry":{"type":"Polygon","coordinates":[[[-63.1539394,-17.779887],[-63.152996,-17.779887],[-63.152996,-17.7789826],[-63.1539394,-17.7789826],[-63.1539394,-17.779887]]]}},{"type":"Feature","id":"manzana:UV-111-032","properties":{"id":"manzana:UV-111-032","codigo":"UV-111-032","nombre":"","tipo":"manzana","version_capa":"samples-sinteticas","fuente":"sintético","distrito_id":"distrito_municipal:D03","unidad_vecinal_id":"unidad_vecinal:UV-111"},"geometry":{"type":"Polygon","coordinates":[[[-63.1539394,-17.7787565],[-63.152996,-17.7787565],[-63.152996,-17.7778521],[-63.1539394,-17.7778521],[-63.1539394,-17.7787565]]]}},{"type":"Feature","id":"manzana:UV-111-033","properties":{"id":"manzana:UV-111-033","codigo":"UV-111-033","nombre":"","tipo":"manzana","version_capa":"samples-sinteticas","fuente":"sintético","distrito_id":"distrito_municipal:D03","unidad_vecinal_id":"unidad_vecinal:UV-111"},"geometry":{"type":"Polygon","coordinates":[[[-63.1539394,-17.777626],[-63.152996,-17.777626],[-63.152996,-17.7767217],[-63.1539394,-17.7767217],[-63.1539394,-17.777626]]]}},{"type":"Feature","id":"manzana:UV-111-034","properties":{"id":"manzana:UV-111-034","codigo":"UV-111-034","nombre":"","tipo":"manzana","version_capa":"samples-sinteticas","fuente":"sintético","distrito_id":"distrito_municipal:D03","unidad_vecinal_id":"unidad_vecinal:UV-111"},"geometry":{"type":"Polygon","coordinates":[[[-63.1539394,-17.7764956],[-63.152996,-17.7764956],[-63.152996,-17.7755912],[-63.1539394,-17.7755912],[-63.1539394,-17.7764956]]]}},{"type":"Feature","id":"manzana:UV-111-035","properties":{"id":"manzana:UV-111-035","codigo":"UV-111-035","nombre":"","tipo":"manzana","version_capa":"samples-sinteticas","fuente":"sintético","distrito_id":"distrito_municipal:D03","unidad_vecinal_id":"unidad_vecinal:UV-111"},"geometry":{"type":"Polygon","coordinates":[[[-63.1539394,-17.7753651],[-63.152996,-17.7753651],[-63.152996,-17.7744607],[-63.1539394,-17.7744607],[-63.1539394,-17.7753651]]]}},{"type":"Feature","id":"manzana:UV-111-036","properties":{"id":"manzana:UV-111-036","codigo":"UV-111-036","nombre":"","tipo":"manzana","version_capa":"samples-sinteticas","fuente":"sintético","distrito_id":"distrito_municipal:D03","unidad_vecinal_id":"unidad_vecinal:UV-111"},"geometry":{"type":"Polygon","coordinates":[[[-63.1539394,-17.7742346],[-63.152996,-17.7742346],[-63.152996,-17.7733303],[-63.1539394,-17.7733303],[-63.1539394,-17.7742346]]]}},{"type":"Feature","id":"manzana:UV-111-037","properties":{"id":"manzana:UV-111-037","codigo":"UV-111-037","nombre":"","tipo":"manzana","version_capa":"samples-sinteticas","fuente":"sintético","distrito_id":"distrito_municipal:D03","unidad_vecinal_id":"unidad_vecinal:UV-111"},"geometry":{"type":"Polygon","coordinates":[[[-63.1527602,-17.7866697],[-63.1518168,-17.7866697],[-63.1518168,-17.7857654],[-63.1527602,-17.7857654],[-63.1527602,-17.7866697]]]}},{"type":"Feature","id":"manzana:UV-111-038","properties":{"id":"manzana:UV-111-038","codigo":"UV-111-038","nombre":"","tipo":"manzana","version_capa":"samples-sinteticas","fuente":"sintético","distrito_id":"distrito_municipal:D03","unidad_vecinal_id":"unidad_vecinal:UV-111"},"geometry":{"type":"Polygon","coordinates":[[[-63.1527602,-17.7855393],[-63.1518168,-17.7855393],[-63.1518168,-17.7846349],[-63.1527602,-17.7846349],[-63.1527602,-17.7855393]]]}},{"type":"Feature","id":"manzana:UV-111-039","properties":{"id":"manzana:UV-111-039","codigo":"UV-111-039","nombre":"","tipo":"manzana","version_capa":"samples-sinteticas","fuente":"sintético","distrito_id":"distrito_municipal:D03","unidad_vecinal_id":"unidad_vecinal:UV-111"},"geometry":{"type":"Polygon","coordinates":[[[-63.1527602,-17.7844088],[-63.1518168,-17.7844088],[-63.1518168,-17.7835044],[-63.1527602,-17.7835044],[-63.1527602,-17.7844088]]]}},{"type":"Feature","id":"manzana:UV-111-040","properties":{"id":"manzana:UV-111-040","codigo":"UV-111-040","nombre":"","tipo":"manzana","version_capa":"samples-sinteticas","fuente":"sintético","distrito_id":"distrito_municipal:D03","unidad_vecinal_id":"unidad_vecinal:UV-111"},"geometry":{"type":"Polygon","coordinates":[[[-63.1527602,-17.7832783],[-63.1518168,-17.7832783],[-63.1518168,-17.782374],[-63.1527602,-17.782374],[-63.1527602,-17.7832783]]]}},{"type":"Feature","id":"manzana:UV-111-041","properties":{"id":"manzana:UV-111-041","codigo":"UV-111-041","nombre":"","tipo":"manzana","version_capa":"samples-sinteticas","fuente":"sintético","distrito_id":"distrito_municipal:D03","unidad_vecinal_id":"unidad_vecinal:UV-111"},"geometry":{"type":"Polygon","coordinates":[[[-63.1527602,-17.7821479],[-63.1518168,-17.7821479],[-63.1518168,-17.7812435],[-63.1527602,-17.7812435],[-63.1527602,-17.7821479]]]}},{"type":"Feature","id":"manzana:UV-111-042","properties":{"id":"manzana:UV-111-042","codigo":"UV-111-042","nombre":"","tipo":"manzana","version_capa":"samples-sinteticas","fuente":"sintético","distrito_id":"distrito_municipal:D03","unidad_vecinal_id":"unidad_vecinal:UV-111"},"geometry":{"type":"Polygon","coordinates":[[[-63.1527602,-17.7810174],[-63.1518168,-17.7810174],[-63.1518168,-17.780113],[-63.1527602,-17.780113],[-63.1527602,-17.7810174]]]}},{"type":"Feature","id":"manzana:UV-111-043","properties":{"id":"manzana:UV-111-043","codigo":"UV-111-043","nombre":"","tipo":"manzana","version_capa":"samples-sinteticas","fuente":"sintético","distrito_id":"distrito_municipal:D03","unidad_vecinal_id":"unidad_vecinal:UV-111"},"geometry":{"type":"Polygon","coordinates":[[[-63.1527602,-17.779887],[-63.1518168,-17.779887],[-63.1518168,-17.7789826],[-63.1527602,-17.7789826],[-63.1527602,-17.779887]]]}},{"type":"Feature","id":"manzana:UV-111-044","properties":{"id":"manzana:UV-111-044","codigo":"UV-111-044","nombre":"","tipo":"manzana","version_capa":"samples-sinteticas","fuente":"sintético","distrito_id":"distrito_municipal:D03","unidad_vecinal_id":"unidad_vecinal:UV-111"},"geometry":{"type":"Polygon","coordinates":[[[-63.1527602,-17.7787565],[-63.1518168,-17.7787565],[-63.1518168,-17.7778521],[-63.1527602,-17.7778521],[-63.1527602,-17.7787565]]]}},{"type":"Feature","id":"manzana:UV-111-045","properties":{"id":"manzana:UV-111-045","codigo":"UV-111-045","nombre":"","tipo":"manzana","version_capa":"samples-sinteticas","fuente":"sintético","distrito_id":"distrito_municipal:D03","unidad_vecinal_id":"unidad_vecinal:UV-111"},"geometry":{"type":"Polygon","coordinates":[[[-63.1527602,-17.777626],[-63.1518168,-17.777626],[-63.1518168,-17.7767217],[-63.1527602,-17.7767217],[-63.1527602,-17.777626]]]}},{"type":"Feature","id":"manzana:UV-111-046","properties":{"id":"manzana:UV-111-046","codigo":"UV-111-046","nombre":"","tipo":"manzana","version_capa":"samples-sinteticas","fuente":"sintético","distrito_id":"distrito_municipal:D03","unidad_vecinal_id":"unidad_vecinal:UV-111"},"geometry":{"type":"Polygon","coordinates":[[[-63.1527602,-17.7764956],[-63.1518168,-17.7764956],[-63.1518168,-17.7755912],[-63.1527602,-17.7755912],[-63.1527602,-17.7764956]]]}},{"type":"Feature","id":"manzana:UV-111-047","properties":{"id":"manzana:UV-111-047","codigo":"UV-111-047","nombre":"","tipo":"manzana","version_capa":"samples-sinteticas","fuente":"sintético","distrito_id":"distrito_municipal:D03","unidad_vecinal_id":"unidad_vecinal:UV-111"},"geometry":{"type":"Polygon","coordinates":[[[-63.1527602,-17.7753651],[-63.1518168,-17.7753651],[-63.1518168,-17.7744607],[-63.1527602,-17.7744607],[-63.1527602,-17.7753651]]]}},{"type":"Feature","id":"manzana:UV-111-048","properties":{"id":"manzana:UV-111-048","codigo":"UV-111-048","nombre":"","tipo":"manzana","version_capa":"samples-sinteticas","fuente":"sintético","distrito_id":"distrito_municipal:D03","unidad_vecinal_id":"unidad_vecinal:UV-111"},"geometry":{"type":"Polygon","coordinates":[[[-63.1527602,-17.7742346],[-63.1518168,-17.7742346],[-63.1518168,-17.7733303],[-63.1527602,-17.7733303],[-63.1527602,-17.7742346]]]}},{"type":"Feature","id":"manzana:UV-111-049","properties":{"id":"manzana:UV-111-049","codigo":"UV-111-049","nombre":"","tipo":"manzana","version_capa":"samples-sinteticas","fuente":"sintético","distrito_id":"distrito_municipal:D03","unidad_vecinal_id":"unidad_vecinal:UV-111"},"geometry":{"type":"Polygon","coordinates":[[[-63.151581,-17.7866697],[-63.1506376,-17.7866697],[-63.1506376,-17.7857654],[-63.151581,-17.7857654],[-63.151581,-17.7866697]]]}},{"type":"Feature","id":"manzana:UV-111-050","properties":{"id":"manzana:UV-111-050","codigo":"UV-111-050","nombre":"","tipo":"manzana","version_capa":"samples-sinteticas","fuente":"sintético","distrito_id":"distrito_municipal:D03","unidad_vecinal_id":"unidad_vecinal:UV-111"},"geometry":{"type":"Polygon","coordinates":[[[-63.151581,-17.7855393],[-63.1506376,-17.7855393],[-63.1506376,-17.7846349],[-63.151581,-17.7846349],[-63.151581,-17.7855393]]]}},{"type":"Feature","id":"manzana:UV-111-051","properties":{"id":"manzana:UV-111-051","codigo":"UV-111-051","nombre":"","tipo":"manzana","version_capa":"samples-sinteticas","fuente":"sintético","distrito_id":"distrito_municipal:D03","unidad_vecinal_id":"unidad_vecinal:UV-111"},"geometry":{"type":"Polygon","coordinates":[[[-63.151581,-17.7844088],[-63.1506376,-17.7844088],[-63.1506376,-17.7835044],[-63.151581,-17.7835044],[-63.151581,-17.7844088]]]}},{"type":"Feature","id":"manzana:UV-111-052","properties":{"id":"manzana:UV-111-052","codigo":"UV-111-052","nombre":"","tipo":"manzana","version_capa":"samples-sinteticas","fuente":"sintético","distrito_id":"distrito_municipal:D03","unidad_vecinal_id":"unidad_vecinal:UV-111"},"geometry":{"type":"Polygon","coordinates":[[[-63.151581,-17.7832783],[-63.1506376,-17.7832783],[-63.1506376,-17.782374],[-63.151581,-17.782374],[-63.151581,-17.7832783]]]}},{"type":"Feature","id":"manzana:UV-111-053","properties":{"id":"manzana:UV-111-053","codigo":"UV-111-053","nombre":"","tipo":"manzana","version_capa":"samples-sinteticas","fuente":"sintético","distrito_id":"distrito_municipal:D03","unidad_vecinal_id":"unidad_vecinal:UV-111"},"geometry":{"type":"Polygon","coordinates":[[[-63.151581,-17.7821479],[-63.1506376,-17.7821479],[-63.1506376,-17.7812435],[-63.151581,-17.7812435],[-63.151581,-17.7821479]]]}},{"type":"Feature","id":"manzana:UV-111-054","properties":{"id":"manzana:UV-111-054","codigo":"UV-111-054","nombre":"","tipo":"manzana","version_capa":"samples-sinteticas","fuente":"sintético","distrito_id":"distrito_municipal:D03","unidad_vecinal_id":"unidad_vecinal:UV-111"},"geometry":{"type":"Polygon","coordinates":[[[-63.151581,-17.7810174],[-63.1506376,-17.7810174],[-63.1506376,-17.780113],[-63.151581,-17.780113],[-63.151581,-17.7810174]]]}},{"type":"Feature","id":"manzana:UV-111-055","properties":{"id":"manzana:UV-111-055","codigo":"UV-111-055","nombre":"","tipo":"manzana","version_capa":"samples-sinteticas","fuente":"sintético","distrito_id":"distrito_municipal:D03","unidad_vecinal_id":"unidad_vecinal:UV-111"},"geometry":{"type":"Polygon","coordinates":[[[-63.151581,-17.779887],[-63.1506376,-17.779887],[-63.1506376,-17.7789826],[-63.151581,-17.7789826],[-63.151581,-17.779887]]]}},{"type":"Feature","id":"manzana:UV-111-056","properties":{"id":"manzana:UV-111-056","codigo":"UV-111-056","nombre":"","tipo":"manzana","version_capa":"samples-sinteticas","fuente":"sintético","distrito_id":"distrito_municipal:D03","unidad_vecinal_id":"unidad_vecinal:UV-111"},"geometry":{"type":"Polygon","coordinates":[[[-63.151581,-17.7787565],[-63.1506376,-17.7787565],[-63.1506376,-17.7778521],[-63.151581,-17.7778521],[-63.151581,-17.7787565]]]}},{"type":"Feature","id":"manzana:UV-111-057","properties":{"id":"manzana:UV-111-057","codigo":"UV-111-057","nombre":"","tipo":"manzana","version_capa":"samples-sinteticas","fuente":"sintético","distrito_id":"distrito_municipal:D03","unidad_vecinal_id":"unidad_vecinal:UV-111"},"geometry":{"type":"Polygon","coordinates":[[[-63.151581,-17.777626],[-63.1506376,-17.777626],[-63.1506376,-17.7767217],[-63.151581,-17.7767217],[-63.151581,-17.777626]]]}},{"type":"Feature","id":"manzana:UV-111-058","properties":{"id":"manzana:UV-111-058","codigo":"UV-111-058","nombre":"","tipo":"manzana","version_capa":"samples-sinteticas","fuente":"sintético","distrito_id":"distrito_municipal:D03","unidad_vecinal_id":"unidad_vecinal:UV-111"},"geometry":{"type":"Polygon","coordinates":[[[-63.151581,-17.7764956],[-63.1506376,-17.7764956],[-63.1506376,-17.7755912],[-63.151581,-17.7755912],[-63.151581,-17.7764956]]]}},{"type":"Feature","id":"manzana:UV-111-059","properties":{"id":"manzana:UV-111-059","codigo":"UV-111-059","nombre":"","tipo":"manzana","version_capa":"samples-sinteticas","fuente":"sintético","distrito_id":"distrito_municipal:D03","unidad_vecinal_id":"unidad_vecinal:UV-111"},"geometry":{"type":"Polygon","coordinates":[[[-63.151581,-17.7753651],[-63.1506376,-17.7753651],[-63.1506376,-17.7744607],[-63.151581,-17.7744607],[-63.151581,-17.7753651]]]}},{"type":"Feature","id":"manzana:UV-111-060","properties":{"id":"manzana:UV-111-060","codigo":"UV-111-060","nombre":"","tipo":"manzana","version_capa":"samples-sinteticas","fuente":"sintético","distrito_id":"distrito_municipal:D03","unidad_vecinal_id":"unidad_vecinal:UV-111"},"geometry":{"type":"Polygon","coordinates":[[[-63.151581,-17.7742346],[-63.1506376,-17.7742346],[-63.1506376,-17.7733303],[-63.151581,-17.7733303],[-63.151581,-17.7742346]]]}},{"type":"Feature","id":"manzana:UV-111-061","properties":{"id":"manzana:UV-111-061","codigo":"UV-111-061","nombre":"","tipo":"manzana","version_capa":"samples-sinteticas","fuente":"sintético","distrito_id":"distrito_municipal:D03","unidad_vecinal_id":"unidad_vecinal:UV-111"},"geometry":{"type":"Polygon","coordinates":[[[-63.1504018,-17.7866697],[-63.1494584,-17.7866697],[-63.1494584,-17.7857654],[-63.1504018,-17.7857654],[-63.1504018,-17.7866697]]]}},{"type":"Feature","id":"manzana:UV-111-062","properties":{"id":"manzana:UV-111-062","codigo":"UV-111-062","nombre":"","tipo":"manzana","version_capa":"samples-sinteticas","fuente":"sintético","distrito_id":"distrito_municipal:D03","unidad_vecinal_id":"unidad_vecinal:UV-111"},"geometry":{"type":"Polygon","coordinates":[[[-63.1504018,-17.7855393],[-63.1494584,-17.7855393],[-63.1494584,-17.7846349],[-63.1504018,-17.7846349],[-63.1504018,-17.7855393]]]}},{"type":"Feature","id":"manzana:UV-111-063","properties":{"id":"manzana:UV-111-063","codigo":"UV-111-063","nombre":"","tipo":"manzana","version_capa":"samples-sinteticas","fuente":"sintético","distrito_id":"distrito_municipal:D03","unidad_vecinal_id":"unidad_vecinal:UV-111"},"geometry":{"type":"Polygon","coordinates":[[[-63.1504018,-17.7844088],[-63.1494584,-17.7844088],[-63.1494584,-17.7835044],[-63.1504018,-17.7835044],[-63.1504018,-17.7844088]]]}},{"type":"Feature","id":"manzana:UV-111-064","properties":{"id":"manzana:UV-111-064","codigo":"UV-111-064","nombre":"","tipo":"manzana","version_capa":"samples-sinteticas","fuente":"sintético","distrito_id":"distrito_municipal:D03","unidad_vecinal_id":"unidad_vecinal:UV-111"},"geometry":{"type":"Polygon","coordinates":[[[-63.1504018,-17.7832783],[-63.1494584,-17.7832783],[-63.1494584,-17.782374],[-63.1504018,-17.782374],[-63.1504018,-17.7832783]]]}},{"type":"Feature","id":"manzana:UV-111-065","properties":{"id":"manzana:UV-111-065","codigo":"UV-111-065","nombre":"","tipo":"manzana","version_capa":"samples-sinteticas","fuente":"sintético","distrito_id":"distrito_municipal:D03","unidad_vecinal_id":"unidad_vecinal:UV-111"},"geometry":{"type":"Polygon","coordinates":[[[-63.1504018,-17.7821479],[-63.1494584,-17.7821479],[-63.1494584,-17.7812435],[-63.1504018,-17.7812435],[-63.1504018,-17.7821479]]]}},{"type":"Feature","id":"manzana:UV-111-066","properties":{"id":"manzana:UV-111-066","codigo":"UV-111-066","nombre":"","tipo":"manzana","version_capa":"samples-sinteticas","fuente":"sintético","distrito_id":"distrito_municipal:D03","unidad_vecinal_id":"unidad_vecinal:UV-111"},"geometry":{"type":"Polygon","coordinates":[[[-63.1504018,-17.7810174],[-63.1494584,-17.7810174],[-63.1494584,-17.780113],[-63.1504018,-17.780113],[-63.1504018,-17.7810174]]]}},{"type":"Feature","id":"manzana:UV-111-067","properties":{"id":"manzana:UV-111-067","codigo":"UV-111-067","nombre":"","tipo":"manzana","version_capa":"samples-sinteticas","fuente":"sintético","distrito_id":"distrito_municipal:D03","unidad_vecinal_id":"unidad_vecinal:UV-111"},"geometry":{"type":"Polygon","coordinates":[[[-63.1504018,-17.779887],[-63.1494584,-17.779887],[-63.1494584,-17.7789826],[-63.1504018,-17.7789826],[-63.1504018,-17.779887]]]}},{"type":"Feature","id":"manzana:UV-111-068","properties":{"id":"manzana:UV-111-068","codigo":"UV-111-068","nombre":"","tipo":"manzana","version_capa":"samples-sinteticas","fuente":"sintético","distrito_id":"distrito_municipal:D03","unidad_vecinal_id":"unidad_vecinal:UV-111"},"geometry":{"type":"Polygon","coordinates":[[[-63.1504018,-17.7787565],[-63.1494584,-17.7787565],[-63.1494584,-17.7778521],[-63.1504018,-17.7778521],[-63.1504018,-17.7787565]]]}},{"type":"Feature","id":"manzana:UV-111-069","properties":{"id":"manzana:UV-111-069","codigo":"UV-111-069","nombre":"","tipo":"manzana","version_capa":"samples-sinteticas","fuente":"sintético","distrito_id":"distrito_municipal:D03","unidad_vecinal_id":"unidad_vecinal:UV-111"},"geometry":{"type":"Polygon","coordinates":[[[-63.1504018,-17.777626],[-63.1494584,-17.777626],[-63.1494584,-17.7767217],[-63.1504018,-17.7767217],[-63.1504018,-17.777626]]]}},{"type":"Feature","id":"manzana:UV-111-070","properties":{"id":"manzana:UV-111-070","codigo":"UV-111-070","nombre":"","tipo":"manzana","version_capa":"samples-sinteticas","fuente":"sintético","distrito_id":"distrito_municipal:D03","unidad_vecinal_id":"unidad_vecinal:UV-111"},"geometry":{"type":"Polygon","coordinates":[[[-63.1504018,-17.7764956],[-63.1494584,-17.7764956],[-63.1494584,-17.7755912],[-63.1504018,-17.7755912],[-63.1504018,-17.7764956]]]}},{"type":"Feature","id":"manzana:UV-111-071","properties":{"id":"manzana:UV-111-071","codigo":"UV-111-071","nombre":"","tipo":"manzana","version_capa":"samples-sinteticas","fuente":"sintético","distrito_id":"distrito_municipal:D03","unidad_vecinal_id":"unidad_vecinal:UV-111"},"geometry":{"type":"Polygon","coordinates":[[[-63.1504018,-17.7753651],[-63.1494584,-17.7753651],[-63.1494584,-17.7744607],[-63.1504018,-17.7744607],[-63.1504018,-17.7753651]]]}},{"type":"Feature","id":"manzana:UV-111-072","properties":{"id":"manzana:UV-111-072","codigo":"UV-111-072","nombre":"","tipo":"manzana","version_capa":"samples-sinteticas","fuente":"sintético","distrito_id":"distrito_municipal:D03","unidad_vecinal_id":"unidad_vecinal:UV-111"},"geometry":{"type":"Polygon","coordinates":[[[-63.1504018,-17.7742346],[-63.1494584,-17.7742346],[-63.1494584,-17.7733303],[-63.1504018,-17.7733303],[-63.1504018,-17.7742346]]]}},{"type":"Feature","id":"manzana:UV-111-073","properties":{"id":"manzana:UV-111-073","codigo":"UV-111-073","nombre":"","tipo":"manzana","version_capa":"samples-sinteticas","fuente":"sintético","distrito_id":"distrito_municipal:D03","unidad_vecinal_id":"unidad_vecinal:UV-111"},"geometry":{"type":"Polygon","coordinates":[[[-63.1492225,-17.7866697],[-63.1482792,-17.7866697],[-63.1482792,-17.7857654],[-63.1492225,-17.7857654],[-63.1492225,-17.7866697]]]}},{"type":"Feature","id":"manzana:UV-111-074","properties":{"id":"manzana:UV-111-074","codigo":"UV-111-074","nombre":"","tipo":"manzana","version_capa":"samples-sinteticas","fuente":"sintético","distrito_id":"distrito_municipal:D03","unidad_vecinal_id":"unidad_vecinal:UV-111"},"geometry":{"type":"Polygon","coordinates":[[[-63.1492225,-17.7855393],[-63.1482792,-17.7855393],[-63.1482792,-17.7846349],[-63.1492225,-17.7846349],[-63.1492225,-17.7855393]]]}},{"type":"Feature","id":"manzana:UV-111-075","properties":{"id":"manzana:UV-111-075","codigo":"UV-111-075","nombre":"","tipo":"manzana","version_capa":"samples-sinteticas","fuente":"sintético","distrito_id":"distrito_municipal:D03","unidad_vecinal_id":"unidad_vecinal:UV-111"},"geometry":{"type":"Polygon","coordinates":[[[-63.1492225,-17.7844088],[-63.1482792,-17.7844088],[-63.1482792,-17.7835044],[-63.1492225,-17.7835044],[-63.1492225,-17.7844088]]]}},{"type":"Feature","id":"manzana:UV-111-076","properties":{"id":"manzana:UV-111-076","codigo":"UV-111-076","nombre":"","tipo":"manzana","version_capa":"samples-sinteticas","fuente":"sintético","distrito_id":"distrito_municipal:D03","unidad_vecinal_id":"unidad_vecinal:UV-111"},"geometry":{"type":"Polygon","coordinates":[[[-63.1492225,-17.7832783],[-63.1482792,-17.7832783],[-63.1482792,-17.782374],[-63.1492225,-17.782374],[-63.1492225,-17.7832783]]]}},{"type":"Feature","id":"manzana:UV-111-077","properties":{"id":"manzana:UV-111-077","codigo":"UV-111-077","nombre":"","tipo":"manzana","version_capa":"samples-sinteticas","fuente":"sintético","distrito_id":"distrito_municipal:D03","unidad_vecinal_id":"unidad_vecinal:UV-111"},"geometry":{"type":"Polygon","coordinates":[[[-63.1492225,-17.7821479],[-63.1482792,-17.7821479],[-63.1482792,-17.7812435],[-63.1492225,-17.7812435],[-63.1492225,-17.7821479]]]}},{"type":"Feature","id":"manzana:UV-111-078","properties":{"id":"manzana:UV-111-078","codigo":"UV-111-078","nombre":"","tipo":"manzana","version_capa":"samples-sinteticas","fuente":"sintético","distrito_id":"distrito_municipal:D03","unidad_vecinal_id":"unidad_vecinal:UV-111"},"geometry":{"type":"Polygon","coordinates":[[[-63.1492225,-17.7810174],[-63.1482792,-17.7810174],[-63.1482792,-17.780113],[-63.1492225,-17.780113],[-63.1492225,-17.7810174]]]}},{"type":"Feature","id":"manzana:UV-111-079","properties":{"id":"manzana:UV-111-079","codigo":"UV-111-079","nombre":"","tipo":"manzana","version_capa":"samples-sinteticas","fuente":"sintético","distrito_id":"distrito_municipal:D03","unidad_vecinal_id":"unidad_vecinal:UV-111"},"geometry":{"type":"Polygon","coordinates":[[[-63.1492225,-17.779887],[-63.1482792,-17.779887],[-63.1482792,-17.7789826],[-63.1492225,-17.7789826],[-63.1492225,-17.779887]]]}},{"type":"Feature","id":"manzana:UV-111-080","properties":{"id":"manzana:UV-111-080","codigo":"UV-111-080","nombre":"","tipo":"manzana","version_capa":"samples-sinteticas","fuente":"sintético","distrito_id":"distrito_municipal:D03","unidad_vecinal_id":"unidad_vecinal:UV-111"},"geometry":{"type":"Polygon","coordinates":[[[-63.1492225,-17.7787565],[-63.1482792,-17.7787565],[-63.1482792,-17.7778521],[-63.1492225,-17.7778521],[-63.1492225,-17.7787565]]]}},{"type":"Feature","id":"manzana:UV-111-081","properties":{"id":"manzana:UV-111-081","codigo":"UV-111-081","nombre":"","tipo":"manzana","version_capa":"samples-sinteticas","fuente":"sintético","distrito_id":"distrito_municipal:D03","unidad_vecinal_id":"unidad_vecinal:UV-111"},"geometry":{"type":"Polygon","coordinates":[[[-63.1492225,-17.777626],[-63.1482792,-17.777626],[-63.1482792,-17.7767217],[-63.1492225,-17.7767217],[-63.1492225,-17.777626]]]}},{"type":"Feature","id":"manzana:UV-111-082","properties":{"id":"manzana:UV-111-082","codigo":"UV-111-082","nombre":"","tipo":"manzana","version_capa":"samples-sinteticas","fuente":"sintético","distrito_id":"distrito_municipal:D03","unidad_vecinal_id":"unidad_vecinal:UV-111"},"geometry":{"type":"Polygon","coordinates":[[[-63.1492225,-17.7764956],[-63.1482792,-17.7764956],[-63.1482792,-17.7755912],[-63.1492225,-17.7755912],[-63.1492225,-17.7764956]]]}},{"type":"Feature","id":"manzana:UV-111-083","properties":{"id":"manzana:UV-111-083","codigo":"UV-111-083","nombre":"","tipo":"manzana","version_capa":"samples-sinteticas","fuente":"sintético","distrito_id":"distrito_municipal:D03","unidad_vecinal_id":"unidad_vecinal:UV-111"},"geometry":{"type":"Polygon","coordinates":[[[-63.1492225,-17.7753651],[-63.1482792,-17.7753651],[-63.1482792,-17.7744607],[-63.1492225,-17.7744607],[-63.1492225,-17.7753651]]]}},{"type":"Feature","id":"manzana:UV-111-084","properties":{"id":"manzana:UV-111-084","codigo":"UV-111-084","nombre":"","tipo":"manzana","version_capa":"samples-sinteticas","fuente":"sintético","distrito_id":"distrito_municipal:D03","unidad_vecinal_id":"unidad_vecinal:UV-111"},"geometry":{"type":"Polygon","coordinates":[[[-63.1492225,-17.7742346],[-63.1482792,-17.7742346],[-63.1482792,-17.7733303],[-63.1492225,-17.7733303],[-63.1492225,-17.7742346]]]}},{"type":"Feature","id":"manzana:UV-111-085","properties":{"id":"manzana:UV-111-085","codigo":"UV-111-085","nombre":"","tipo":"manzana","version_capa":"samples-sinteticas","fuente":"sintético","distrito_id":"distrito_municipal:D03","unidad_vecinal_id":"unidad_vecinal:UV-111"},"geometry":{"type":"Polygon","coordinates":[[[-63.1480433,-17.7866697],[-63.1471,-17.7866697],[-63.1471,-17.7857654],[-63.1480433,-17.7857654],[-63.1480433,-17.7866697]]]}},{"type":"Feature","id":"manzana:UV-111-086","properties":{"id":"manzana:UV-111-086","codigo":"UV-111-086","nombre":"","tipo":"manzana","version_capa":"samples-sinteticas","fuente":"sintético","distrito_id":"distrito_municipal:D03","unidad_vecinal_id":"unidad_vecinal:UV-111"},"geometry":{"type":"Polygon","coordinates":[[[-63.1480433,-17.7855393],[-63.1471,-17.7855393],[-63.1471,-17.7846349],[-63.1480433,-17.7846349],[-63.1480433,-17.7855393]]]}},{"type":"Feature","id":"manzana:UV-111-087","properties":{"id":"manzana:UV-111-087","codigo":"UV-111-087","nombre":"","tipo":"manzana","version_capa":"samples-sinteticas","fuente":"sintético","distrito_id":"distrito_municipal:D03","unidad_vecinal_id":"unidad_vecinal:UV-111"},"geometry":{"type":"Polygon","coordinates":[[[-63.1480433,-17.7844088],[-63.1471,-17.7844088],[-63.1471,-17.7835044],[-63.1480433,-17.7835044],[-63.1480433,-17.7844088]]]}},{"type":"Feature","id":"manzana:UV-111-088","properties":{"id":"manzana:UV-111-088","codigo":"UV-111-088","nombre":"","tipo":"manzana","version_capa":"samples-sinteticas","fuente":"sintético","distrito_id":"distrito_municipal:D03","unidad_vecinal_id":"unidad_vecinal:UV-111"},"geometry":{"type":"Polygon","coordinates":[[[-63.1480433,-17.7832783],[-63.1471,-17.7832783],[-63.1471,-17.782374],[-63.1480433,-17.782374],[-63.1480433,-17.7832783]]]}},{"type":"Feature","id":"manzana:UV-111-089","properties":{"id":"manzana:UV-111-089","codigo":"UV-111-089","nombre":"","tipo":"manzana","version_capa":"samples-sinteticas","fuente":"sintético","distrito_id":"distrito_municipal:D03","unidad_vecinal_id":"unidad_vecinal:UV-111"},"geometry":{"type":"Polygon","coordinates":[[[-63.1480433,-17.7821479],[-63.1471,-17.7821479],[-63.1471,-17.7812435],[-63.1480433,-17.7812435],[-63.1480433,-17.7821479]]]}},{"type":"Feature","id":"manzana:UV-111-090","properties":{"id":"manzana:UV-111-090","codigo":"UV-111-090","nombre":"","tipo":"manzana","version_capa":"samples-sinteticas","fuente":"sintético","distrito_id":"distrito_municipal:D03","unidad_vecinal_id":"unidad_vecinal:UV-111"},"geometry":{"type":"Polygon","coordinates":[[[-63.1480433,-17.7810174],[-63.1471,-17.7810174],[-63.1471,-17.780113],[-63.1480433,-17.780113],[-63.1480433,-17.7810174]]]}},{"type":"Feature","id":"manzana:UV-111-091","properties":{"id":"manzana:UV-111-091","codigo":"UV-111-091","nombre":"","tipo":"manzana","version_capa":"samples-sinteticas","fuente":"sintético","distrito_id":"distrito_municipal:D03","unidad_vecinal_id":"unidad_vecinal:UV-111"},"geometry":{"type":"Polygon","coordinates":[[[-63.1480433,-17.779887],[-63.1471,-17.779887],[-63.1471,-17.7789826],[-63.1480433,-17.7789826],[-63.1480433,-17.779887]]]}},{"type":"Feature","id":"manzana:UV-111-092","properties":{"id":"manzana:UV-111-092","codigo":"UV-111-092","nombre":"","tipo":"manzana","version_capa":"samples-sinteticas","fuente":"sintético","distrito_id":"distrito_municipal:D03","unidad_vecinal_id":"unidad_vecinal:UV-111"},"geometry":{"type":"Polygon","coordinates":[[[-63.1480433,-17.7787565],[-63.1471,-17.7787565],[-63.1471,-17.7778521],[-63.1480433,-17.7778521],[-63.1480433,-17.7787565]]]}},{"type":"Feature","id":"manzana:UV-111-093","properties":{"id":"manzana:UV-111-093","codigo":"UV-111-093","nombre":"","tipo":"manzana","version_capa":"samples-sinteticas","fuente":"sintético","distrito_id":"distrito_municipal:D03","unidad_vecinal_id":"unidad_vecinal:UV-111"},"geometry":{"type":"Polygon","coordinates":[[[-63.1480433,-17.777626],[-63.1471,-17.777626],[-63.1471,-17.7767217],[-63.1480433,-17.7767217],[-63.1480433,-17.777626]]]}},{"type":"Feature","id":"manzana:UV-111-094","properties":{"id":"manzana:UV-111-094","codigo":"UV-111-094","nombre":"","tipo":"manzana","version_capa":"samples-sinteticas","fuente":"sintético","distrito_id":"distrito_municipal:D03","unidad_vecinal_id":"unidad_vecinal:UV-111"},"geometry":{"type":"Polygon","coordinates":[[[-63.1480433,-17.7764956],[-63.1471,-17.7764956],[-63.1471,-17.7755912],[-63.1480433,-17.7755912],[-63.1480433,-17.7764956]]]}},{"type":"Feature","id":"manzana:UV-111-095","properties":{"id":"manzana:UV-111-095","codigo":"UV-111-095","nombre":"","tipo":"manzana","version_capa":"samples-sinteticas","fuente":"sintético","distrito_id":"distrito_municipal:D03","unidad_vecinal_id":"unidad_vecinal:UV-111"},"geometry":{"type":"Polygon","coordinates":[[[-63.1480433,-17.7753651],[-63.1471,-17.7753651],[-63.1471,-17.7744607],[-63.1480433,-17.7744607],[-63.1480433,-17.7753651]]]}},{"type":"Feature","id":"manzana:UV-111-096","properties":{"id":"manzana:UV-111-096","codigo":"UV-111-096","nombre":"","tipo":"manzana","version_capa":"samples-sinteticas","fuente":"sintético","distrito_id":"distrito_municipal:D03","unidad_vecinal_id":"unidad_vecinal:UV-111"},"geometry":{"type":"Polygon","coordinates":[[[-63.1480433,-17.7742346],[-63.1471,-17.7742346],[-63.1471,-17.7733303],[-63.1480433,-17.7733303],[-63.1480433,-17.7742346]]]}},{"type":"Feature","id":"manzana:UV-112-001","properties":{"id":"manzana:UV-112-001","codigo":"UV-112-001","nombre":"","tipo":"manzana","version_capa":"samples-sinteticas","fuente":"sintético","distrito_id":"distrito_municipal:D03","unidad_vecinal_id":"unidad_vecinal:UV-112"},"geometry":{"type":"Polygon","coordinates":[[[-63.1562978,-17.7731042],[-63.1553545,-17.7731042],[-63.1553545,-17.7721998],[-63.1562978,-17.7721998],[-63.1562978,-17.7731042]]]}},{"type":"Feature","id":"manzana:UV-112-002","properties":{"id":"manzana:UV-112-002","codigo":"UV-112-002","nombre":"","tipo":"manzana","version_capa":"samples-sinteticas","fuente":"sintético","distrito_id":"distrito_municipal:D03","unidad_vecinal_id":"unidad_vecinal:UV-112"},"geometry":{"type":"Polygon","coordinates":[[[-63.1562978,-17.7719737],[-63.1553545,-17.7719737],[-63.1553545,-17.7710693],[-63.1562978,-17.7710693],[-63.1562978,-17.7719737]]]}},{"type":"Feature","id":"manzana:UV-112-003","properties":{"id":"manzana:UV-112-003","codigo":"UV-112-003","nombre":"","tipo":"manzana","version_capa":"samples-sinteticas","fuente":"sintético","distrito_id":"distrito_municipal:D03","unidad_vecinal_id":"unidad_vecinal:UV-112"},"geometry":{"type":"Polygon","coordinates":[[[-63.1562978,-17.7708432],[-63.1553545,-17.7708432],[-63.1553545,-17.7699389],[-63.1562978,-17.7699389],[-63.1562978,-17.7708432]]]}},{"type":"Feature","id":"manzana:UV-112-004","properties":{"id":"manzana:UV-112-004","codigo":"UV-112-004","nombre":"","tipo":"manzana","version_capa":"samples-sinteticas","fuente":"sintético","distrito_id":"distrito_municipal:D03","unidad_vecinal_id":"unidad_vecinal:UV-112"},"geometry":{"type":"Polygon","coordinates":[[[-63.1562978,-17.7697128],[-63.1553545,-17.7697128],[-63.1553545,-17.7688084],[-63.1562978,-17.7688084],[-63.1562978,-17.7697128]]]}},{"type":"Feature","id":"manzana:UV-112-005","properties":{"id":"manzana:UV-112-005","codigo":"UV-112-005","nombre":"","tipo":"manzana","version_capa":"samples-sinteticas","fuente":"sintético","distrito_id":"distrito_municipal:D03","unidad_vecinal_id":"unidad_vecinal:UV-112"},"geometry":{"type":"Polygon","coordinates":[[[-63.1562978,-17.7685823],[-63.1553545,-17.7685823],[-63.1553545,-17.7676779],[-63.1562978,-17.7676779],[-63.1562978,-17.7685823]]]}},{"type":"Feature","id":"manzana:UV-112-006","properties":{"id":"manzana:UV-112-006","codigo":"UV-112-006","nombre":"","tipo":"manzana","version_capa":"samples-sinteticas","fuente":"sintético","distrito_id":"distrito_municipal:D03","unidad_vecinal_id":"unidad_vecinal:UV-112"},"geometry":{"type":"Polygon","coordinates":[[[-63.1562978,-17.7674518],[-63.1553545,-17.7674518],[-63.1553545,-17.7665475],[-63.1562978,-17.7665475],[-63.1562978,-17.7674518]]]}},{"type":"Feature","id":"manzana:UV-112-007","properties":{"id":"manzana:UV-112-007","codigo":"UV-112-007","nombre":"","tipo":"manzana","version_capa":"samples-sinteticas","fuente":"sintético","distrito_id":"distrito_municipal:D03","unidad_vecinal_id":"unidad_vecinal:UV-112"},"geometry":{"type":"Polygon","coordinates":[[[-63.1562978,-17.7663214],[-63.1553545,-17.7663214],[-63.1553545,-17.765417],[-63.1562978,-17.765417],[-63.1562978,-17.7663214]]]}},{"type":"Feature","id":"manzana:UV-112-008","properties":{"id":"manzana:UV-112-008","codigo":"UV-112-008","nombre":"","tipo":"manzana","version_capa":"samples-sinteticas","fuente":"sintético","distrito_id":"distrito_municipal:D03","unidad_vecinal_id":"unidad_vecinal:UV-112"},"geometry":{"type":"Polygon","coordinates":[[[-63.1562978,-17.7651909],[-63.1553545,-17.7651909],[-63.1553545,-17.7642865],[-63.1562978,-17.7642865],[-63.1562978,-17.7651909]]]}},{"type":"Feature","id":"manzana:UV-112-009","properties":{"id":"manzana:UV-112-009","codigo":"UV-112-009","nombre":"","tipo":"manzana","version_capa":"samples-sinteticas","fuente":"sintético","distrito_id":"distrito_municipal:D03","unidad_vecinal_id":"unidad_vecinal:UV-112"},"geometry":{"type":"Polygon","coordinates":[[[-63.1562978,-17.7640604],[-63.1553545,-17.7640604],[-63.1553545,-17.7631561],[-63.1562978,-17.7631561],[-63.1562978,-17.7640604]]]}},{"type":"Feature","id":"manzana:UV-112-010","properties":{"id":"manzana:UV-112-010","codigo":"UV-112-010","nombre":"","tipo":"manzana","version_capa":"samples-sinteticas","fuente":"sintético","distrito_id":"distrito_municipal:D03","unidad_vecinal_id":"unidad_vecinal:UV-112"},"geometry":{"type":"Polygon","coordinates":[[[-63.1562978,-17.76293],[-63.1553545,-17.76293],[-63.1553545,-17.7620256],[-63.1562978,-17.7620256],[-63.1562978,-17.76293]]]}},{"type":"Feature","id":"manzana:UV-112-011","properties":{"id":"manzana:UV-112-011","codigo":"UV-112-011","nombre":"","tipo":"manzana","version_capa":"samples-sinteticas","fuente":"sintético","distrito_id":"distrito_municipal:D03","unidad_vecinal_id":"unidad_vecinal:UV-112"},"geometry":{"type":"Polygon","coordinates":[[[-63.1562978,-17.7617995],[-63.1553545,-17.7617995],[-63.1553545,-17.7608951],[-63.1562978,-17.7608951],[-63.1562978,-17.7617995]]]}},{"type":"Feature","id":"manzana:UV-112-012","properties":{"id":"manzana:UV-112-012","codigo":"UV-112-012","nombre":"","tipo":"manzana","version_capa":"samples-sinteticas","fuente":"sintético","distrito_id":"distrito_municipal:D03","unidad_vecinal_id":"unidad_vecinal:UV-112"},"geometry":{"type":"Polygon","coordinates":[[[-63.1562978,-17.7606691],[-63.1553545,-17.7606691],[-63.1553545,-17.7597647],[-63.1562978,-17.7597647],[-63.1562978,-17.7606691]]]}},{"type":"Feature","id":"manzana:UV-112-013","properties":{"id":"manzana:UV-112-013","codigo":"UV-112-013","nombre":"","tipo":"manzana","version_capa":"samples-sinteticas","fuente":"sintético","distrito_id":"distrito_municipal:D03","unidad_vecinal_id":"unidad_vecinal:UV-112"},"geometry":{"type":"Polygon","coordinates":[[[-63.1551186,-17.7731042],[-63.1541752,-17.7731042],[-63.1541752,-17.7721998],[-63.1551186,-17.7721998],[-63.1551186,-17.7731042]]]}},{"type":"Feature","id":"manzana:UV-112-014","properties":{"id":"manzana:UV-112-014","codigo":"UV-112-014","nombre":"","tipo":"manzana","version_capa":"samples-sinteticas","fuente":"sintético","distrito_id":"distrito_municipal:D03","unidad_vecinal_id":"unidad_vecinal:UV-112"},"geometry":{"type":"Polygon","coordinates":[[[-63.1551186,-17.7719737],[-63.1541752,-17.7719737],[-63.1541752,-17.7710693],[-63.1551186,-17.7710693],[-63.1551186,-17.7719737]]]}},{"type":"Feature","id":"manzana:UV-112-015","properties":{"id":"manzana:UV-112-015","codigo":"UV-112-015","nombre":"","tipo":"manzana","version_capa":"samples-sinteticas","fuente":"sintético","distrito_id":"distrito_municipal:D03","unidad_vecinal_id":"unidad_vecinal:UV-112"},"geometry":{"type":"Polygon","coordinates":[[[-63.1551186,-17.7708432],[-63.1541752,-17.7708432],[-63.1541752,-17.7699389],[-63.1551186,-17.7699389],[-63.1551186,-17.7708432]]]}},{"type":"Feature","id":"manzana:UV-112-016","properties":{"id":"manzana:UV-112-016","codigo":"UV-112-016","nombre":"","tipo":"manzana","version_capa":"samples-sinteticas","fuente":"sintético","distrito_id":"distrito_municipal:D03","unidad_vecinal_id":"unidad_vecinal:UV-112"},"geometry":{"type":"Polygon","coordinates":[[[-63.1551186,-17.7697128],[-63.1541752,-17.7697128],[-63.1541752,-17.7688084],[-63.1551186,-17.7688084],[-63.1551186,-17.7697128]]]}},{"type":"Feature","id":"manzana:UV-112-017","properties":{"id":"manzana:UV-112-017","codigo":"UV-112-017","nombre":"","tipo":"manzana","version_capa":"samples-sinteticas","fuente":"sintético","distrito_id":"distrito_municipal:D03","unidad_vecinal_id":"unidad_vecinal:UV-112"},"geometry":{"type":"Polygon","coordinates":[[[-63.1551186,-17.7685823],[-63.1541752,-17.7685823],[-63.1541752,-17.7676779],[-63.1551186,-17.7676779],[-63.1551186,-17.7685823]]]}},{"type":"Feature","id":"manzana:UV-112-018","properties":{"id":"manzana:UV-112-018","codigo":"UV-112-018","nombre":"","tipo":"manzana","version_capa":"samples-sinteticas","fuente":"sintético","distrito_id":"distrito_municipal:D03","unidad_vecinal_id":"unidad_vecinal:UV-112"},"geometry":{"type":"Polygon","coordinates":[[[-63.1551186,-17.7674518],[-63.1541752,-17.7674518],[-63.1541752,-17.7665475],[-63.1551186,-17.7665475],[-63.1551186,-17.7674518]]]}},{"type":"Feature","id":"manzana:UV-112-019","properties":{"id":"manzana:UV-112-019","codigo":"UV-112-019","nombre":"","tipo":"manzana","version_capa":"samples-sinteticas","fuente":"sintético","distrito_id":"distrito_municipal:D03","unidad_vecinal_id":"unidad_vecinal:UV-112"},"geometry":{"type":"Polygon","coordinates":[[[-63.1551186,-17.7663214],[-63.1541752,-17.7663214],[-63.1541752,-17.765417],[-63.1551186,-17.765417],[-63.1551186,-17.7663214]]]}},{"type":"Feature","id":"manzana:UV-112-020","properties":{"id":"manzana:UV-112-020","codigo":"UV-112-020","nombre":"","tipo":"manzana","version_capa":"samples-sinteticas","fuente":"sintético","distrito_id":"distrito_municipal:D03","unidad_vecinal_id":"unidad_vecinal:UV-112"},"geometry":{"type":"Polygon","coordinates":[[[-63.1551186,-17.7651909],[-63.1541752,-17.7651909],[-63.1541752,-17.7642865],[-63.1551186,-17.7642865],[-63.1551186,-17.7651909]]]}},{"type":"Feature","id":"manzana:UV-112-021","properties":{"id":"manzana:UV-112-021","codigo":"UV-112-021","nombre":"","tipo":"manzana","version_capa":"samples-sinteticas","fuente":"sintético","distrito_id":"distrito_municipal:D03","unidad_vecinal_id":"unidad_vecinal:UV-112"},"geometry":{"type":"Polygon","coordinates":[[[-63.1551186,-17.7640604],[-63.1541752,-17.7640604],[-63.1541752,-17.7631561],[-63.1551186,-17.7631561],[-63.1551186,-17.7640604]]]}},{"type":"Feature","id":"manzana:UV-112-022","properties":{"id":"manzana:UV-112-022","codigo":"UV-112-022","nombre":"","tipo":"manzana","version_capa":"samples-sinteticas","fuente":"sintético","distrito_id":"distrito_municipal:D03","unidad_vecinal_id":"unidad_vecinal:UV-112"},"geometry":{"type":"Polygon","coordinates":[[[-63.1551186,-17.76293],[-63.1541752,-17.76293],[-63.1541752,-17.7620256],[-63.1551186,-17.7620256],[-63.1551186,-17.76293]]]}},{"type":"Feature","id":"manzana:UV-112-023","properties":{"id":"manzana:UV-112-023","codigo":"UV-112-023","nombre":"","tipo":"manzana","version_capa":"samples-sinteticas","fuente":"sintético","distrito_id":"distrito_municipal:D03","unidad_vecinal_id":"unidad_vecinal:UV-112"},"geometry":{"type":"Polygon","coordinates":[[[-63.1551186,-17.7617995],[-63.1541752,-17.7617995],[-63.1541752,-17.7608951],[-63.1551186,-17.7608951],[-63.1551186,-17.7617995]]]}},{"type":"Feature","id":"manzana:UV-112-024","properties":{"id":"manzana:UV-112-024","codigo":"UV-112-024","nombre":"","tipo":"manzana","version_capa":"samples-sinteticas","fuente":"sintético","distrito_id":"distrito_municipal:D03","unidad_vecinal_id":"unidad_vecinal:UV-112"},"geometry":{"type":"Polygon","coordinates":[[[-63.1551186,-17.7606691],[-63.1541752,-17.7606691],[-63.1541752,-17.7597647],[-63.1551186,-17.7597647],[-63.1551186,-17.7606691]]]}},{"type":"Feature","id":"manzana:UV-112-025","properties":{"id":"manzana:UV-112-025","codigo":"UV-112-025","nombre":"","tipo":"manzana","version_capa":"samples-sinteticas","fuente":"sintético","distrito_id":"distrito_municipal:D03","unidad_vecinal_id":"unidad_vecinal:UV-112"},"geometry":{"type":"Polygon","coordinates":[[[-63.1539394,-17.7731042],[-63.152996,-17.7731042],[-63.152996,-17.7721998],[-63.1539394,-17.7721998],[-63.1539394,-17.7731042]]]}},{"type":"Feature","id":"manzana:UV-112-026","properties":{"id":"manzana:UV-112-026","codigo":"UV-112-026","nombre":"","tipo":"manzana","version_capa":"samples-sinteticas","fuente":"sintético","distrito_id":"distrito_municipal:D03","unidad_vecinal_id":"unidad_vecinal:UV-112"},"geometry":{"type":"Polygon","coordinates":[[[-63.1539394,-17.7719737],[-63.152996,-17.7719737],[-63.152996,-17.7710693],[-63.1539394,-17.7710693],[-63.1539394,-17.7719737]]]}},{"type":"Feature","id":"manzana:UV-112-027","properties":{"id":"manzana:UV-112-027","codigo":"UV-112-027","nombre":"","tipo":"manzana","version_capa":"samples-sinteticas","fuente":"sintético","distrito_id":"distrito_municipal:D03","unidad_vecinal_id":"unidad_vecinal:UV-112"},"geometry":{"type":"Polygon","coordinates":[[[-63.1539394,-17.7708432],[-63.152996,-17.7708432],[-63.152996,-17.7699389],[-63.1539394,-17.7699389],[-63.1539394,-17.7708432]]]}},{"type":"Feature","id":"manzana:UV-112-028","properties":{"id":"manzana:UV-112-028","codigo":"UV-112-028","nombre":"","tipo":"manzana","version_capa":"samples-sinteticas","fuente":"sintético","distrito_id":"distrito_municipal:D03","unidad_vecinal_id":"unidad_vecinal:UV-112"},"geometry":{"type":"Polygon","coordinates":[[[-63.1539394,-17.7697128],[-63.152996,-17.7697128],[-63.152996,-17.7688084],[-63.1539394,-17.7688084],[-63.1539394,-17.7697128]]]}},{"type":"Feature","id":"manzana:UV-112-029","properties":{"id":"manzana:UV-112-029","codigo":"UV-112-029","nombre":"","tipo":"manzana","version_capa":"samples-sinteticas","fuente":"sintético","distrito_id":"distrito_municipal:D03","unidad_vecinal_id":"unidad_vecinal:UV-112"},"geometry":{"type":"Polygon","coordinates":[[[-63.1539394,-17.7685823],[-63.152996,-17.7685823],[-63.152996,-17.7676779],[-63.1539394,-17.7676779],[-63.1539394,-17.7685823]]]}},{"type":"Feature","id":"manzana:UV-112-030","properties":{"id":"manzana:UV-112-030","codigo":"UV-112-030","nombre":"","tipo":"manzana","version_capa":"samples-sinteticas","fuente":"sintético","distrito_id":"distrito_municipal:D03","unidad_vecinal_id":"unidad_vecinal:UV-112"},"geometry":{"type":"Polygon","coordinates":[[[-63.1539394,-17.7674518],[-63.152996,-17.7674518],[-63.152996,-17.7665475],[-63.1539394,-17.7665475],[-63.1539394,-17.7674518]]]}},{"type":"Feature","id":"manzana:UV-112-031","properties":{"id":"manzana:UV-112-031","codigo":"UV-112-031","nombre":"","tipo":"manzana","version_capa":"samples-sinteticas","fuente":"sintético","distrito_id":"distrito_municipal:D03","unidad_vecinal_id":"unidad_vecinal:UV-112"},"geometry":{"type":"Polygon","coordinates":[[[-63.1539394,-17.7663214],[-63.152996,-17.7663214],[-63.152996,-17.765417],[-63.1539394,-17.765417],[-63.1539394,-17.7663214]]]}},{"type":"Feature","id":"manzana:UV-112-032","properties":{"id":"manzana:UV-112-032","codigo":"UV-112-032","nombre":"","tipo":"manzana","version_capa":"samples-sinteticas","fuente":"sintético","distrito_id":"distrito_municipal:D03","unidad_vecinal_id":"unidad_vecinal:UV-112"},"geometry":{"type":"Polygon","coordinates":[[[-63.1539394,-17.7651909],[-63.152996,-17.7651909],[-63.152996,-17.7642865],[-63.1539394,-17.7642865],[-63.1539394,-17.7651909]]]}},{"type":"Feature","id":"manzana:UV-112-033","properties":{"id":"manzana:UV-112-033","codigo":"UV-112-033","nombre":"","tipo":"manzana","version_capa":"samples-sinteticas","fuente":"sintético","distrito_id":"distrito_municipal:D03","unidad_vecinal_id":"unidad_vecinal:UV-112"},"geometry":{"type":"Polygon","coordinates":[[[-63.1539394,-17.7640604],[-63.152996,-17.7640604],[-63.152996,-17.7631561],[-63.1539394,-17.7631561],[-63.1539394,-17.7640604]]]}},{"type":"Feature","id":"manzana:UV-112-034","properties":{"id":"manzana:UV-112-034","codigo":"UV-112-034","nombre":"","tipo":"manzana","version_capa":"samples-sinteticas","fuente":"sintético","distrito_id":"distrito_municipal:D03","unidad_vecinal_id":"unidad_vecinal:UV-112"},"geometry":{"type":"Polygon","coordinates":[[[-63.1539394,-17.76293],[-63.152996,-17.76293],[-63.152996,-17.7620256],[-63.1539394,-17.7620256],[-63.1539394,-17.76293]]]}},{"type":"Feature","id":"manzana:UV-112-035","properties":{"id":"manzana:UV-112-035","codigo":"UV-112-035","nombre":"","tipo":"manzana","version_capa":"samples-sinteticas","fuente":"sintético","distrito_id":"distrito_municipal:D03","unidad_vecinal_id":"unidad_vecinal:UV-112"},"geometry":{"type":"Polygon","coordinates":[[[-63.1539394,-17.7617995],[-63.152996,-17.7617995],[-63.152996,-17.7608951],[-63.1539394,-17.7608951],[-63.1539394,-17.7617995]]]}},{"type":"Feature","id":"manzana:UV-112-036","properties":{"id":"manzana:UV-112-036","codigo":"UV-112-036","nombre":"","tipo":"manzana","version_capa":"samples-sinteticas","fuente":"sintético","distrito_id":"distrito_municipal:D03","unidad_vecinal_id":"unidad_vecinal:UV-112"},"geometry":{"type":"Polygon","coordinates":[[[-63.1539394,-17.7606691],[-63.152996,-17.7606691],[-63.152996,-17.7597647],[-63.1539394,-17.7597647],[-63.1539394,-17.7606691]]]}},{"type":"Feature","id":"manzana:UV-112-037","properties":{"id":"manzana:UV-112-037","codigo":"UV-112-037","nombre":"","tipo":"manzana","version_capa":"samples-sinteticas","fuente":"sintético","distrito_id":"distrito_municipal:D03","unidad_vecinal_id":"unidad_vecinal:UV-112"},"geometry":{"type":"Polygon","coordinates":[[[-63.1527602,-17.7731042],[-63.1518168,-17.7731042],[-63.1518168,-17.7721998],[-63.1527602,-17.7721998],[-63.1527602,-17.7731042]]]}},{"type":"Feature","id":"manzana:UV-112-038","properties":{"id":"manzana:UV-112-038","codigo":"UV-112-038","nombre":"","tipo":"manzana","version_capa":"samples-sinteticas","fuente":"sintético","distrito_id":"distrito_municipal:D03","unidad_vecinal_id":"unidad_vecinal:UV-112"},"geometry":{"type":"Polygon","coordinates":[[[-63.1527602,-17.7719737],[-63.1518168,-17.7719737],[-63.1518168,-17.7710693],[-63.1527602,-17.7710693],[-63.1527602,-17.7719737]]]}},{"type":"Feature","id":"manzana:UV-112-039","properties":{"id":"manzana:UV-112-039","codigo":"UV-112-039","nombre":"","tipo":"manzana","version_capa":"samples-sinteticas","fuente":"sintético","distrito_id":"distrito_municipal:D03","unidad_vecinal_id":"unidad_vecinal:UV-112"},"geometry":{"type":"Polygon","coordinates":[[[-63.1527602,-17.7708432],[-63.1518168,-17.7708432],[-63.1518168,-17.7699389],[-63.1527602,-17.7699389],[-63.1527602,-17.7708432]]]}},{"type":"Feature","id":"manzana:UV-112-040","properties":{"id":"manzana:UV-112-040","codigo":"UV-112-040","nombre":"","tipo":"manzana","version_capa":"samples-sinteticas","fuente":"sintético","distrito_id":"distrito_municipal:D03","unidad_vecinal_id":"unidad_vecinal:UV-112"},"geometry":{"type":"Polygon","coordinates":[[[-63.1527602,-17.7697128],[-63.1518168,-17.7697128],[-63.1518168,-17.7688084],[-63.1527602,-17.7688084],[-63.1527602,-17.7697128]]]}},{"type":"Feature","id":"manzana:UV-112-041","properties":{"id":"manzana:UV-112-041","codigo":"UV-112-041","nombre":"","tipo":"manzana","version_capa":"samples-sinteticas","fuente":"sintético","distrito_id":"distrito_municipal:D03","unidad_vecinal_id":"unidad_vecinal:UV-112"},"geometry":{"type":"Polygon","coordinates":[[[-63.1527602,-17.7685823],[-63.1518168,-17.7685823],[-63.1518168,-17.7676779],[-63.1527602,-17.7676779],[-63.1527602,-17.7685823]]]}},{"type":"Feature","id":"manzana:UV-112-042","properties":{"id":"manzana:UV-112-042","codigo":"UV-112-042","nombre":"","tipo":"manzana","version_capa":"samples-sinteticas","fuente":"sintético","distrito_id":"distrito_municipal:D03","unidad_vecinal_id":"unidad_vecinal:UV-112"},"geometry":{"type":"Polygon","coordinates":[[[-63.1527602,-17.7674518],[-63.1518168,-17.7674518],[-63.1518168,-17.7665475],[-63.1527602,-17.7665475],[-63.1527602,-17.7674518]]]}},{"type":"Feature","id":"manzana:UV-112-043","properties":{"id":"manzana:UV-112-043","codigo":"UV-112-043","nombre":"","tipo":"manzana","version_capa":"samples-sinteticas","fuente":"sintético","distrito_id":"distrito_municipal:D03","unidad_vecinal_id":"unidad_vecinal:UV-112"},"geometry":{"type":"Polygon","coordinates":[[[-63.1527602,-17.7663214],[-63.1518168,-17.7663214],[-63.1518168,-17.765417],[-63.1527602,-17.765417],[-63.1527602,-17.7663214]]]}},{"type":"Feature","id":"manzana:UV-112-044","properties":{"id":"manzana:UV-112-044","codigo":"UV-112-044","nombre":"","tipo":"manzana","version_capa":"samples-sinteticas","fuente":"sintético","distrito_id":"distrito_municipal:D03","unidad_vecinal_id":"unidad_vecinal:UV-112"},"geometry":{"type":"Polygon","coordinates":[[[-63.1527602,-17.7651909],[-63.1518168,-17.7651909],[-63.1518168,-17.7642865],[-63.1527602,-17.7642865],[-63.1527602,-17.7651909]]]}},{"type":"Feature","id":"manzana:UV-112-045","properties":{"id":"manzana:UV-112-045","codigo":"UV-112-045","nombre":"","tipo":"manzana","version_capa":"samples-sinteticas","fuente":"sintético","distrito_id":"distrito_municipal:D03","unidad_vecinal_id":"unidad_vecinal:UV-112"},"geometry":{"type":"Polygon","coordinates":[[[-63.1527602,-17.7640604],[-63.1518168,-17.7640604],[-63.1518168,-17.7631561],[-63.1527602,-17.7631561],[-63.1527602,-17.7640604]]]}},{"type":"Feature","id":"manzana:UV-112-046","properties":{"id":"manzana:UV-112-046","codigo":"UV-112-046","nombre":"","tipo":"manzana","version_capa":"samples-sinteticas","fuente":"sintético","distrito_id":"distrito_municipal:D03","unidad_vecinal_id":"unidad_vecinal:UV-112"},"geometry":{"type":"Polygon","coordinates":[[[-63.1527602,-17.76293],[-63.1518168,-17.76293],[-63.1518168,-17.7620256],[-63.1527602,-17.7620256],[-63.1527602,-17.76293]]]}},{"type":"Feature","id":"manzana:UV-112-047","properties":{"id":"manzana:UV-112-047","codigo":"UV-112-047","nombre":"","tipo":"manzana","version_capa":"samples-sinteticas","fuente":"sintético","distrito_id":"distrito_municipal:D03","unidad_vecinal_id":"unidad_vecinal:UV-112"},"geometry":{"type":"Polygon","coordinates":[[[-63.1527602,-17.7617995],[-63.1518168,-17.7617995],[-63.1518168,-17.7608951],[-63.1527602,-17.7608951],[-63.1527602,-17.7617995]]]}},{"type":"Feature","id":"manzana:UV-112-048","properties":{"id":"manzana:UV-112-048","codigo":"UV-112-048","nombre":"","tipo":"manzana","version_capa":"samples-sinteticas","fuente":"sintético","distrito_id":"distrito_municipal:D03","unidad_vecinal_id":"unidad_vecinal:UV-112"},"geometry":{"type":"Polygon","coordinates":[[[-63.1527602,-17.7606691],[-63.1518168,-17.7606691],[-63.1518168,-17.7597647],[-63.1527602,-17.7597647],[-63.1527602,-17.7606691]]]}},{"type":"Feature","id":"manzana:UV-112-049","properties":{"id":"manzana:UV-112-049","codigo":"UV-112-049","nombre":"","tipo":"manzana","version_capa":"samples-sinteticas","fuente":"sintético","distrito_id":"distrito_municipal:D03","unidad_vecinal_id":"unidad_vecinal:UV-112"},"geometry":{"type":"Polygon","coordinates":[[[-63.151581,-17.7731042],[-63.1506376,-17.7731042],[-63.1506376,-17.7721998],[-63.151581,-17.7721998],[-63.151581,-17.7731042]]]}},{"type":"Feature","id":"manzana:UV-112-050","properties":{"id":"manzana:UV-112-050","codigo":"UV-112-050","nombre":"","tipo":"manzana","version_capa":"samples-sinteticas","fuente":"sintético","distrito_id":"distrito_municipal:D03","unidad_vecinal_id":"unidad_vecinal:UV-112"},"geometry":{"type":"Polygon","coordinates":[[[-63.151581,-17.7719737],[-63.1506376,-17.7719737],[-63.1506376,-17.7710693],[-63.151581,-17.7710693],[-63.151581,-17.7719737]]]}},{"type":"Feature","id":"manzana:UV-112-051","properties":{"id":"manzana:UV-112-051","codigo":"UV-112-051","nombre":"","tipo":"manzana","version_capa":"samples-sinteticas","fuente":"sintético","distrito_id":"distrito_municipal:D03","unidad_vecinal_id":"unidad_vecinal:UV-112"},"geometry":{"type":"Polygon","coordinates":[[[-63.151581,-17.7708432],[-63.1506376,-17.7708432],[-63.1506376,-17.7699389],[-63.151581,-17.7699389],[-63.151581,-17.7708432]]]}},{"type":"Feature","id":"manzana:UV-112-052","properties":{"id":"manzana:UV-112-052","codigo":"UV-112-052","nombre":"","tipo":"manzana","version_capa":"samples-sinteticas","fuente":"sintético","distrito_id":"distrito_municipal:D03","unidad_vecinal_id":"unidad_vecinal:UV-112"},"geometry":{"type":"Polygon","coordinates":[[[-63.151581,-17.7697128],[-63.1506376,-17.7697128],[-63.1506376,-17.7688084],[-63.151581,-17.7688084],[-63.151581,-17.7697128]]]}},{"type":"Feature","id":"manzana:UV-112-053","properties":{"id":"manzana:UV-112-053","codigo":"UV-112-053","nombre":"","tipo":"manzana","version_capa":"samples-sinteticas","fuente":"sintético","distrito_id":"distrito_municipal:D03","unidad_vecinal_id":"unidad_vecinal:UV-112"},"geometry":{"type":"Polygon","coordinates":[[[-63.151581,-17.7685823],[-63.1506376,-17.7685823],[-63.1506376,-17.7676779],[-63.151581,-17.7676779],[-63.151581,-17.7685823]]]}},{"type":"Feature","id":"manzana:UV-112-054","properties":{"id":"manzana:UV-112-054","codigo":"UV-112-054","nombre":"","tipo":"manzana","version_capa":"samples-sinteticas","fuente":"sintético","distrito_id":"distrito_municipal:D03","unidad_vecinal_id":"unidad_vecinal:UV-112"},"geometry":{"type":"Polygon","coordinates":[[[-63.151581,-17.7674518],[-63.1506376,-17.7674518],[-63.1506376,-17.7665475],[-63.151581,-17.7665475],[-63.151581,-17.7674518]]]}},{"type":"Feature","id":"manzana:UV-112-055","properties":{"id":"manzana:UV-112-055","codigo":"UV-112-055","nombre":"","tipo":"manzana","version_capa":"samples-sinteticas","fuente":"sintético","distrito_id":"distrito_municipal:D03","unidad_vecinal_id":"unidad_vecinal:UV-112"},"geometry":{"type":"Polygon","coordinates":[[[-63.151581,-17.7663214],[-63.1506376,-17.7663214],[-63.1506376,-17.765417],[-63.151581,-17.765417],[-63.151581,-17.7663214]]]}},{"type":"Feature","id":"manzana:UV-112-056","properties":{"id":"manzana:UV-112-056","codigo":"UV-112-056","nombre":"","tipo":"manzana","version_capa":"samples-sinteticas","fuente":"sintético","distrito_id":"distrito_municipal:D03","unidad_vecinal_id":"unidad_vecinal:UV-112"},"geometry":{"type":"Polygon","coordinates":[[[-63.151581,-17.7651909],[-63.1506376,-17.7651909],[-63.1506376,-17.7642865],[-63.151581,-17.7642865],[-63.151581,-17.7651909]]]}},{"type":"Feature","id":"manzana:UV-112-057","properties":{"id":"manzana:UV-112-057","codigo":"UV-112-057","nombre":"","tipo":"manzana","version_capa":"samples-sinteticas","fuente":"sintético","distrito_id":"distrito_municipal:D03","unidad_vecinal_id":"unidad_vecinal:UV-112"},"geometry":{"type":"Polygon","coordinates":[[[-63.151581,-17.7640604],[-63.1506376,-17.7640604],[-63.1506376,-17.7631561],[-63.151581,-17.7631561],[-63.151581,-17.7640604]]]}},{"type":"Feature","id":"manzana:UV-112-058","properties":{"id":"manzana:UV-112-058","codigo":"UV-112-058","nombre":"","tipo":"manzana","version_capa":"samples-sinteticas","fuente":"sintético","distrito_id":"distrito_municipal:D03","unidad_vecinal_id":"unidad_vecinal:UV-112"},"geometry":{"type":"Polygon","coordinates":[[[-63.151581,-17.76293],[-63.1506376,-17.76293],[-63.1506376,-17.7620256],[-63.151581,-17.7620256],[-63.151581,-17.76293]]]}},{"type":"Feature","id":"manzana:UV-112-059","properties":{"id":"manzana:UV-112-059","codigo":"UV-112-059","nombre":"","tipo":"manzana","version_capa":"samples-sinteticas","fuente":"sintético","distrito_id":"distrito_municipal:D03","unidad_vecinal_id":"unidad_vecinal:UV-112"},"geometry":{"type":"Polygon","coordinates":[[[-63.151581,-17.7617995],[-63.1506376,-17.7617995],[-63.1506376,-17.7608951],[-63.151581,-17.7608951],[-63.151581,-17.7617995]]]}},{"type":"Feature","id":"manzana:UV-112-060","properties":{"id":"manzana:UV-112-060","codigo":"UV-112-060","nombre":"","tipo":"manzana","version_capa":"samples-sinteticas","fuente":"sintético","distrito_id":"distrito_municipal:D03","unidad_vecinal_id":"unidad_vecinal:UV-112"},"geometry":{"type":"Polygon","coordinates":[[[-63.151581,-17.7606691],[-63.1506376,-17.7606691],[-63.1506376,-17.7597647],[-63.151581,-17.7597647],[-63.151581,-17.7606691]]]}},{"type":"Feature","id":"manzana:UV-112-061","properties":{"id":"manzana:UV-112-061","codigo":"UV-112-061","nombre":"","tipo":"manzana","version_capa":"samples-sinteticas","fuente":"sintético","distrito_id":"distrito_municipal:D03","unidad_vecinal_id":"unidad_vecinal:UV-112"},"geometry":{"type":"Polygon","coordinates":[[[-63.1504018,-17.7731042],[-63.1494584,-17.7731042],[-63.1494584,-17.7721998],[-63.1504018,-17.7721998],[-63.1504018,-17.7731042]]]}},{"type":"Feature","id":"manzana:UV-112-062","properties":{"id":"manzana:UV-112-062","codigo":"UV-112-062","nombre":"","tipo":"manzana","version_capa":"samples-sinteticas","fuente":"sintético","distrito_id":"distrito_municipal:D03","unidad_vecinal_id":"unidad_vecinal:UV-112"},"geometry":{"type":"Polygon","coordinates":[[[-63.1504018,-17.7719737],[-63.1494584,-17.7719737],[-63.1494584,-17.7710693],[-63.1504018,-17.7710693],[-63.1504018,-17.7719737]]]}},{"type":"Feature","id":"manzana:UV-112-063","properties":{"id":"manzana:UV-112-063","codigo":"UV-112-063","nombre":"","tipo":"manzana","version_capa":"samples-sinteticas","fuente":"sintético","distrito_id":"distrito_municipal:D03","unidad_vecinal_id":"unidad_vecinal:UV-112"},"geometry":{"type":"Polygon","coordinates":[[[-63.1504018,-17.7708432],[-63.1494584,-17.7708432],[-63.1494584,-17.7699389],[-63.1504018,-17.7699389],[-63.1504018,-17.7708432]]]}},{"type":"Feature","id":"manzana:UV-112-064","properties":{"id":"manzana:UV-112-064","codigo":"UV-112-064","nombre":"","tipo":"manzana","version_capa":"samples-sinteticas","fuente":"sintético","distrito_id":"distrito_municipal:D03","unidad_vecinal_id":"unidad_vecinal:UV-112"},"geometry":{"type":"Polygon","coordinates":[[[-63.1504018,-17.7697128],[-63.1494584,-17.7697128],[-63.1494584,-17.7688084],[-63.1504018,-17.7688084],[-63.1504018,-17.7697128]]]}},{"type":"Feature","id":"manzana:UV-112-065","properties":{"id":"manzana:UV-112-065","codigo":"UV-112-065","nombre":"","tipo":"manzana","version_capa":"samples-sinteticas","fuente":"sintético","distrito_id":"distrito_municipal:D03","unidad_vecinal_id":"unidad_vecinal:UV-112"},"geometry":{"type":"Polygon","coordinates":[[[-63.1504018,-17.7685823],[-63.1494584,-17.7685823],[-63.1494584,-17.7676779],[-63.1504018,-17.7676779],[-63.1504018,-17.7685823]]]}},{"type":"Feature","id":"manzana:UV-112-066","properties":{"id":"manzana:UV-112-066","codigo":"UV-112-066","nombre":"","tipo":"manzana","version_capa":"samples-sinteticas","fuente":"sintético","distrito_id":"distrito_municipal:D03","unidad_vecinal_id":"unidad_vecinal:UV-112"},"geometry":{"type":"Polygon","coordinates":[[[-63.1504018,-17.7674518],[-63.1494584,-17.7674518],[-63.1494584,-17.7665475],[-63.1504018,-17.7665475],[-63.1504018,-17.7674518]]]}},{"type":"Feature","id":"manzana:UV-112-067","properties":{"id":"manzana:UV-112-067","codigo":"UV-112-067","nombre":"","tipo":"manzana","version_capa":"samples-sinteticas","fuente":"sintético","distrito_id":"distrito_municipal:D03","unidad_vecinal_id":"unidad_vecinal:UV-112"},"geometry":{"type":"Polygon","coordinates":[[[-63.1504018,-17.7663214],[-63.1494584,-17.7663214],[-63.1494584,-17.765417],[-63.1504018,-17.765417],[-63.1504018,-17.7663214]]]}},{"type":"Feature","id":"manzana:UV-112-068","properties":{"id":"manzana:UV-112-068","codigo":"UV-112-068","nombre":"","tipo":"manzana","version_capa":"samples-sinteticas","fuente":"sintético","distrito_id":"distrito_municipal:D03","unidad_vecinal_id":"unidad_vecinal:UV-112"},"geometry":{"type":"Polygon","coordinates":[[[-63.1504018,-17.7651909],[-63.1494584,-17.7651909],[-63.1494584,-17.7642865],[-63.1504018,-17.7642865],[-63.1504018,-17.7651909]]]}},{"type":"Feature","id":"manzana:UV-112-069","properties":{"id":"manzana:UV-112-069","codigo":"UV-112-069","nombre":"","tipo":"manzana","version_capa":"samples-sinteticas","fuente":"sintético","distrito_id":"distrito_municipal:D03","unidad_vecinal_id":"unidad_vecinal:UV-112"},"geometry":{"type":"Polygon","coordinates":[[[-63.1504018,-17.7640604],[-63.1494584,-17.7640604],[-63.1494584,-17.7631561],[-63.1504018,-17.7631561],[-63.1504018,-17.7640604]]]}},{"type":"Feature","id":"manzana:UV-112-070","properties":{"id":"manzana:UV-112-070","codigo":"UV-112-070","nombre":"","tipo":"manzana","version_capa":"samples-sinteticas","fuente":"sintético","distrito_id":"distrito_municipal:D03","unidad_vecinal_id":"unidad_vecinal:UV-112"},"geometry":{"type":"Polygon","coordinates":[[[-63.1504018,-17.76293],[-63.1494584,-17.76293],[-63.1494584,-17.7620256],[-63.1504018,-17.7620256],[-63.1504018,-17.76293]]]}},{"type":"Feature","id":"manzana:UV-112-071","properties":{"id":"manzana:UV-112-071","codigo":"UV-112-071","nombre":"","tipo":"manzana","version_capa":"samples-sinteticas","fuente":"sintético","distrito_id":"distrito_municipal:D03","unidad_vecinal_id":"unidad_vecinal:UV-112"},"geometry":{"type":"Polygon","coordinates":[[[-63.1504018,-17.7617995],[-63.1494584,-17.7617995],[-63.1494584,-17.7608951],[-63.1504018,-17.7608951],[-63.1504018,-17.7617995]]]}},{"type":"Feature","id":"manzana:UV-112-072","properties":{"id":"manzana:UV-112-072","codigo":"UV-112-072","nombre":"","tipo":"manzana","version_capa":"samples-sinteticas","fuente":"sintético","distrito_id":"distrito_municipal:D03","unidad_vecinal_id":"unidad_vecinal:UV-112"},"geometry":{"type":"Polygon","coordinates":[[[-63.1504018,-17.7606691],[-63.1494584,-17.7606691],[-63.1494584,-17.7597647],[-63.1504018,-17.7597647],[-63.1504018,-17.7606691]]]}},{"type":"Feature","id":"manzana:UV-112-073","properties":{"id":"manzana:UV-112-073","codigo":"UV-112-073","nombre":"","tipo":"manzana","version_capa":"samples-sinteticas","fuente":"sintético","distrito_id":"distrito_municipal:D03","unidad_vecinal_id":"unidad_vecinal:UV-112"},"geometry":{"type":"Polygon","coordinates":[[[-63.1492225,-17.7731042],[-63.1482792,-17.7731042],[-63.1482792,-17.7721998],[-63.1492225,-17.7721998],[-63.1492225,-17.7731042]]]}},{"type":"Feature","id":"manzana:UV-112-074","properties":{"id":"manzana:UV-112-074","codigo":"UV-112-074","nombre":"","tipo":"manzana","version_capa":"samples-sinteticas","fuente":"sintético","distrito_id":"distrito_municipal:D03","unidad_vecinal_id":"unidad_vecinal:UV-112"},"geometry":{"type":"Polygon","coordinates":[[[-63.1492225,-17.7719737],[-63.1482792,-17.7719737],[-63.1482792,-17.7710693],[-63.1492225,-17.7710693],[-63.1492225,-17.7719737]]]}},{"type":"Feature","id":"manzana:UV-112-075","properties":{"id":"manzana:UV-112-075","codigo":"UV-112-075","nombre":"","tipo":"manzana","version_capa":"samples-sinteticas","fuente":"sintético","distrito_id":"distrito_municipal:D03","unidad_vecinal_id":"unidad_vecinal:UV-112"},"geometry":{"type":"Polygon","coordinates":[[[-63.1492225,-17.7708432],[-63.1482792,-17.7708432],[-63.1482792,-17.7699389],[-63.1492225,-17.7699389],[-63.1492225,-17.7708432]]]}},{"type":"Feature","id":"manzana:UV-112-076","properties":{"id":"manzana:UV-112-076","codigo":"UV-112-076","nombre":"","tipo":"manzana","version_capa":"samples-sinteticas","fuente":"sintético","distrito_id":"distrito_municipal:D03","unidad_vecinal_id":"unidad_vecinal:UV-112"},"geometry":{"type":"Polygon","coordinates":[[[-63.1492225,-17.7697128],[-63.1482792,-17.7697128],[-63.1482792,-17.7688084],[-63.1492225,-17.7688084],[-63.1492225,-17.7697128]]]}},{"type":"Feature","id":"manzana:UV-112-077","properties":{"id":"manzana:UV-112-077","codigo":"UV-112-077","nombre":"","tipo":"manzana","version_capa":"samples-sinteticas","fuente":"sintético","distrito_id":"distrito_municipal:D03","unidad_vecinal_id":"unidad_vecinal:UV-112"},"geometry":{"type":"Polygon","coordinates":[[[-63.1492225,-17.7685823],[-63.1482792,-17.7685823],[-63.1482792,-17.7676779],[-63.1492225,-17.7676779],[-63.1492225,-17.7685823]]]}},{"type":"Feature","id":"manzana:UV-112-078","properties":{"id":"manzana:UV-112-078","codigo":"UV-112-078","nombre":"","tipo":"manzana","version_capa":"samples-sinteticas","fuente":"sintético","distrito_id":"distrito_municipal:D03","unidad_vecinal_id":"unidad_vecinal:UV-112"},"geometry":{"type":"Polygon","coordinates":[[[-63.1492225,-17.7674518],[-63.1482792,-17.7674518],[-63.1482792,-17.7665475],[-63.1492225,-17.7665475],[-63.1492225,-17.7674518]]]}},{"type":"Feature","id":"manzana:UV-112-079","properties":{"id":"manzana:UV-112-079","codigo":"UV-112-079","nombre":"","tipo":"manzana","version_capa":"samples-sinteticas","fuente":"sintético","distrito_id":"distrito_municipal:D03","unidad_vecinal_id":"unidad_vecinal:UV-112"},"geometry":{"type":"Polygon","coordinates":[[[-63.1492225,-17.7663214],[-63.1482792,-17.7663214],[-63.1482792,-17.765417],[-63.1492225,-17.765417],[-63.1492225,-17.7663214]]]}},{"type":"Feature","id":"manzana:UV-112-080","properties":{"id":"manzana:UV-112-080","codigo":"UV-112-080","nombre":"","tipo":"manzana","version_capa":"samples-sinteticas","fuente":"sintético","distrito_id":"distrito_municipal:D03","unidad_vecinal_id":"unidad_vecinal:UV-112"},"geometry":{"type":"Polygon","coordinates":[[[-63.1492225,-17.7651909],[-63.1482792,-17.7651909],[-63.1482792,-17.7642865],[-63.1492225,-17.7642865],[-63.1492225,-17.7651909]]]}},{"type":"Feature","id":"manzana:UV-112-081","properties":{"id":"manzana:UV-112-081","codigo":"UV-112-081","nombre":"","tipo":"manzana","version_capa":"samples-sinteticas","fuente":"sintético","distrito_id":"distrito_municipal:D03","unidad_vecinal_id":"unidad_vecinal:UV-112"},"geometry":{"type":"Polygon","coordinates":[[[-63.1492225,-17.7640604],[-63.1482792,-17.7640604],[-63.1482792,-17.7631561],[-63.1492225,-17.7631561],[-63.1492225,-17.7640604]]]}},{"type":"Feature","id":"manzana:UV-112-082","properties":{"id":"manzana:UV-112-082","codigo":"UV-112-082","nombre":"","tipo":"manzana","version_capa":"samples-sinteticas","fuente":"sintético","distrito_id":"distrito_municipal:D03","unidad_vecinal_id":"unidad_vecinal:UV-112"},"geometry":{"type":"Polygon","coordinates":[[[-63.1492225,-17.76293],[-63.1482792,-17.76293],[-63.1482792,-17.7620256],[-63.1492225,-17.7620256],[-63.1492225,-17.76293]]]}},{"type":"Feature","id":"manzana:UV-112-083","properties":{"id":"manzana:UV-112-083","codigo":"UV-112-083","nombre":"","tipo":"manzana","version_capa":"samples-sinteticas","fuente":"sintético","distrito_id":"distrito_municipal:D03","unidad_vecinal_id":"unidad_vecinal:UV-112"},"geometry":{"type":"Polygon","coordinates":[[[-63.1492225,-17.7617995],[-63.1482792,-17.7617995],[-63.1482792,-17.7608951],[-63.1492225,-17.7608951],[-63.1492225,-17.7617995]]]}},{"type":"Feature","id":"manzana:UV-112-084","properties":{"id":"manzana:UV-112-084","codigo":"UV-112-084","nombre":"","tipo":"manzana","version_capa":"samples-sinteticas","fuente":"sintético","distrito_id":"distrito_municipal:D03","unidad_vecinal_id":"unidad_vecinal:UV-112"},"geometry":{"type":"Polygon","coordinates":[[[-63.1492225,-17.7606691],[-63.1482792,-17.7606691],[-63.1482792,-17.7597647],[-63.1492225,-17.7597647],[-63.1492225,-17.7606691]]]}},{"type":"Feature","id":"manzana:UV-112-085","properties":{"id":"manzana:UV-112-085","codigo":"UV-112-085","nombre":"","tipo":"manzana","version_capa":"samples-sinteticas","fuente":"sintético","distrito_id":"distrito_municipal:D03","unidad_vecinal_id":"unidad_vecinal:UV-112"},"geometry":{"type":"Polygon","coordinates":[[[-63.1480433,-17.7731042],[-63.1471,-17.7731042],[-63.1471,-17.7721998],[-63.1480433,-17.7721998],[-63.1480433,-17.7731042]]]}},{"type":"Feature","id":"manzana:UV-112-086","properties":{"id":"manzana:UV-112-086","codigo":"UV-112-086","nombre":"","tipo":"manzana","version_capa":"samples-sinteticas","fuente":"sintético","distrito_id":"distrito_municipal:D03","unidad_vecinal_id":"unidad_vecinal:UV-112"},"geometry":{"type":"Polygon","coordinates":[[[-63.1480433,-17.7719737],[-63.1471,-17.7719737],[-63.1471,-17.7710693],[-63.1480433,-17.7710693],[-63.1480433,-17.7719737]]]}},{"type":"Feature","id":"manzana:UV-112-087","properties":{"id":"manzana:UV-112-087","codigo":"UV-112-087","nombre":"","tipo":"manzana","version_capa":"samples-sinteticas","fuente":"sintético","distrito_id":"distrito_municipal:D03","unidad_vecinal_id":"unidad_vecinal:UV-112"},"geometry":{"type":"Polygon","coordinates":[[[-63.1480433,-17.7708432],[-63.1471,-17.7708432],[-63.1471,-17.7699389],[-63.1480433,-17.7699389],[-63.1480433,-17.7708432]]]}},{"type":"Feature","id":"manzana:UV-112-088","properties":{"id":"manzana:UV-112-088","codigo":"UV-112-088","nombre":"","tipo":"manzana","version_capa":"samples-sinteticas","fuente":"sintético","distrito_id":"distrito_municipal:D03","unidad_vecinal_id":"unidad_vecinal:UV-112"},"geometry":{"type":"Polygon","coordinates":[[[-63.1480433,-17.7697128],[-63.1471,-17.7697128],[-63.1471,-17.7688084],[-63.1480433,-17.7688084],[-63.1480433,-17.7697128]]]}},{"type":"Feature","id":"manzana:UV-112-089","properties":{"id":"manzana:UV-112-089","codigo":"UV-112-089","nombre":"","tipo":"manzana","version_capa":"samples-sinteticas","fuente":"sintético","distrito_id":"distrito_municipal:D03","unidad_vecinal_id":"unidad_vecinal:UV-112"},"geometry":{"type":"Polygon","coordinates":[[[-63.1480433,-17.7685823],[-63.1471,-17.7685823],[-63.1471,-17.7676779],[-63.1480433,-17.7676779],[-63.1480433,-17.7685823]]]}},{"type":"Feature","id":"manzana:UV-112-090","properties":{"id":"manzana:UV-112-090","codigo":"UV-112-090","nombre":"","tipo":"manzana","version_capa":"samples-sinteticas","fuente":"sintético","distrito_id":"distrito_municipal:D03","unidad_vecinal_id":"unidad_vecinal:UV-112"},"geometry":{"type":"Polygon","coordinates":[[[-63.1480433,-17.7674518],[-63.1471,-17.7674518],[-63.1471,-17.7665475],[-63.1480433,-17.7665475],[-63.1480433,-17.7674518]]]}},{"type":"Feature","id":"manzana:UV-112-091","properties":{"id":"manzana:UV-112-091","codigo":"UV-112-091","nombre":"","tipo":"manzana","version_capa":"samples-sinteticas","fuente":"sintético","distrito_id":"distrito_municipal:D03","unidad_vecinal_id":"unidad_vecinal:UV-112"},"geometry":{"type":"Polygon","coordinates":[[[-63.1480433,-17.7663214],[-63.1471,-17.7663214],[-63.1471,-17.765417],[-63.1480433,-17.765417],[-63.1480433,-17.7663214]]]}},{"type":"Feature","id":"manzana:UV-112-092","properties":{"id":"manzana:UV-112-092","codigo":"UV-112-092","nombre":"","tipo":"manzana","version_capa":"samples-sinteticas","fuente":"sintético","distrito_id":"distrito_municipal:D03","unidad_vecinal_id":"unidad_vecinal:UV-112"},"geometry":{"type":"Polygon","coordinates":[[[-63.1480433,-17.7651909],[-63.1471,-17.7651909],[-63.1471,-17.7642865],[-63.1480433,-17.7642865],[-63.1480433,-17.7651909]]]}},{"type":"Feature","id":"manzana:UV-112-093","properties":{"id":"manzana:UV-112-093","codigo":"UV-112-093","nombre":"","tipo":"manzana","version_capa":"samples-sinteticas","fuente":"sintético","distrito_id":"distrito_municipal:D03","unidad_vecinal_id":"unidad_vecinal:UV-112"},"geometry":{"type":"Polygon","coordinates":[[[-63.1480433,-17.7640604],[-63.1471,-17.7640604],[-63.1471,-17.7631561],[-63.1480433,-17.7631561],[-63.1480433,-17.7640604]]]}},{"type":"Feature","id":"manzana:UV-112-094","properties":{"id":"manzana:UV-112-094","codigo":"UV-112-094","nombre":"","tipo":"manzana","version_capa":"samples-sinteticas","fuente":"sintético","distrito_id":"distrito_municipal:D03","unidad_vecinal_id":"unidad_vecinal:UV-112"},"geometry":{"type":"Polygon","coordinates":[[[-63.1480433,-17.76293],[-63.1471,-17.76293],[-63.1471,-17.7620256],[-63.1480433,-17.7620256],[-63.1480433,-17.76293]]]}},{"type":"Feature","id":"manzana:UV-112-095","properties":{"id":"manzana:UV-112-095","codigo":"UV-112-095","nombre":"","tipo":"manzana","version_capa":"samples-sinteticas","fuente":"sintético","distrito_id":"distrito_municipal:D03","unidad_vecinal_id":"unidad_vecinal:UV-112"},"geometry":{"type":"Polygon","coordinates":[[[-63.1480433,-17.7617995],[-63.1471,-17.7617995],[-63.1471,-17.7608951],[-63.1480433,-17.7608951],[-63.1480433,-17.7617995]]]}},{"type":"Feature","id":"manzana:UV-112-096","properties":{"id":"manzana:UV-112-096","codigo":"UV-112-096","nombre":"","tipo":"manzana","version_capa":"samples-sinteticas","fuente":"sintético","distrito_id":"distrito_municipal:D03","unidad_vecinal_id":"unidad_vecinal:UV-112"},"geometry":{"type":"Polygon","coordinates":[[[-63.1480433,-17.7606691],[-63.1471,-17.7606691],[-63.1471,-17.7597647],[-63.1480433,-17.7597647],[-63.1480433,-17.7606691]]]}}]}
